shot_id,t_s,x_mm,y_mm,z_mm
shot_0000,1377.8711,225.27,-1469.13,392.7
shot_0000,1377.8872,223.42,-1398.37,421.55
shot_0000,1377.8952,224.88,-1361.46,435.55
shot_0000,1377.9033,224.53,-1319.28,451.87
shot_0000,1377.9113,224.77,-1289.24,462.07
shot_0000,1377.9194,225.82,-1248.87,476.21
shot_0000,1377.9274,224.56,-1211.24,487.14
shot_0000,1377.9354,226.27,-1177.28,496.1
shot_0000,1377.9435,225.17,-1137.14,509.09
shot_0000,1377.9515,223.49,-1104.63,514.92
shot_0000,1377.9596,224.83,-1068.71,525.0
shot_0000,1377.9676,223.69,-1034.8,530.34
shot_0000,1377.9756,223.43,-1000.6,536.17
shot_0000,1377.9837,222.67,-965.25,544.38
shot_0000,1377.9917,221.21,-931.48,548.67
shot_0000,1377.9998,221.3,-896.96,552.07
shot_0000,1378.0078,220.81,-864.7,553.4
shot_0000,1378.0158,219.98,-828.89,558.23
shot_0000,1378.0239,219.51,-797.37,554.73
shot_0000,1378.0319,217.91,-761.81,559.5
shot_0000,1378.04,217.54,-727.28,559.75
shot_0000,1378.048,216.57,-695.5,557.27
shot_0000,1378.056,215.33,-659.54,556.97
shot_0000,1378.0641,214.52,-627.45,553.06
shot_0000,1378.0721,213.25,-595.1,550.11
shot_0000,1378.0802,212.32,-562.34,544.63
shot_0000,1378.0882,210.71,-528.8,542.88
shot_0000,1378.0962,209.51,-495.64,536.97
shot_0000,1378.1043,207.74,-464.25,530.6
shot_0000,1378.1123,206.68,-434.43,522.51
shot_0000,1378.1204,205.12,-398.31,517.02
shot_0000,1378.1284,203.27,-367.2,509.79
shot_0000,1378.1364,202.09,-336.42,499.61
shot_0000,1378.1445,200.1,-304.9,494.09
shot_0000,1378.1525,198.97,-274.68,480.02
shot_0000,1378.1606,197.15,-243.31,471.88
shot_0000,1378.1686,195.01,-212.46,457.06
shot_0000,1378.1766,192.97,-180.87,448.36
shot_0000,1378.1847,191.57,-150.66,437.65
shot_0000,1378.1927,190.56,-121.76,422.26
shot_0000,1378.2008,188.29,-91.8,408.89
shot_0000,1378.2088,186.12,-62.76,400.08
shot_0000,1378.2168,184.08,-33.32,376.79
shot_0000,1378.2249,182.73,-4.7,362.48
shot_0000,1378.2329,180.69,23.98,344.48
shot_0000,1378.241,178.29,52.68,326.19
shot_0000,1378.249,177.18,82.27,308.21
shot_0000,1378.257,173.88,108.64,292.4
shot_0000,1378.2651,172.54,135.62,269.91
shot_0000,1378.2731,170.14,163.78,250.11
shot_0000,1378.2812,167.86,191.51,227.13
shot_0000,1378.2892,166.59,219.04,203.89
shot_0000,1378.2972,163.45,245.17,184.99
shot_0000,1378.3053,160.6,271.15,161.52
shot_0000,1378.3133,157.86,297.42,140.74
shot_0000,1378.3214,156.22,325.98,109.04
shot_0000,1378.3294,153.99,350.37,85.32
shot_0000,1378.3374,151.46,375.58,63.06
shot_0000,1378.3455,149.58,401.08,37.17
shot_0000,1378.3535,147.93,427.86,37.75
shot_0000,1378.3616,149.47,451.6,68.2
shot_0000,1378.3696,150.56,479.07,80.05
shot_0000,1378.3776,149.62,501.18,107.65
shot_0000,1378.3857,151.23,527.92,121.39
shot_0000,1378.3937,152.35,551.78,143.69
shot_0000,1378.4018,152.45,571.96,168.25
shot_0000,1378.4098,153.14,597.21,185.25
shot_0000,1378.4178,152.72,619.67,205.19
shot_0000,1378.4259,152.91,645.8,215.06
shot_0000,1378.4339,151.8,671.76,225.05
shot_0000,1378.442,152.31,691.63,245.13
shot_0000,1378.45,152.91,718.65,253.01
shot_0000,1378.458,153.06,737.38,275.02
shot_0000,1378.4661,152.61,763.1,283.85
shot_0000,1378.4741,152.26,783.17,300.85
shot_0000,1378.4822,152.3,808.94,307.24
shot_0000,1378.4902,151.22,834.69,314.7
shot_0000,1378.4982,152.66,857.71,323.39
shot_0000,1378.5063,151.64,878.76,332.58
shot_0000,1378.5143,150.39,901.31,342.06
shot_0000,1378.5224,148.4,925.89,349.29
shot_0000,1378.5304,149.04,946.26,356.55
shot_0000,1378.5384,148.02,969.86,360.81
shot_0000,1378.5465,147.62,993.57,362.65
shot_0000,1378.5545,146.33,1016.85,364.93
shot_0000,1378.5626,145.85,1036.33,370.54
shot_0000,1378.5706,145.86,1057.66,373.91
shot_0000,1378.5786,144.11,1078.92,375.83
shot_0000,1378.5867,143.14,1106.94,371.39
shot_0000,1378.5947,142.77,1125.23,374.73
shot_0000,1378.6028,140.37,1141.36,379.76
shot_0000,1378.6108,139.99,1162.31,378.65
shot_0000,1378.6188,137.63,1196.04,366.02
shot_0000,1378.6269,137.06,1217.65,365.12
shot_0000,1378.6349,136.33,1225.63,374.7
shot_0001,1378.651,133.49,1237.57,369.7
shot_0001,1378.659,133.48,1202.97,379.4
shot_0001,1378.6671,132.32,1164.38,391.72
shot_0001,1378.6832,132.26,1086.78,419.15
shot_0001,1378.6912,131.17,1054.73,422.62
shot_0001,1378.7073,129.91,979.08,443.86
shot_0001,1378.7153,128.79,944.11,453.01
shot_0001,1378.7234,127.21,911.83,456.34
shot_0001,1378.7314,125.99,874.18,465.44
shot_0001,1378.7394,124.5,839.84,467.66
shot_0001,1378.7475,122.9,805.27,472.28
shot_0001,1378.7555,121.44,768.46,478.91
shot_0001,1378.7636,119.82,734.59,480.04
shot_0001,1378.7716,118.56,700.12,482.89
shot_0001,1378.7796,117.1,665.52,484.33
shot_0001,1378.7877,116.25,629.28,483.81
shot_0001,1378.7957,113.75,597.67,481.59
shot_0001,1378.8038,111.09,562.32,482.61
shot_0001,1378.8118,109.88,529.34,479.07
shot_0001,1378.8198,108.47,498.15,474.64
shot_0001,1378.8279,106.36,462.5,473.07
shot_0001,1378.8359,104.68,430.0,468.97
shot_0001,1378.844,103.21,399.74,462.15
shot_0001,1378.852,99.66,366.25,455.88
shot_0001,1378.86,97.76,332.9,450.86
shot_0001,1378.8681,96.16,301.01,448.03
shot_0001,1378.8761,93.34,266.94,444.14
shot_0001,1378.8842,91.68,234.64,435.77
shot_0001,1378.8922,89.78,203.7,425.58
shot_0001,1378.9002,87.21,170.91,416.36
shot_0001,1378.9083,84.98,138.54,410.39
shot_0001,1378.9163,81.69,107.62,393.11
shot_0001,1378.9244,78.89,75.7,378.51
shot_0001,1378.9324,76.87,44.87,373.55
shot_0001,1378.9404,75.0,13.8,362.55
shot_0001,1378.9485,72.28,-17.66,348.27
shot_0001,1378.9565,68.92,-49.18,333.97
shot_0001,1378.9646,66.83,-80.2,319.97
shot_0001,1378.9726,64.52,-108.81,306.96
shot_0001,1378.9806,61.49,-140.41,289.07
shot_0001,1378.9887,59.56,-170.43,273.87
shot_0001,1378.9967,55.94,-200.6,256.54
shot_0001,1379.0048,53.56,-231.72,235.31
shot_0001,1379.0128,50.71,-261.33,218.84
shot_0001,1379.0208,48.03,-292.57,197.35
shot_0001,1379.0289,45.07,-321.63,179.32
shot_0001,1379.0369,42.2,-353.05,155.88
shot_0001,1379.045,39.51,-378.4,142.59
shot_0001,1379.053,36.14,-410.74,113.8
shot_0001,1379.061,33.31,-437.45,97.85
shot_0001,1379.0691,30.17,-468.92,67.15
shot_0001,1379.0771,27.56,-496.25,60.2
shot_0001,1379.0852,27.42,-519.39,81.93
shot_0001,1379.0932,26.26,-541.87,105.26
shot_0001,1379.1012,27.66,-560.39,129.76
shot_0001,1379.1093,26.48,-587.33,145.92
shot_0001,1379.1173,25.03,-609.04,162.15
shot_0001,1379.1254,25.38,-632.99,182.69
shot_0001,1379.1334,23.21,-656.11,197.57
shot_0001,1379.1414,23.27,-676.04,219.83
shot_0001,1379.1495,22.15,-700.97,226.19
shot_0001,1379.1575,21.5,-720.6,248.29
shot_0001,1379.1656,18.8,-745.08,256.33
shot_0001,1379.1736,18.44,-766.51,268.67
shot_0001,1379.1816,17.53,-788.46,279.95
shot_0001,1379.1897,16.94,-807.92,297.85
shot_0001,1379.1977,15.64,-827.07,315.49
shot_0001,1379.2058,13.24,-852.77,317.88
shot_0001,1379.2138,12.17,-872.69,330.47
shot_0001,1379.2218,11.48,-898.08,335.81
shot_0001,1379.2299,9.25,-922.04,341.67
shot_0001,1379.2379,7.92,-944.55,348.43
shot_0001,1379.246,5.5,-961.62,359.42
shot_0001,1379.254,4.07,-979.63,369.33
shot_0001,1379.262,2.2,-1004.01,370.95
shot_0001,1379.2701,1.64,-1020.6,380.29
shot_0001,1379.2781,-1.48,-1054.58,371.47
shot_0001,1379.2862,-3.49,-1069.74,381.83
shot_0001,1379.2942,-4.43,-1091.74,383.28
shot_0001,1379.3022,-7.18,-1115.25,384.04
shot_0001,1379.3103,-8.11,-1130.57,387.48
shot_0001,1379.3183,-11.07,-1152.67,387.61
shot_0001,1379.3264,-12.66,-1168.32,390.61
shot_0001,1379.3344,-15.67,-1192.47,384.89
shot_0001,1379.3424,-18.39,-1213.83,382.2
shot_0001,1379.3505,-21.16,-1236.03,378.97
shot_0001,1379.3585,-21.36,-1251.68,380.99
shot_0002,1379.3746,-29.98,-1281.19,372.06
shot_0002,1379.3826,-34.54,-1240.96,400.12
shot_0002,1379.3907,-37.71,-1205.62,421.95
shot_0002,1379.3987,-42.78,-1177.55,436.71
shot_0002,1379.4068,-46.49,-1142.42,459.74
shot_0002,1379.4148,-51.55,-1114.63,473.34
shot_0002,1379.4228,-56.47,-1078.2,495.59
shot_0002,1379.4309,-61.07,-1048.96,508.6
shot_0002,1379.4389,-66.27,-1012.45,529.75
shot_0002,1379.447,-71.84,-982.21,543.81
shot_0002,1379.455,-76.22,-950.92,560.85
shot_0002,1379.463,-82.84,-924.48,569.38
shot_0002,1379.4711,-87.69,-892.85,585.37
shot_0002,1379.4791,-92.98,-863.14,595.21
shot_0002,1379.4872,-99.34,-833.06,604.77
shot_0002,1379.4952,-103.75,-801.32,620.53
shot_0002,1379.5032,-108.96,-771.05,630.16
shot_0002,1379.5113,-116.29,-743.5,635.25
shot_0002,1379.5193,-119.11,-708.76,651.12
shot_0002,1379.5274,-126.48,-682.12,656.29
shot_0002,1379.5354,-132.37,-652.89,664.57
shot_0002,1379.5434,-139.26,-624.63,670.53
shot_0002,1379.5515,-144.53,-593.94,678.55
shot_0002,1379.5595,-148.78,-564.1,688.0
shot_0002,1379.5676,-157.31,-537.5,687.22
shot_0002,1379.5756,-163.09,-507.57,694.14
shot_0002,1379.5836,-170.35,-482.83,695.23
shot_0002,1379.5917,-176.39,-454.84,698.52
shot_0002,1379.5997,-183.03,-426.46,699.77
shot_0002,1379.6078,-189.96,-397.92,701.27
shot_0002,1379.6158,-196.82,-370.03,701.5
shot_0002,1379.6238,-204.02,-343.03,702.4
shot_0002,1379.6319,-211.27,-315.96,700.76
shot_0002,1379.6399,-217.81,-288.0,700.17
shot_0002,1379.648,-224.06,-261.09,698.97
shot_0002,1379.656,-229.76,-234.34,699.07
shot_0002,1379.664,-238.22,-207.23,693.82
shot_0002,1379.6721,-244.44,-180.84,690.91
shot_0002,1379.6801,-253.0,-155.04,684.81
shot_0002,1379.6882,-259.82,-127.94,680.74
shot_0002,1379.6962,-267.04,-101.73,674.12
shot_0002,1379.7042,-273.73,-75.2,668.95
shot_0002,1379.7123,-280.77,-49.81,662.1
shot_0002,1379.7203,-288.79,-22.99,654.83
shot_0002,1379.7284,-297.38,2.84,643.71
shot_0002,1379.7364,-305.09,27.9,633.28
shot_0002,1379.7444,-311.56,54.07,626.31
shot_0002,1379.7525,-320.83,78.78,612.73
shot_0002,1379.7605,-328.78,104.44,601.06
shot_0002,1379.7686,-333.61,128.32,593.6
shot_0002,1379.7766,-343.41,154.77,578.58
shot_0002,1379.7846,-350.51,179.22,567.06
shot_0002,1379.7927,-358.39,203.46,553.68
shot_0002,1379.8007,-368.43,228.87,536.81
shot_0002,1379.8088,-376.77,254.62,521.07
shot_0002,1379.8168,-383.67,277.43,507.63
shot_0002,1379.8248,-391.92,301.92,493.32
shot_0002,1379.8329,-401.23,326.41,473.9
shot_0002,1379.8409,-409.6,351.46,455.0
shot_0002,1379.849,-418.93,376.35,434.91
shot_0002,1379.857,-426.48,399.92,418.1
shot_0002,1379.865,-436.2,426.01,393.16
shot_0002,1379.8731,-442.96,447.43,378.92
shot_0002,1379.8811,-452.05,472.68,356.53
shot_0002,1379.8892,-461.29,498.28,334.22
shot_0002,1379.8972,-469.27,519.26,315.19
shot_0002,1379.9052,-480.42,546.8,290.1
shot_0002,1379.9133,-486.94,567.71,270.3
shot_0002,1379.9213,-493.33,590.53,251.18
shot_0002,1379.9294,-503.97,615.3,222.67
shot_0002,1379.9374,-512.05,634.87,201.8
shot_0002,1379.9454,-522.82,662.5,170.81
shot_0002,1379.9535,-533.85,689.03,138.43
shot_0002,1379.9615,-540.05,707.98,119.47
shot_0002,1379.9696,-548.29,730.65,93.72
shot_0002,1379.9776,-556.75,753.43,68.69
shot_0002,1379.9856,-570.25,782.08,45.55
shot_0002,1379.9937,-571.22,798.02,72.81
shot_0002,1380.0017,-581.09,822.69,86.81
shot_0002,1380.0098,-580.14,834.01,122.71
shot_0002,1380.0178,-585.64,853.13,143.41
shot_0002,1380.0258,-591.47,873.77,162.88
shot_0002,1380.0339,-599.47,896.22,178.55
shot_0002,1380.0419,-609.99,921.61,185.71
shot_0002,1380.05,-614.47,941.84,203.07
shot_0002,1380.058,-617.0,956.75,226.87
shot_0002,1380.066,-618.03,968.5,254.22
shot_0002,1380.0741,-619.05,980.45,279.1
shot_0002,1380.0821,-620.74,995.67,301.42
shot_0002,1380.0902,-629.48,1015.57,311.66
shot_0002,1380.0982,-637.3,1038.57,321.14
shot_0002,1380.1062,-632.15,1040.57,355.14
shot_0002,1380.1143,-637.25,1057.23,367.98
shot_0002,1380.1223,-640.76,1072.06,383.16
shot_0003,1380.9263,21.13,-1462.42,426.72
shot_0003,1380.9344,25.32,-1428.89,442.02
shot_0003,1380.9424,30.74,-1395.05,456.55
shot_0003,1380.9505,34.39,-1349.7,480.21
shot_0003,1380.9585,39.89,-1312.99,493.77
shot_0003,1380.9665,43.57,-1284.57,502.72
shot_0003,1380.9746,46.86,-1252.86,513.07
shot_0003,1380.9826,52.26,-1213.49,529.73
shot_0003,1380.9907,56.38,-1178.33,540.46
shot_0003,1380.9987,59.44,-1145.88,551.12
shot_0003,1381.0067,63.4,-1110.96,560.88
shot_0003,1381.0148,67.53,-1078.81,568.07
shot_0003,1381.0228,70.98,-1041.6,580.55
shot_0003,1381.0309,74.82,-1007.3,589.12
shot_0003,1381.0389,78.35,-974.46,596.98
shot_0003,1381.0469,82.79,-940.83,602.2
shot_0003,1381.055,85.78,-909.72,607.99
shot_0003,1381.063,89.22,-878.02,611.46
shot_0003,1381.0711,92.54,-846.56,613.29
shot_0003,1381.0791,96.36,-812.45,617.94
shot_0003,1381.0871,99.42,-782.04,617.37
shot_0003,1381.0952,102.44,-750.04,620.61
shot_0003,1381.1032,106.19,-715.18,621.56
shot_0003,1381.1113,109.39,-685.33,619.18
shot_0003,1381.1193,111.48,-652.34,621.0
shot_0003,1381.1273,114.92,-624.69,615.65
shot_0003,1381.1354,117.52,-589.7,616.51
shot_0003,1381.1434,120.48,-561.42,611.64
shot_0003,1381.1515,123.04,-530.64,607.73
shot_0003,1381.1595,126.43,-500.04,600.54
shot_0003,1381.1675,128.0,-469.04,601.36
shot_0003,1381.1756,131.9,-438.09,592.8
shot_0003,1381.1836,134.31,-406.97,586.81
shot_0003,1381.1917,137.17,-376.36,581.11
shot_0003,1381.1997,140.31,-346.71,573.65
shot_0003,1381.2077,142.25,-314.97,565.95
shot_0003,1381.2158,143.76,-286.54,558.65
shot_0003,1381.2238,146.2,-257.7,548.45
shot_0003,1381.2319,149.21,-227.42,536.65
shot_0003,1381.2399,151.34,-197.0,529.88
shot_0003,1381.2479,153.22,-168.52,516.46
shot_0003,1381.256,155.63,-138.36,508.38
shot_0003,1381.264,157.92,-109.76,490.67
shot_0003,1381.2721,160.19,-81.08,475.43
shot_0003,1381.2801,162.42,-52.53,462.85
shot_0003,1381.2881,164.36,-24.17,449.28
shot_0003,1381.2962,166.29,4.41,432.54
shot_0003,1381.3042,168.19,32.09,413.96
shot_0003,1381.3123,169.86,60.66,399.41
shot_0003,1381.3203,171.68,87.15,380.99
shot_0003,1381.3283,173.62,114.0,361.07
shot_0003,1381.3364,176.22,143.14,345.1
shot_0003,1381.3444,177.41,170.68,316.08
shot_0003,1381.3525,178.51,197.05,303.94
shot_0003,1381.3605,180.07,224.51,281.41
shot_0003,1381.3685,182.18,249.96,260.27
shot_0003,1381.3766,183.97,276.77,240.36
shot_0003,1381.3846,184.95,304.51,215.89
shot_0003,1381.3927,186.71,328.37,194.81
shot_0003,1381.4007,188.36,356.52,167.63
shot_0003,1381.4087,188.62,380.97,149.09
shot_0003,1381.4168,190.16,408.76,118.15
shot_0003,1381.4248,190.34,432.34,96.83
shot_0003,1381.4329,192.73,458.43,66.97
shot_0003,1381.4409,193.09,484.45,39.85
shot_0003,1381.4489,195.0,506.22,32.49
shot_0003,1381.457,198.08,527.18,55.12
shot_0003,1381.465,202.13,550.43,71.75
shot_0003,1381.4731,205.96,571.94,89.93
shot_0003,1381.4811,209.45,594.9,109.07
shot_0003,1381.4891,213.36,611.27,135.66
shot_0003,1381.4972,216.7,633.09,152.39
shot_0003,1381.5052,220.64,654.87,171.11
shot_0003,1381.5133,223.9,675.24,192.82
shot_0003,1381.5213,226.88,695.06,209.68
shot_0003,1381.5293,230.32,714.85,225.87
shot_0003,1381.5374,234.0,733.58,241.27
shot_0003,1381.5454,234.27,750.07,265.37
shot_0003,1381.5535,239.35,770.89,274.04
shot_0003,1381.5615,243.03,790.12,290.29
shot_0003,1381.5695,245.4,812.05,300.87
shot_0003,1381.5776,248.79,831.02,314.63
shot_0003,1381.5856,252.37,852.81,322.59
shot_0003,1381.5937,255.03,872.48,330.78
shot_0003,1381.6017,257.6,893.33,341.96
shot_0003,1381.6097,260.17,911.99,351.46
shot_0003,1381.6178,262.51,925.87,365.21
shot_0003,1381.6258,264.14,947.86,368.78
shot_0003,1381.6339,266.28,966.57,374.55
shot_0003,1381.6419,270.89,989.37,375.87
shot_0003,1381.6499,271.89,1004.54,388.12
shot_0003,1381.658,275.16,1023.23,391.12
shot_0003,1381.666,277.1,1047.08,389.5
shot_0003,1381.6741,278.82,1060.47,398.94
shot_0003,1381.6821,283.46,1084.62,396.71
shot_0003,1381.6901,285.24,1105.24,399.44
shot_0003,1381.6982,286.79,1125.1,398.07
shot_0003,1381.7062,289.75,1139.23,400.83
shot_0003,1381.7143,291.83,1161.48,401.04
shot_0004,1381.7303,293.58,1183.89,403.58
shot_0004,1381.7384,286.41,1138.97,424.73
shot_0004,1381.7464,280.86,1096.05,440.27
shot_0004,1381.7545,275.02,1056.58,452.34
shot_0004,1381.7625,269.93,1019.04,462.67
shot_0004,1381.7705,263.15,971.66,480.67
shot_0004,1381.7786,256.98,923.89,499.23
shot_0004,1381.7866,250.44,881.92,511.15
shot_0004,1381.7947,245.49,840.2,524.99
shot_0004,1381.8027,238.86,798.61,533.93
shot_0004,1381.8107,233.01,760.28,541.77
shot_0004,1381.8188,226.73,717.76,552.91
shot_0004,1381.8268,220.62,674.72,560.86
shot_0004,1381.8349,214.12,634.63,568.74
shot_0004,1381.8429,208.34,594.15,572.63
shot_0004,1381.8509,202.0,556.38,576.5
shot_0004,1381.859,196.04,514.39,581.31
shot_0004,1381.867,189.31,473.82,586.85
shot_0004,1381.8751,182.96,436.85,585.07
shot_0004,1381.8831,177.16,395.32,588.42
shot_0004,1381.8911,169.49,354.43,594.41
shot_0004,1381.8992,163.39,318.08,589.67
shot_0004,1381.9072,156.06,277.47,589.14
shot_0004,1381.9153,150.56,237.65,593.16
shot_0004,1381.9233,142.99,200.35,588.81
shot_0004,1381.9313,136.7,161.97,591.47
shot_0004,1381.9394,129.82,124.09,582.5
shot_0004,1381.9474,123.6,85.08,583.78
shot_0004,1381.9555,116.93,48.33,576.14
shot_0004,1381.9635,110.24,10.38,571.41
shot_0004,1381.9715,104.22,-27.42,564.16
shot_0004,1381.9796,96.4,-63.53,557.28
shot_0004,1381.9876,90.89,-99.09,547.73
shot_0004,1381.9957,84.61,-136.89,540.51
shot_0004,1382.0037,77.3,-173.64,532.08
shot_0004,1382.0117,71.35,-210.38,521.17
shot_0004,1382.0198,64.6,-246.52,507.99
shot_0004,1382.0278,57.5,-283.25,496.8
shot_0004,1382.0359,50.88,-316.83,484.01
shot_0004,1382.0439,44.79,-352.31,469.05
shot_0004,1382.0519,36.67,-388.28,452.77
shot_0004,1382.06,30.46,-421.38,442.62
shot_0004,1382.068,25.12,-459.47,421.15
shot_0004,1382.0761,17.02,-495.0,405.21
shot_0004,1382.0841,10.08,-528.25,388.83
shot_0004,1382.0921,3.25,-562.09,374.53
shot_0004,1382.1002,-4.3,-595.76,358.24
shot_0004,1382.1082,-9.7,-628.87,338.4
shot_0004,1382.1163,-18.4,-667.3,313.06
shot_0004,1382.1243,-25.03,-698.65,294.2
shot_0004,1382.1323,-32.03,-729.75,278.71
shot_0004,1382.1404,-38.23,-764.3,256.9
shot_0004,1382.1484,-44.94,-798.7,231.9
shot_0004,1382.1565,-53.34,-830.21,209.99
shot_0004,1382.1645,-59.5,-862.62,186.02
shot_0004,1382.1725,-66.45,-893.29,167.42
shot_0004,1382.1806,-74.46,-929.86,134.12
shot_0004,1382.1886,-80.61,-960.98,110.01
shot_0004,1382.1967,-89.15,-993.32,86.25
shot_0004,1382.2047,-94.64,-1022.84,62.04
shot_0004,1382.2127,-99.84,-1051.27,77.71
shot_0004,1382.2208,-102.26,-1075.34,103.82
shot_0004,1382.2288,-103.33,-1098.59,127.39
shot_0004,1382.2369,-107.71,-1124.27,148.67
shot_0004,1382.2449,-110.81,-1151.81,167.61
shot_0004,1382.2529,-114.27,-1171.59,193.3
shot_0004,1382.261,-117.59,-1196.62,214.56
shot_0004,1382.269,-119.87,-1215.53,240.13
shot_0004,1382.2771,-123.25,-1242.02,255.13
shot_0004,1382.2851,-128.79,-1267.49,267.96
shot_0004,1382.2931,-131.88,-1291.84,284.86
shot_0004,1382.3012,-136.07,-1315.75,299.77
shot_0004,1382.3092,-138.72,-1329.24,322.56
shot_0004,1382.3173,-141.67,-1355.19,333.85
shot_0004,1382.3253,-144.7,-1375.87,350.89
shot_0004,1382.3333,-150.13,-1402.88,361.69
shot_0004,1382.3414,-153.11,-1422.3,377.17
shot_0005,1382.3494,-157.56,-1449.07,383.71
shot_0005,1382.3575,-152.75,-1422.11,402.35
shot_0005,1382.3655,-143.94,-1382.75,423.49
shot_0005,1382.3735,-138.31,-1349.28,436.05
shot_0005,1382.3816,-134.69,-1318.8,447.93
shot_0005,1382.3896,-125.75,-1276.98,464.92
shot_0005,1382.3977,-118.18,-1236.04,480.12
shot_0005,1382.4057,-112.08,-1199.5,492.94
shot_0005,1382.4137,-105.75,-1157.6,509.04
shot_0005,1382.4218,-99.33,-1123.25,518.92
shot_0005,1382.4298,-92.47,-1082.85,535.47
shot_0005,1382.4379,-86.32,-1045.96,549.14
shot_0005,1382.4459,-78.84,-1008.37,560.97
shot_0005,1382.4539,-73.08,-978.6,564.33
shot_0005,1382.462,-66.12,-942.25,575.52
shot_0005,1382.47,-59.41,-904.1,587.06
shot_0005,1382.4781,-51.94,-866.61,592.93
shot_0005,1382.4861,-46.77,-834.44,597.95
shot_0005,1382.4941,-39.39,-798.73,603.8
shot_0005,1382.5022,-33.69,-763.38,609.39
shot_0005,1382.5102,-26.64,-730.11,613.52
shot_0005,1382.5183,-20.48,-698.28,615.52
shot_0005,1382.5263,-14.37,-661.66,620.92
shot_0005,1382.5343,-8.72,-630.53,623.22
shot_0005,1382.5424,-1.88,-594.52,624.35
shot_0005,1382.5504,3.6,-562.02,627.91
shot_0005,1382.5585,10.71,-528.7,625.25
shot_0005,1382.5665,16.22,-496.5,624.66
shot_0005,1382.5745,23.18,-463.09,626.95
shot_0005,1382.5826,30.24,-428.63,625.62
shot_0005,1382.5906,37.09,-401.36,617.37
shot_0005,1382.5987,42.29,-368.92,611.21
shot_0005,1382.6067,48.59,-337.41,604.86
shot_0005,1382.6148,54.76,-305.35,605.79
shot_0005,1382.6228,60.21,-272.13,603.35
shot_0005,1382.6308,66.68,-240.91,598.09
shot_0005,1382.6389,72.53,-209.86,593.52
shot_0005,1382.6469,79.43,-177.77,584.85
shot_0005,1382.655,84.96,-146.47,576.79
shot_0005,1382.663,91.53,-116.53,566.82
shot_0005,1382.671,98.18,-85.87,558.33
shot_0005,1382.6791,104.91,-55.81,547.72
shot_0005,1382.6871,110.52,-27.01,535.61
shot_0005,1382.6952,117.75,2.63,522.66
shot_0005,1382.7032,123.26,31.05,513.51
shot_0005,1382.7112,128.64,59.28,501.87
shot_0005,1382.7193,136.25,90.91,487.2
shot_0005,1382.7273,141.66,118.77,474.24
shot_0005,1382.7354,147.78,146.84,457.91
shot_0005,1382.7434,153.78,177.56,442.73
shot_0005,1382.7514,161.06,206.1,423.32
shot_0005,1382.7595,167.01,232.66,409.73
shot_0005,1382.7675,173.39,261.94,393.0
shot_0005,1382.7756,180.01,289.02,375.44
shot_0005,1382.7836,186.2,316.75,359.47
shot_0005,1382.7916,192.68,344.5,339.47
shot_0005,1382.7997,199.28,372.48,318.4
shot_0005,1382.8077,204.18,398.91,300.83
shot_0005,1382.8158,210.55,427.74,276.34
shot_0005,1382.8238,215.99,451.43,262.55
shot_0005,1382.8318,222.38,479.66,235.71
shot_0005,1382.8399,228.87,507.37,213.74
shot_0005,1382.8479,235.8,533.08,190.17
shot_0005,1382.856,241.12,558.07,168.37
shot_0005,1382.864,247.98,587.66,140.75
shot_0005,1382.872,253.81,614.3,116.09
shot_0005,1382.8801,259.05,637.06,95.41
shot_0005,1382.8881,265.64,661.06,70.55
shot_0005,1382.8962,271.09,685.37,48.48
shot_0005,1382.9042,276.88,708.69,25.75
shot_0005,1382.9122,285.66,735.83,21.37
shot_0005,1382.9203,293.21,756.37,49.52
shot_0005,1382.9283,300.44,776.55,69.7
shot_0005,1382.9364,308.92,796.34,96.09
shot_0005,1382.9444,316.73,818.45,113.69
shot_0005,1382.9524,323.86,837.06,134.96
shot_0005,1382.9605,329.4,855.47,152.05
shot_0005,1382.9685,338.48,875.97,171.52
shot_0005,1382.9766,345.6,891.29,195.06
shot_0005,1382.9846,353.44,914.18,206.06
shot_0005,1382.9926,360.86,933.69,222.67
shot_0005,1383.0007,368.52,955.29,235.61
shot_0005,1383.0087,376.71,976.19,247.31
shot_0005,1383.0168,384.15,994.56,261.33
shot_0005,1383.0248,391.42,1014.84,271.24
shot_0005,1383.0328,398.66,1032.72,285.73
shot_0005,1383.0409,405.04,1050.21,296.61
shot_0005,1383.0489,414.14,1073.04,302.47
shot_0005,1383.057,421.92,1094.75,308.7
shot_0005,1383.065,427.06,1108.84,321.69
shot_0005,1383.073,436.93,1133.37,325.12
shot_0005,1383.0811,443.1,1147.03,338.72
shot_0005,1383.0891,449.16,1166.85,345.02
shot_0005,1383.0972,456.98,1188.38,346.5
shot_0006,1383.1132,469.18,1213.06,370.52
shot_0006,1383.1213,461.15,1175.26,385.39
shot_0006,1383.1293,450.98,1134.53,390.34
shot_0006,1383.1374,441.84,1091.33,397.82
shot_0006,1383.1454,432.95,1049.85,407.73
shot_0006,1383.1534,421.02,1003.95,420.62
shot_0006,1383.1615,413.02,967.16,425.3
shot_0006,1383.1695,400.92,920.35,439.58
shot_0006,1383.1776,391.8,881.74,444.39
shot_0006,1383.1856,381.14,837.5,452.16
shot_0006,1383.1936,370.69,793.6,462.22
shot_0006,1383.2017,360.68,751.13,468.27
shot_0006,1383.2097,351.34,713.4,471.08
shot_0006,1383.2178,340.32,669.96,475.9
shot_0006,1383.2258,330.03,629.18,477.9
shot_0006,1383.2338,319.79,587.88,481.22
shot_0006,1383.2419,310.67,547.84,483.67
shot_0006,1383.2499,299.74,507.51,481.35
shot_0006,1383.258,289.93,467.93,479.77
shot_0006,1383.266,279.02,427.33,481.81
shot_0006,1383.274,269.69,390.35,475.72
shot_0006,1383.2821,258.87,347.68,474.38
shot_0006,1383.2901,247.68,309.91,466.1
shot_0006,1383.2982,239.4,270.73,467.81
shot_0006,1383.3062,228.42,230.88,464.46
shot_0006,1383.3142,218.59,192.6,456.16
shot_0006,1383.3223,208.01,153.35,454.49
shot_0006,1383.3303,197.62,112.9,452.15
shot_0006,1383.3384,188.77,77.95,440.66
shot_0006,1383.3464,178.22,39.23,432.45
shot_0006,1383.3544,167.86,1.57,417.84
shot_0006,1383.3625,156.6,-34.84,409.78
shot_0006,1383.3705,147.96,-70.79,403.35
shot_0006,1383.3786,138.18,-107.45,388.5
shot_0006,1383.3866,128.11,-144.37,376.87
shot_0006,1383.3946,118.69,-181.02,365.87
shot_0006,1383.4027,108.78,-216.49,349.1
shot_0006,1383.4107,99.35,-251.67,338.52
shot_0006,1383.4188,89.37,-289.24,322.54
shot_0006,1383.4268,79.24,-325.0,305.25
shot_0006,1383.4348,70.55,-359.18,287.08
shot_0006,1383.4429,60.34,-396.43,265.25
shot_0006,1383.4509,50.12,-428.23,255.89
shot_0006,1383.459,39.81,-467.13,224.27
shot_0006,1383.467,31.16,-500.55,207.04
shot_0006,1383.475,21.63,-533.69,191.38
shot_0006,1383.4831,12.87,-565.74,176.17
shot_0006,1383.4911,1.97,-602.07,151.74
shot_0006,1383.4992,-7.06,-633.96,132.43
shot_0006,1383.5072,-17.01,-665.71,112.83
shot_0006,1383.5152,-26.9,-702.6,81.75
shot_0006,1383.5233,-35.32,-729.5,70.62
shot_0006,1383.5313,-42.12,-765.13,75.05
shot_0006,1383.5394,-47.72,-794.8,91.26
shot_0006,1383.5474,-54.06,-822.24,117.29
shot_0006,1383.5554,-57.35,-847.56,143.86
shot_0006,1383.5635,-60.59,-870.97,166.05
shot_0006,1383.5715,-67.03,-898.39,183.77
shot_0006,1383.5796,-73.46,-932.89,191.64
shot_0006,1383.5876,-76.12,-954.04,217.25
shot_0006,1383.5956,-80.92,-975.86,237.67
shot_0006,1383.6037,-86.65,-1005.39,248.72
shot_0006,1383.6117,-93.08,-1032.43,264.51
shot_0006,1383.6198,-97.94,-1060.0,278.17
shot_0006,1383.6278,-100.61,-1083.13,294.78
shot_0006,1383.6358,-107.9,-1108.98,307.3
shot_0006,1383.6439,-112.68,-1131.6,323.03
shot_0006,1383.6519,-118.95,-1164.05,325.17
shot_0006,1383.66,-122.42,-1180.23,345.16
shot_0006,1383.668,-129.47,-1210.87,348.86
shot_0006,1383.676,-134.55,-1235.64,356.9
shot_0006,1383.6841,-138.85,-1261.99,364.3
shot_0006,1383.6921,-147.74,-1287.01,367.94
shot_0006,1383.7002,-151.5,-1308.4,376.8
shot_0006,1383.7082,-156.97,-1334.25,385.71
shot_0006,1383.7162,-164.29,-1363.83,385.5
shot_0007,1383.7243,-164.28,-1357.38,394.98
shot_0007,1383.7323,-161.01,-1321.07,403.0
shot_0007,1383.7404,-154.82,-1277.82,419.19
shot_0007,1383.7484,-152.07,-1241.72,423.83
shot_0007,1383.7564,-146.8,-1193.05,438.42
shot_0007,1383.7645,-142.7,-1152.85,447.53
shot_0007,1383.7806,-134.75,-1079.25,461.48
shot_0007,1383.7886,-130.23,-1040.72,467.42
shot_0007,1383.7966,-124.74,-997.9,478.35
shot_0007,1383.8047,-121.24,-958.14,480.66
shot_0007,1383.8127,-115.77,-917.45,489.39
shot_0007,1383.8208,-111.97,-879.93,493.15
shot_0007,1383.8288,-106.83,-845.38,493.38
shot_0007,1383.8368,-102.42,-805.55,495.45
shot_0007,1383.8449,-99.48,-769.63,494.49
shot_0007,1383.8529,-93.75,-728.78,501.43
shot_0007,1383.861,-89.76,-694.66,495.58
shot_0007,1383.869,-85.62,-658.01,494.57
shot_0007,1383.877,-80.36,-620.75,493.64
shot_0007,1383.8851,-75.47,-584.82,492.16
shot_0007,1383.8931,-72.24,-551.29,484.28
shot_0007,1383.9012,-67.83,-518.23,480.57
shot_0007,1383.9092,-62.37,-479.89,475.63
shot_0007,1383.9172,-58.54,-447.4,470.25
shot_0007,1383.9253,-54.25,-410.02,469.53
shot_0007,1383.9333,-50.1,-379.35,455.64
shot_0007,1383.9414,-45.49,-344.05,450.63
shot_0007,1383.9494,-41.6,-312.09,436.61
shot_0007,1383.9574,-37.2,-275.78,433.79
shot_0007,1383.9655,-32.29,-242.81,426.15
shot_0007,1383.9735,-28.09,-212.51,412.32
shot_0007,1383.9816,-23.44,-179.66,398.01
shot_0007,1383.9896,-20.21,-147.01,390.68
shot_0007,1383.9976,-15.75,-114.29,375.22
shot_0007,1384.0057,-11.97,-83.82,360.96
shot_0007,1384.0137,-7.79,-51.61,344.73
shot_0007,1384.0218,-2.98,-19.84,328.69
shot_0007,1384.0298,2.62,9.62,321.48
shot_0007,1384.0378,5.85,41.13,298.82
shot_0007,1384.0459,9.75,72.16,282.4
shot_0007,1384.0539,13.2,102.86,261.49
shot_0007,1384.062,17.6,133.15,239.99
shot_0007,1384.07,20.59,161.83,225.12
shot_0007,1384.078,26.27,192.77,202.95
shot_0007,1384.0861,29.29,219.73,183.38
shot_0007,1384.0941,33.91,251.49,156.08
shot_0007,1384.1022,35.59,279.48,131.38
shot_0007,1384.1102,41.38,306.02,114.89
shot_0007,1384.1182,44.59,337.31,92.04
shot_0007,1384.1263,49.38,363.92,67.45
shot_0007,1384.1343,52.65,390.09,44.92
shot_0007,1384.1424,58.02,414.58,49.69
shot_0007,1384.1504,63.43,442.79,63.89
shot_0007,1384.1584,70.79,466.39,86.14
shot_0007,1384.1665,76.07,487.63,106.02
shot_0007,1384.1745,83.22,512.82,127.79
shot_0007,1384.1826,86.84,537.34,133.54
shot_0007,1384.1906,94.02,561.75,154.68
shot_0007,1384.1986,99.36,582.31,172.69
shot_0007,1384.2067,106.39,610.38,179.54
shot_0007,1384.2147,110.49,627.14,201.69
shot_0007,1384.2228,116.94,652.94,214.42
shot_0007,1384.2308,123.62,674.95,225.91
shot_0007,1384.2388,128.09,700.17,232.5
shot_0007,1384.2469,134.69,723.08,243.96
shot_0007,1384.2549,139.31,746.67,251.2
shot_0007,1384.263,144.86,769.87,260.43
shot_0007,1384.271,150.32,792.57,265.97
shot_0007,1384.279,155.58,814.19,278.56
shot_0007,1384.2871,161.3,833.49,287.99
shot_0007,1384.2951,167.39,858.81,288.24
shot_0007,1384.3032,173.31,877.92,298.87
shot_0007,1384.3112,176.81,898.56,302.37
shot_0007,1384.3192,183.34,923.59,304.26
shot_0007,1384.3273,188.52,942.63,310.35
shot_0007,1384.3353,194.4,967.46,309.31
shot_0007,1384.3434,198.3,987.39,309.84
shot_0007,1384.3514,203.67,1009.58,313.24
shot_0007,1384.3594,209.29,1027.82,314.9
shot_0007,1384.3675,214.6,1052.95,310.28
shot_0007,1384.3755,219.84,1076.78,304.4
shot_0007,1384.3836,222.51,1089.15,312.11
shot_0007,1384.3916,228.75,1107.75,311.02
shot_0007,1384.3996,232.99,1131.67,305.6
shot_0007,1384.4077,238.52,1154.74,298.48
shot_0007,1384.4157,244.24,1173.77,296.76
shot_0007,1384.4238,248.49,1193.26,289.7
shot_0008,1384.4318,250.23,1203.55,288.63
shot_0008,1384.4398,240.6,1159.98,313.63
shot_0008,1384.4479,229.95,1124.01,325.09
shot_0008,1384.4559,219.18,1083.21,343.13
shot_0008,1384.464,208.97,1038.08,365.38
shot_0008,1384.472,198.4,999.18,381.15
shot_0008,1384.48,187.28,954.94,402.51
shot_0008,1384.4881,176.38,918.49,411.3
shot_0008,1384.4961,165.33,876.88,427.63
shot_0008,1384.5042,154.6,835.3,441.36
shot_0008,1384.5122,144.09,794.15,456.35
shot_0008,1384.5202,132.86,753.68,466.91
shot_0008,1384.5283,121.7,715.86,477.79
shot_0008,1384.5363,110.54,675.81,486.87
shot_0008,1384.5444,99.74,639.33,493.03
shot_0008,1384.5524,88.21,596.06,504.34
shot_0008,1384.5604,78.12,557.02,515.07
shot_0008,1384.5685,66.61,518.79,516.94
shot_0008,1384.5765,56.36,483.08,520.22
shot_0008,1384.5846,46.34,441.47,533.44
shot_0008,1384.5926,34.98,404.74,534.42
shot_0008,1384.6006,23.52,365.39,536.45
shot_0008,1384.6087,12.67,328.62,538.8
shot_0008,1384.6167,2.06,290.61,543.48
shot_0008,1384.6248,-8.41,252.09,544.18
shot_0008,1384.6328,-20.04,215.78,541.02
shot_0008,1384.6408,-28.92,178.77,548.12
shot_0008,1384.6489,-41.24,142.26,540.85
shot_0008,1384.6569,-51.6,105.93,536.96
shot_0008,1384.665,-61.71,69.25,537.89
shot_0008,1384.673,-73.39,31.65,530.49
shot_0008,1384.681,-83.9,-3.33,525.96
shot_0008,1384.6891,-94.7,-39.2,519.3
shot_0008,1384.6971,-104.56,-73.7,514.89
shot_0008,1384.7052,-115.48,-108.58,507.74
shot_0008,1384.7132,-127.83,-145.62,495.51
shot_0008,1384.7212,-136.8,-181.4,491.09
shot_0008,1384.7293,-146.8,-214.94,481.32
shot_0008,1384.7373,-158.48,-249.17,473.44
shot_0008,1384.7454,-169.24,-283.95,459.81
shot_0008,1384.7534,-180.31,-318.78,445.8
shot_0008,1384.7614,-191.16,-352.5,429.88
shot_0008,1384.7695,-201.43,-386.76,417.85
shot_0008,1384.7775,-213.0,-420.94,406.0
shot_0008,1384.7856,-223.78,-454.82,390.33
shot_0008,1384.7936,-235.83,-489.29,372.16
shot_0008,1384.8016,-245.77,-522.05,356.98
shot_0008,1384.8097,-254.35,-553.5,345.36
shot_0008,1384.8177,-267.12,-589.33,322.14
shot_0008,1384.8258,-277.36,-620.99,304.7
shot_0008,1384.8338,-288.19,-652.18,290.22
shot_0008,1384.8418,-301.24,-688.77,262.04
shot_0008,1384.8499,-311.68,-721.07,241.6
shot_0008,1384.8579,-322.11,-751.85,223.24
shot_0008,1384.866,-333.7,-783.06,202.41
shot_0008,1384.874,-343.19,-814.76,178.95
shot_0008,1384.882,-356.76,-851.04,147.98
shot_0008,1384.8901,-367.08,-880.26,129.27
shot_0008,1384.8981,-377.88,-912.53,103.74
shot_0008,1384.9062,-390.54,-944.9,74.85
shot_0008,1384.9142,-394.43,-966.89,74.63
shot_0008,1384.9222,-402.41,-996.86,88.16
shot_0008,1384.9303,-407.38,-1025.45,111.14
shot_0008,1384.9383,-412.67,-1046.34,131.49
shot_0008,1384.9464,-415.23,-1066.39,157.9
shot_0008,1384.9544,-422.98,-1096.89,171.26
shot_0008,1384.9624,-431.0,-1127.29,182.36
shot_0008,1384.9705,-431.43,-1142.11,213.77
shot_0008,1384.9785,-435.97,-1165.17,228.45
shot_0008,1384.9866,-443.61,-1198.63,238.94
shot_0008,1384.9946,-443.8,-1212.96,265.89
shot_0008,1385.0026,-449.89,-1237.76,275.82
shot_0008,1385.0107,-453.66,-1260.06,291.48
shot_0008,1385.0187,-458.49,-1283.74,303.93
shot_0008,1385.0268,-465.44,-1309.89,312.74
shot_0008,1385.0348,-470.82,-1332.81,324.58
shot_0009,1389.0548,345.16,-1515.45,349.4
shot_0009,1389.0629,347.44,-1488.39,353.53
shot_0009,1389.0709,348.85,-1445.51,374.26
shot_0009,1389.079,352.17,-1413.11,384.45
shot_0009,1389.087,353.01,-1369.2,404.16
shot_0009,1389.095,353.6,-1331.63,418.94
shot_0009,1389.1031,357.1,-1297.51,428.0
shot_0009,1389.1111,358.13,-1254.99,443.61
shot_0009,1389.1192,360.29,-1216.88,455.35
shot_0009,1389.1272,361.3,-1182.44,464.57
shot_0009,1389.1352,361.34,-1142.76,477.27
shot_0009,1389.1433,364.94,-1109.96,483.09
shot_0009,1389.1513,366.18,-1071.63,491.58
shot_0009,1389.1594,367.03,-1033.82,502.33
shot_0009,1389.1674,368.61,-1000.47,507.95
shot_0009,1389.1754,369.71,-962.93,514.17
shot_0009,1389.1835,371.57,-926.25,518.19
shot_0009,1389.1915,372.53,-891.51,521.1
shot_0009,1389.1996,373.1,-852.98,527.71
shot_0009,1389.2076,375.36,-819.42,527.6
shot_0009,1389.2156,376.96,-784.57,528.11
shot_0009,1389.2237,377.75,-748.91,528.58
shot_0009,1389.2317,378.13,-711.55,530.99
shot_0009,1389.2398,378.78,-674.55,534.47
shot_0009,1389.2478,380.55,-640.64,529.88
shot_0009,1389.2558,381.38,-608.38,524.68
shot_0009,1389.2639,382.43,-572.96,522.13
shot_0009,1389.2719,383.25,-538.0,520.75
shot_0009,1389.28,384.6,-503.01,515.57
shot_0009,1389.288,385.32,-469.15,509.45
shot_0009,1389.296,385.32,-434.86,502.36
shot_0009,1389.3041,386.21,-402.85,495.33
shot_0009,1389.3121,387.66,-368.82,488.0
shot_0009,1389.3202,388.16,-334.59,482.94
shot_0009,1389.3282,388.93,-300.4,474.3
shot_0009,1389.3362,389.34,-268.45,464.23
shot_0009,1389.3443,389.95,-235.49,452.72
shot_0009,1389.3523,391.3,-202.92,442.04
shot_0009,1389.3604,391.71,-170.62,430.75
shot_0009,1389.3684,391.9,-137.82,420.78
shot_0009,1389.3764,393.31,-106.2,406.69
shot_0009,1389.3845,393.13,-73.94,394.16
shot_0009,1389.3925,394.42,-43.07,380.18
shot_0009,1389.4006,394.93,-11.12,364.15
shot_0009,1389.4086,394.75,20.1,349.92
shot_0009,1389.4166,395.53,49.09,335.13
shot_0009,1389.4247,395.35,80.8,320.11
shot_0009,1389.4327,397.73,111.32,294.86
shot_0009,1389.4408,397.12,140.28,283.65
shot_0009,1389.4488,397.12,172.43,264.38
shot_0009,1389.4568,397.6,201.7,244.01
shot_0009,1389.4649,398.2,229.97,224.02
shot_0009,1389.4729,399.11,259.54,201.41
shot_0009,1389.481,398.37,289.0,183.49
shot_0009,1389.489,398.01,316.56,162.93
shot_0009,1389.497,399.17,346.16,139.04
shot_0009,1389.5051,399.14,374.93,114.51
shot_0009,1389.5131,398.67,404.48,89.61
shot_0009,1389.5212,400.96,430.37,66.92
shot_0009,1389.5292,399.82,457.61,41.01
shot_0009,1389.5372,401.35,484.32,18.52
shot_0009,1389.5453,400.41,507.61,33.11
shot_0009,1389.5533,402.36,534.03,46.06
shot_0009,1389.5614,404.29,556.73,69.04
shot_0009,1389.5694,404.59,579.33,95.24
shot_0009,1389.5774,405.0,601.04,116.24
shot_0009,1389.5855,406.49,626.1,132.55
shot_0009,1389.5935,409.58,653.19,144.14
shot_0009,1389.6016,409.59,672.37,167.59
shot_0009,1389.6096,409.69,695.28,186.27
shot_0009,1389.6176,410.44,716.74,203.77
shot_0009,1389.6257,413.6,746.68,208.34
shot_0009,1389.6337,413.66,768.35,226.5
shot_0009,1389.6418,413.35,788.87,241.85
shot_0009,1389.6498,413.45,808.75,260.52
shot_0009,1389.6578,416.82,836.74,262.66
shot_0009,1389.6659,415.12,856.84,279.73
shot_0009,1389.6739,416.26,876.56,291.03
shot_0009,1389.682,417.26,903.99,296.85
shot_0009,1389.69,418.1,927.32,302.56
shot_0009,1389.698,417.86,946.12,313.9
shot_0009,1389.7061,418.48,969.18,321.24
shot_0009,1389.7141,418.88,992.51,327.05
shot_0009,1389.7222,419.85,1017.92,329.12
shot_0009,1389.7302,420.22,1040.29,332.18
shot_0009,1389.7382,420.83,1058.9,339.79
shot_0009,1389.7463,419.44,1078.89,345.58
shot_0009,1389.7543,420.37,1098.89,348.98
shot_0009,1389.7624,420.65,1125.23,346.47
shot_0009,1389.7704,418.8,1139.38,356.81
shot_0009,1389.7784,421.24,1169.48,350.08
shot_0009,1389.7865,420.75,1190.03,351.78
shot_0009,1389.7945,419.65,1206.93,356.97
shot_0009,1389.8026,421.83,1233.61,350.82
shot_0010,1389.8186,419.62,1253.49,358.75
shot_0010,1389.8267,412.32,1218.99,370.33
shot_0010,1389.8347,406.34,1184.81,378.77
shot_0010,1389.8428,398.33,1140.89,395.92
shot_0010,1389.8508,392.0,1102.25,407.81
shot_0010,1389.8588,383.05,1058.03,422.33
shot_0010,1389.8669,376.89,1024.26,431.43
shot_0010,1389.8749,369.68,985.45,443.82
shot_0010,1389.883,362.99,948.01,451.71
shot_0010,1389.891,355.47,907.95,465.69
shot_0010,1389.899,349.04,873.51,473.11
shot_0010,1389.9071,341.53,833.55,483.05
shot_0010,1389.9151,334.43,798.09,487.85
shot_0010,1389.9232,327.85,761.78,493.84
shot_0010,1389.9312,319.15,721.21,503.5
shot_0010,1389.9392,312.44,685.54,506.34
shot_0010,1389.9473,305.52,649.7,509.52
shot_0010,1389.9553,298.35,614.41,510.34
shot_0010,1389.9634,289.36,577.02,514.75
shot_0010,1389.9714,282.07,541.64,513.03
shot_0010,1389.9794,273.22,503.78,519.38
shot_0010,1389.9875,267.53,470.29,514.51
shot_0010,1389.9955,259.1,434.72,515.66
shot_0010,1390.0036,252.41,400.49,510.22
shot_0010,1390.0116,244.1,364.74,510.65
shot_0010,1390.0197,235.88,330.25,508.63
shot_0010,1390.0277,228.03,294.55,504.56
shot_0010,1390.0357,220.37,260.74,501.6
shot_0010,1390.0438,212.37,226.16,495.14
shot_0010,1390.0518,204.44,194.0,488.04
shot_0010,1390.0599,195.0,157.76,483.74
shot_0010,1390.0679,187.25,125.33,479.07
shot_0010,1390.0759,179.31,91.13,471.6
shot_0010,1390.084,171.45,57.24,463.06
shot_0010,1390.092,163.65,23.32,450.07
shot_0010,1390.1001,156.07,-8.92,444.29
shot_0010,1390.1081,147.96,-42.76,431.62
shot_0010,1390.1161,139.31,-74.32,418.77
shot_0010,1390.1242,131.36,-107.66,409.69
shot_0010,1390.1322,123.23,-139.09,399.26
shot_0010,1390.1403,114.78,-172.12,380.89
shot_0010,1390.1483,106.85,-204.37,365.84
shot_0010,1390.1563,98.47,-235.78,350.23
shot_0010,1390.1644,89.23,-269.02,338.15
shot_0010,1390.1724,81.47,-301.47,317.32
shot_0010,1390.1805,73.29,-331.51,304.92
shot_0010,1390.1885,65.34,-363.45,286.61
shot_0010,1390.1965,56.45,-397.18,260.13
shot_0010,1390.2046,48.06,-426.65,242.98
shot_0010,1390.2126,40.39,-457.4,225.28
shot_0010,1390.2207,31.13,-486.11,207.78
shot_0010,1390.2287,23.3,-519.49,182.13
shot_0010,1390.2367,14.68,-549.61,159.08
shot_0010,1390.2448,6.44,-575.63,146.0
shot_0010,1390.2528,-2.18,-605.71,121.15
shot_0010,1390.2609,-11.75,-638.11,91.07
shot_0010,1390.2689,-18.22,-663.78,75.69
shot_0010,1390.2769,-24.19,-690.08,66.43
shot_0010,1390.285,-29.6,-715.78,83.55
shot_0010,1390.293,-32.48,-732.32,116.59
shot_0010,1390.3011,-38.61,-753.3,137.34
shot_0010,1390.3091,-40.97,-773.15,158.22
shot_0010,1390.3171,-45.6,-794.82,180.44
shot_0010,1390.3252,-49.54,-816.44,199.0
shot_0010,1390.3332,-55.01,-839.3,215.89
shot_0010,1390.3413,-59.66,-860.58,231.05
shot_0010,1390.3493,-62.53,-879.18,253.67
shot_0010,1390.3573,-69.26,-903.18,263.99
shot_0010,1390.3654,-72.44,-919.75,284.38
shot_0010,1390.3734,-77.93,-942.83,297.52
shot_0010,1390.3815,-83.47,-966.32,309.94
shot_0010,1390.3895,-85.62,-977.91,329.76
shot_0010,1390.3975,-91.73,-1003.5,340.08
shot_0010,1390.4056,-96.98,-1022.1,352.58
shot_0010,1390.4136,-101.98,-1044.1,361.0
shot_0010,1390.4217,-107.96,-1067.51,366.13
shot_0010,1390.4297,-112.73,-1083.76,382.32
shot_0010,1390.4377,-117.03,-1103.23,393.4
shot_0010,1390.4458,-120.95,-1119.46,403.18
shot_0010,1390.4538,-127.86,-1142.2,408.18
shot_0010,1390.4619,-132.26,-1160.82,414.28
shot_0010,1390.4699,-137.1,-1179.54,419.2
shot_0010,1390.4779,-142.61,-1198.66,425.27
shot_0010,1390.486,-149.16,-1223.15,423.5
shot_0010,1390.494,-153.45,-1239.78,430.71
shot_0010,1390.5021,-160.78,-1263.62,432.19
shot_0010,1390.5101,-164.5,-1278.02,439.0
shot_0010,1390.5181,-172.14,-1307.22,432.29
shot_0011,1390.5262,-176.05,-1316.27,437.23
shot_0011,1390.5423,-154.46,-1240.62,480.51
shot_0011,1390.5503,-144.04,-1206.97,496.45
shot_0011,1390.5583,-134.66,-1171.76,513.31
shot_0011,1390.5664,-122.41,-1131.83,533.66
shot_0011,1390.5744,-111.46,-1096.09,548.18
shot_0011,1390.5825,-101.31,-1059.46,563.67
shot_0011,1390.5905,-91.02,-1021.28,579.39
shot_0011,1390.5985,-80.82,-985.87,594.21
shot_0011,1390.6066,-70.78,-951.01,605.62
shot_0011,1390.6146,-62.21,-919.11,615.74
shot_0011,1390.6227,-49.9,-877.82,634.4
shot_0011,1390.6307,-40.18,-844.16,644.89
shot_0011,1390.6387,-29.44,-808.88,653.76
shot_0011,1390.6468,-19.86,-775.07,663.84
shot_0011,1390.6548,-10.49,-741.84,671.06
shot_0011,1390.6629,-0.24,-708.93,677.4
shot_0011,1390.6709,9.23,-674.86,684.52
shot_0011,1390.6789,19.21,-642.13,688.67
shot_0011,1390.687,29.66,-607.39,694.71
shot_0011,1390.695,39.44,-572.19,702.46
shot_0011,1390.7031,49.77,-538.91,705.86
shot_0011,1390.7111,58.4,-511.02,704.21
shot_0011,1390.7191,67.49,-476.65,709.19
shot_0011,1390.7272,77.41,-444.99,708.46
shot_0011,1390.7352,87.06,-414.46,707.92
shot_0011,1390.7433,96.89,-381.52,707.07
shot_0011,1390.7513,106.24,-349.85,708.19
shot_0011,1390.7593,116.12,-318.63,702.91
shot_0011,1390.7674,125.05,-286.99,704.72
shot_0011,1390.7754,134.8,-256.19,699.83
shot_0011,1390.7835,144.03,-226.27,695.24
shot_0011,1390.7915,153.58,-194.21,691.81
shot_0011,1390.7995,162.34,-163.83,687.64
shot_0011,1390.8076,171.31,-134.09,678.84
shot_0011,1390.8156,180.74,-103.18,671.9
shot_0011,1390.8237,190.14,-73.59,665.59
shot_0011,1390.8317,199.21,-44.07,656.43
shot_0011,1390.8397,208.31,-12.99,645.17
shot_0011,1390.8478,217.49,14.87,638.36
shot_0011,1390.8558,226.13,44.0,627.48
shot_0011,1390.8639,236.02,73.64,611.06
shot_0011,1390.8719,244.56,102.46,603.21
shot_0011,1390.8799,254.1,131.85,588.71
shot_0011,1390.888,262.45,159.81,576.5
shot_0011,1390.896,271.33,187.51,565.57
shot_0011,1390.9041,280.13,215.0,548.56
shot_0011,1390.9121,287.45,242.67,536.45
shot_0011,1390.9201,297.45,270.11,517.93
shot_0011,1390.9282,306.16,297.75,502.38
shot_0011,1390.9362,314.05,324.8,486.83
shot_0011,1390.9443,322.63,351.09,467.36
shot_0011,1390.9523,329.98,378.73,449.83
shot_0011,1390.9603,339.05,406.12,428.05
shot_0011,1390.9684,346.83,430.1,411.95
shot_0011,1390.9764,355.62,458.55,387.96
shot_0011,1390.9845,363.87,484.6,368.0
shot_0011,1390.9925,371.68,508.99,347.82
shot_0011,1391.0005,378.29,533.81,327.74
shot_0011,1391.0086,387.7,561.77,299.94
shot_0011,1391.0166,395.49,587.42,277.85
shot_0011,1391.0247,402.2,610.94,254.8
shot_0011,1391.0327,410.92,635.18,228.94
shot_0011,1391.0407,418.28,661.48,203.74
shot_0011,1391.0488,424.11,684.77,180.0
shot_0011,1391.0568,432.63,706.22,158.22
shot_0011,1391.0649,438.93,729.83,131.37
shot_0011,1391.0729,447.11,756.99,99.06
shot_0011,1391.0809,452.07,774.27,80.43
shot_0011,1391.089,458.42,799.02,51.55
shot_0011,1391.097,465.93,824.19,20.62
shot_0011,1391.1051,474.89,847.42,3.5
shot_0011,1391.1131,482.7,862.54,34.99
shot_0011,1391.1211,490.51,881.51,57.05
shot_0011,1391.1292,499.49,901.17,83.97
shot_0011,1391.1372,510.93,925.33,96.58
shot_0011,1391.1453,517.74,941.42,122.78
shot_0011,1391.1533,526.49,963.39,137.27
shot_0011,1391.1613,533.7,976.86,164.5
shot_0011,1391.1694,543.5,998.18,182.6
shot_0011,1391.1774,553.06,1017.26,198.6
shot_0012,1391.4669,458.6,400.26,527.47
shot_0012,1391.4749,451.2,367.59,519.96
shot_0012,1391.4829,441.05,328.71,520.69
shot_0012,1391.491,432.61,294.54,513.8
shot_0012,1391.499,424.28,259.48,506.77
shot_0012,1391.5071,415.82,224.35,499.33
shot_0012,1391.5151,406.19,187.35,495.69
shot_0012,1391.5231,398.39,153.49,486.13
shot_0012,1391.5312,391.04,119.75,476.08
shot_0012,1391.5392,380.06,83.81,471.97
shot_0012,1391.5473,370.3,47.69,466.31
shot_0012,1391.5553,361.64,12.99,452.36
shot_0012,1391.5633,353.63,-19.07,441.86
shot_0012,1391.5714,344.76,-53.57,431.65
shot_0012,1391.5794,335.92,-87.64,421.64
shot_0012,1391.5875,327.5,-120.28,407.72
shot_0012,1391.5955,318.26,-154.62,396.36
shot_0012,1391.6035,309.23,-188.27,381.47
shot_0012,1391.6116,301.98,-222.32,361.73
shot_0012,1391.6196,292.19,-253.97,351.27
shot_0012,1391.6277,284.37,-285.69,333.05
shot_0012,1391.6357,275.23,-318.88,315.59
shot_0012,1391.6437,266.75,-351.82,299.88
shot_0012,1391.6518,257.83,-383.46,281.81
shot_0012,1391.6598,248.63,-412.71,269.3
shot_0012,1391.6679,240.77,-445.51,247.43
shot_0012,1391.6759,231.18,-474.65,233.63
shot_0012,1391.6839,224.14,-508.77,205.29
shot_0012,1391.692,214.42,-539.95,184.51
shot_0012,1391.7,206.18,-568.56,167.53
shot_0012,1391.7081,198.26,-603.27,136.84
shot_0012,1391.7161,189.81,-630.61,119.92
shot_0012,1391.7241,180.4,-665.33,87.32
shot_0012,1391.7322,172.03,-694.97,64.06
shot_0012,1391.7402,165.33,-724.06,52.14
shot_0012,1391.7483,161.09,-747.34,76.11
shot_0012,1391.7563,155.92,-773.84,97.58
shot_0012,1391.7643,151.87,-795.68,125.46
shot_0012,1391.7724,148.0,-813.55,151.16
shot_0012,1391.7804,143.38,-841.13,169.7
shot_0012,1391.7885,139.66,-863.65,189.3
shot_0012,1391.7965,135.94,-892.66,202.91
shot_0012,1391.8045,130.51,-914.18,223.26
shot_0012,1391.8126,126.85,-932.93,247.59
shot_0012,1391.8206,121.39,-959.72,258.93
shot_0012,1391.8287,117.23,-976.57,284.23
shot_0012,1391.8367,112.99,-1003.68,295.99
shot_0012,1391.8447,107.67,-1027.33,308.54
shot_0012,1391.8528,103.99,-1049.93,322.11
shot_0012,1391.8608,99.8,-1069.53,338.67
shot_0012,1391.8689,95.52,-1092.38,350.97
shot_0012,1391.8769,89.44,-1118.68,360.31
shot_0012,1391.8849,85.75,-1139.14,371.32
shot_0012,1391.893,80.09,-1161.12,382.02
shot_0012,1391.901,76.22,-1184.57,389.76
shot_0012,1391.9091,71.49,-1207.17,394.62
shot_0012,1391.9171,66.8,-1222.52,410.47
shot_0012,1391.9251,62.81,-1252.45,409.65
shot_0012,1391.9332,58.05,-1271.32,420.01
shot_0012,1391.9412,52.55,-1302.07,417.03
shot_0012,1391.9493,47.05,-1318.15,427.22
shot_0012,1391.9573,42.07,-1336.85,432.14
shot_0012,1391.9653,37.13,-1365.8,432.12
shot_0012,1391.9734,32.36,-1378.95,439.71
shot_0012,1391.9814,27.63,-1403.62,438.99
shot_0012,1391.9895,21.52,-1431.85,438.48
shot_0013,1394.9643,412.66,-1434.47,305.64
shot_0013,1394.9804,405.88,-1361.3,340.74
shot_0013,1394.9884,404.48,-1340.33,343.45
shot_0013,1394.9965,400.48,-1298.24,365.27
shot_0013,1395.0045,394.92,-1258.97,385.6
shot_0013,1395.0206,386.14,-1178.79,419.1
shot_0013,1395.0286,381.81,-1139.37,434.71
shot_0013,1395.0367,376.24,-1096.64,453.85
shot_0013,1395.0447,372.26,-1064.6,461.55
shot_0013,1395.0527,367.32,-1025.12,476.64
shot_0013,1395.0608,363.98,-991.14,484.71
shot_0013,1395.0769,352.65,-913.03,507.96
shot_0013,1395.0849,348.78,-878.96,514.86
shot_0013,1395.0929,342.6,-839.34,525.25
shot_0013,1395.101,339.35,-804.62,528.06
shot_0013,1395.109,332.1,-764.5,540.48
shot_0013,1395.1251,321.65,-691.62,549.29
shot_0013,1395.1331,317.14,-657.39,551.76
shot_0013,1395.1412,311.33,-618.8,555.17
shot_0013,1395.1492,305.4,-585.49,556.5
shot_0013,1395.1573,299.89,-547.76,559.54
shot_0013,1395.1653,293.65,-511.44,560.7
shot_0013,1395.1733,288.51,-476.16,560.87
shot_0013,1395.1894,276.8,-404.25,557.97
shot_0013,1395.1975,270.15,-367.77,561.0
shot_0013,1395.2055,265.06,-335.29,554.25
shot_0013,1395.2135,258.95,-300.37,552.32
shot_0013,1395.2216,253.05,-266.08,549.3
shot_0013,1395.2296,246.91,-232.38,544.32
shot_0013,1395.2377,241.15,-197.63,539.9
shot_0013,1395.2457,235.05,-163.28,534.08
shot_0013,1395.2618,223.32,-98.48,519.85
shot_0013,1395.2698,217.13,-65.25,508.66
shot_0013,1395.2779,211.66,-32.89,498.81
shot_0013,1395.2859,205.6,-0.42,489.71
shot_0013,1395.2939,199.67,32.66,479.22
shot_0013,1395.302,193.97,63.0,467.43
shot_0013,1395.3181,181.76,125.45,444.3
shot_0013,1395.3261,175.51,158.34,428.49
shot_0013,1395.3341,169.69,188.19,414.87
shot_0013,1395.3422,162.78,219.53,400.7
shot_0013,1395.3502,158.04,248.86,385.26
shot_0013,1395.3583,151.75,279.69,369.55
shot_0013,1395.3663,144.91,309.73,352.51
shot_0013,1395.3743,138.18,340.14,334.33
shot_0013,1395.3904,125.05,399.71,295.37
shot_0013,1395.3985,120.63,426.61,284.37
shot_0013,1395.4065,113.45,456.24,259.62
shot_0013,1395.4145,108.27,484.7,241.51
shot_0013,1395.4226,102.2,516.58,212.6
shot_0013,1395.4387,90.0,570.65,170.05
shot_0013,1395.4467,84.49,597.83,146.09
shot_0013,1395.4547,77.65,623.36,126.95
shot_0013,1395.4628,71.49,654.21,94.18
shot_0013,1395.4708,65.15,681.29,66.22
shot_0013,1395.4789,60.07,702.19,52.01
shot_0013,1395.4869,54.31,730.18,27.98
shot_0013,1395.503,45.1,783.14,63.71
shot_0013,1395.511,41.44,806.36,89.39
shot_0013,1395.5191,36.47,836.42,104.82
shot_0013,1395.5271,33.2,853.75,134.19
shot_0013,1395.5351,28.05,880.83,149.71
shot_0013,1395.5512,19.66,929.34,186.05
shot_0013,1395.5593,14.5,950.46,205.79
shot_0013,1395.5673,9.01,980.53,212.86
shot_0013,1395.5753,4.06,999.46,237.23
shot_0013,1395.5834,1.26,1024.11,250.81
shot_0013,1395.5914,-5.46,1044.76,266.81
shot_0013,1395.6075,-14.19,1091.48,294.37
shot_0013,1395.6155,-18.48,1113.86,303.81
shot_0013,1395.6236,-22.41,1133.76,317.23
shot_0013,1395.6316,-29.35,1162.34,318.22
shot_0013,1395.6397,-33.03,1182.41,330.59
shot_0013,1395.6477,-37.46,1208.34,335.29
shot_0013,1395.6638,-46.68,1243.5,362.88
shot_0013,1395.6718,-54.24,1275.27,361.07
shot_0014,1395.6799,-50.9,1246.9,376.53
shot_0014,1395.6879,-47.46,1213.72,386.48
shot_0014,1395.6959,-43.35,1170.45,401.51
shot_0014,1395.704,-39.9,1127.25,414.93
shot_0014,1395.7201,-31.16,1048.57,437.62
shot_0014,1395.7281,-27.03,1005.97,451.87
shot_0014,1395.7361,-23.93,969.16,461.6
shot_0014,1395.7442,-20.42,931.38,470.77
shot_0014,1395.7522,-15.62,891.04,478.76
shot_0014,1395.7603,-13.2,856.77,482.55
shot_0014,1395.7683,-9.16,815.43,491.64
shot_0014,1395.7844,-2.67,737.3,507.06
shot_0014,1395.7924,0.25,698.61,511.33
shot_0014,1395.8005,3.33,663.16,513.56
shot_0014,1395.8085,7.12,624.56,512.38
shot_0014,1395.8165,9.28,588.22,513.55
shot_0014,1395.8326,14.79,510.83,518.26
shot_0014,1395.8407,16.65,472.36,518.6
shot_0014,1395.8487,20.38,434.0,521.4
shot_0014,1395.8567,23.36,396.94,519.46
shot_0014,1395.8648,24.85,361.58,517.43
shot_0014,1395.8728,26.26,325.97,510.53
shot_0014,1395.8889,29.64,253.47,500.59
shot_0014,1395.8969,32.75,217.84,501.3
shot_0014,1395.905,35.37,183.14,494.76
shot_0014,1395.913,36.87,146.52,488.51
shot_0014,1395.9211,38.53,112.87,480.16
shot_0014,1395.9291,41.05,76.71,469.45
shot_0014,1395.9452,43.17,7.36,452.87
shot_0014,1395.9532,44.66,-26.11,439.84
shot_0014,1395.9613,46.52,-60.87,435.37
shot_0014,1395.9693,47.7,-95.74,421.93
shot_0014,1395.9773,49.19,-129.8,410.87
shot_0014,1395.9854,50.81,-163.96,396.62
shot_0014,1395.9934,50.67,-198.56,378.49
shot_0014,1396.0095,53.7,-265.82,350.38
shot_0014,1396.0175,55.24,-297.4,333.31
shot_0014,1396.0256,56.06,-331.81,315.62
shot_0014,1396.0336,56.41,-364.49,298.3
shot_0014,1396.0417,57.0,-399.22,283.14
shot_0014,1396.0577,57.81,-464.99,239.16
shot_0014,1396.0658,58.49,-497.6,219.78
shot_0014,1396.0738,59.33,-527.76,204.76
shot_0014,1396.0819,59.75,-559.29,184.47
shot_0014,1396.0899,59.44,-590.66,164.46
shot_0014,1396.0979,60.04,-621.43,140.63
shot_0014,1396.114,60.07,-687.34,89.2
shot_0014,1396.1221,59.88,-719.5,62.64
shot_0014,1396.1301,61.13,-744.61,61.54
shot_0014,1396.1381,65.01,-773.36,80.13
shot_0014,1396.1462,67.09,-794.78,107.52
shot_0014,1396.1542,70.11,-817.96,128.79
shot_0014,1396.1623,70.66,-850.54,138.4
shot_0014,1396.1783,76.59,-896.84,182.91
shot_0014,1396.1864,79.1,-916.61,208.55
shot_0014,1396.1944,82.82,-941.45,223.98
shot_0014,1396.2025,82.52,-967.96,236.66
shot_0014,1396.2105,86.23,-991.29,253.65
shot_0014,1396.2185,88.11,-1008.68,277.05
shot_0014,1396.2346,92.09,-1060.22,301.97
shot_0014,1396.2427,93.28,-1088.93,307.45
shot_0014,1396.2507,95.82,-1101.64,331.78
shot_0014,1396.2587,97.55,-1130.04,336.55
shot_0014,1396.2668,98.32,-1156.15,345.98
shot_0014,1396.2748,101.19,-1174.13,359.38
shot_0014,1396.2909,103.17,-1222.58,373.28
shot_0014,1396.2989,103.93,-1252.41,371.18
shot_0014,1396.307,106.17,-1261.89,391.43
shot_0014,1396.315,106.65,-1289.52,391.77
shot_0014,1396.3231,108.54,-1309.88,402.05
shot_0014,1396.3311,110.04,-1333.41,403.45
shot_0014,1396.3391,110.39,-1353.58,409.03
shot_0014,1396.3472,110.71,-1383.33,403.31
shot_0015,1396.3713,114.27,-1379.38,429.7
shot_0015,1396.3793,116.36,-1342.74,441.32
shot_0015,1396.3874,117.48,-1312.57,447.86
shot_0015,1396.3954,119.73,-1270.25,462.29
shot_0015,1396.4035,121.85,-1220.38,480.6
shot_0015,1396.4195,125.15,-1153.59,492.16
shot_0015,1396.4276,127.92,-1106.88,509.04
shot_0015,1396.4356,129.24,-1071.87,514.54
shot_0015,1396.4437,130.5,-1036.7,521.46
shot_0015,1396.4517,132.61,-997.16,531.08
shot_0015,1396.4597,133.27,-960.21,538.35
shot_0015,1396.4758,135.82,-881.83,550.99
shot_0015,1396.4839,136.01,-846.2,554.5
shot_0015,1396.4919,136.64,-808.82,560.08
shot_0015,1396.4999,138.2,-772.81,561.11
shot_0015,1396.508,138.43,-733.39,565.81
shot_0015,1396.516,138.89,-697.64,567.77
shot_0015,1396.5321,139.02,-624.97,570.81
shot_0015,1396.5401,139.06,-590.14,571.05
shot_0015,1396.5482,138.69,-554.22,572.3
shot_0015,1396.5562,138.36,-516.41,571.33
shot_0015,1396.5643,138.34,-479.2,569.0
shot_0015,1396.5723,137.57,-443.21,569.8
shot_0015,1396.5884,136.39,-371.87,567.22
shot_0015,1396.5964,135.59,-338.13,562.14
shot_0015,1396.6045,134.93,-303.14,556.92
shot_0015,1396.6125,133.8,-268.23,552.75
shot_0015,1396.6205,132.74,-235.3,546.32
shot_0015,1396.6366,129.74,-166.92,534.7
shot_0015,1396.6447,128.46,-132.55,529.2
shot_0015,1396.6527,126.78,-98.62,521.64
shot_0015,1396.6607,125.24,-65.94,514.99
shot_0015,1396.6688,123.44,-31.8,501.5
shot_0015,1396.6768,121.36,1.4,493.21
shot_0015,1396.6929,117.32,65.66,473.3
shot_0015,1396.7009,115.47,100.09,459.18
shot_0015,1396.709,113.18,132.03,444.46
shot_0015,1396.717,110.37,163.01,436.69
shot_0015,1396.7251,109.22,193.78,423.01
shot_0015,1396.7411,103.19,259.17,389.94
shot_0015,1396.7492,100.8,292.25,377.42
shot_0015,1396.7572,98.18,324.6,363.38
shot_0015,1396.7653,95.42,357.17,346.03
shot_0015,1396.7733,92.32,388.94,332.21
shot_0015,1396.7813,89.58,418.12,312.53
shot_0015,1396.7894,86.47,448.06,298.34
shot_0015,1396.7974,83.18,480.36,277.58
shot_0015,1396.8135,77.15,542.33,237.53
shot_0015,1396.8215,72.96,574.6,212.88
shot_0015,1396.8296,71.13,602.51,198.13
shot_0015,1396.8376,67.32,632.23,177.74
shot_0015,1396.8457,62.57,666.4,152.53
shot_0015,1396.8617,54.98,724.42,110.67
shot_0015,1396.8698,51.55,753.38,88.89
shot_0015,1396.8778,47.17,780.28,68.68
shot_0015,1396.8859,43.23,809.4,44.52
shot_0015,1396.8939,39.67,841.61,20.98
shot_0015,1396.9019,38.12,871.47,30.92
shot_0015,1396.918,35.11,919.42,78.5
shot_0015,1396.9261,34.93,940.44,99.8
shot_0015,1396.9341,32.98,973.58,109.97
shot_0015,1396.9421,31.59,991.07,138.49
shot_0015,1396.9502,30.71,1015.32,152.31
shot_0015,1396.9582,27.74,1043.06,164.04
shot_0015,1396.9663,26.03,1062.35,185.67
shot_0015,1396.9823,21.63,1111.22,212.92
shot_0015,1396.9904,18.41,1135.44,224.9
shot_0015,1396.9984,17.04,1160.73,236.79
shot_0015,1397.0065,15.18,1184.49,243.01
shot_0015,1397.0145,13.08,1200.48,263.93
shot_0015,1397.0225,11.97,1225.37,269.55
shot_0015,1397.0306,8.84,1245.35,280.22
shot_0016,1397.0386,5.89,1271.79,286.69
shot_0016,1397.0547,7.92,1215.09,317.29
shot_0016,1397.0627,9.88,1176.89,330.33
shot_0016,1397.0708,13.54,1129.8,353.08
shot_0016,1397.0788,15.62,1083.9,373.75
shot_0016,1397.0869,17.37,1045.09,387.32
shot_0016,1397.1029,21.73,968.43,413.95
shot_0016,1397.111,24.97,929.09,426.21
shot_0016,1397.119,28.68,892.71,434.78
shot_0016,1397.1271,29.61,849.71,451.04
shot_0016,1397.1431,34.2,770.18,474.3
shot_0016,1397.1512,35.68,733.41,482.18
shot_0016,1397.1592,37.45,696.82,487.8
shot_0016,1397.1673,39.4,661.07,493.41
shot_0016,1397.1753,41.56,622.61,498.34
shot_0016,1397.1833,43.06,581.39,509.77
shot_0016,1397.1914,44.98,543.87,514.71
shot_0016,1397.2075,48.64,465.53,530.84
shot_0016,1397.2155,50.22,430.49,530.1
shot_0016,1397.2235,51.17,393.44,533.26
shot_0016,1397.2316,52.83,355.73,536.23
shot_0016,1397.2396,54.77,318.46,539.46
shot_0016,1397.2477,56.32,280.82,541.24
shot_0016,1397.2637,58.61,207.86,540.1
shot_0016,1397.2718,58.85,174.73,537.35
shot_0016,1397.2798,60.51,137.58,538.08
shot_0016,1397.2879,61.63,102.27,533.05
shot_0016,1397.2959,62.67,67.14,532.55
shot_0016,1397.3039,63.42,32.41,528.54
shot_0016,1397.312,64.03,-4.62,524.78
shot_0016,1397.3281,65.83,-73.52,514.68
shot_0016,1397.3361,66.12,-106.47,504.55
shot_0016,1397.3441,67.05,-143.19,499.56
shot_0016,1397.3522,67.99,-176.81,493.93
shot_0016,1397.3602,68.66,-212.16,485.78
shot_0016,1397.3683,69.06,-244.82,475.19
shot_0016,1397.3763,68.96,-280.51,464.92
shot_0016,1397.3843,69.82,-313.55,457.35
shot_0016,1397.4004,70.0,-381.81,434.99
shot_0016,1397.4085,71.05,-414.29,423.66
shot_0016,1397.4165,70.59,-451.72,404.39
shot_0016,1397.4246,70.65,-484.65,394.46
shot_0016,1397.4326,70.87,-516.99,380.69
shot_0016,1397.4406,70.1,-552.72,362.41
shot_0016,1397.4567,70.16,-620.09,331.03
shot_0016,1397.4648,69.65,-651.28,317.58
shot_0016,1397.4728,69.72,-686.83,297.97
shot_0016,1397.4808,70.55,-715.4,284.85
shot_0016,1397.4889,69.22,-748.35,265.42
shot_0016,1397.4969,69.38,-786.11,239.61
shot_0016,1397.505,68.61,-816.01,225.9
shot_0016,1397.521,68.23,-881.41,183.29
shot_0016,1397.5291,67.01,-914.51,162.38
shot_0016,1397.5371,66.62,-943.24,141.29
shot_0016,1397.5452,66.48,-972.13,123.64
shot_0016,1397.5532,65.3,-1005.49,99.14
shot_0016,1397.5693,63.45,-1065.48,59.98
shot_0016,1397.5773,64.89,-1095.98,73.51
shot_0016,1397.5854,67.15,-1120.91,93.25
shot_0016,1397.5934,69.46,-1137.7,126.41
shot_0016,1397.6014,69.55,-1163.23,142.58
shot_0016,1397.6175,72.83,-1208.89,182.11
shot_0016,1397.6256,73.99,-1236.95,199.05
shot_0016,1397.6336,74.31,-1260.45,216.9
shot_0016,1397.6416,75.4,-1276.53,238.28
shot_0016,1397.6497,77.24,-1300.3,252.97
shot_0016,1397.6577,78.02,-1326.3,266.35
shot_0016,1397.6738,80.08,-1369.01,291.87
shot_0016,1397.6818,79.8,-1398.24,297.58
shot_0016,1397.6899,79.61,-1418.94,311.82
shot_0016,1397.6979,79.75,-1438.78,324.68
shot_0016,1397.706,80.51,-1463.78,332.2
shot_0017,1397.714,80.79,-1489.31,337.92
shot_0017,1397.7301,83.14,-1430.19,373.28
shot_0017,1397.7381,84.3,-1385.32,398.39
shot_0017,1397.7462,83.99,-1355.43,409.5
shot_0017,1397.7542,84.58,-1316.34,428.77
shot_0017,1397.7622,86.0,-1285.98,437.48
shot_0017,1397.7703,85.98,-1240.34,457.9
shot_0017,1397.7783,86.73,-1205.13,469.39
shot_0017,1397.7944,86.98,-1126.27,499.54
shot_0017,1397.8024,86.77,-1097.22,504.41
shot_0017,1397.8105,87.14,-1062.58,515.38
shot_0017,1397.8185,86.82,-1025.56,525.7
shot_0017,1397.8266,86.38,-988.83,536.48
shot_0017,1397.8346,86.17,-953.44,544.26
shot_0017,1397.8426,86.06,-914.82,554.16
shot_0017,1397.8587,83.86,-849.97,557.56
shot_0017,1397.8668,84.32,-813.42,565.8
shot_0017,1397.8748,83.61,-778.06,569.13
shot_0017,1397.8828,82.78,-742.47,574.0
shot_0017,1397.8909,81.68,-710.91,573.8
shot_0017,1397.907,79.96,-642.39,574.2
shot_0017,1397.915,78.27,-606.21,576.51
shot_0017,1397.923,78.32,-573.71,575.28
shot_0017,1397.9311,76.18,-539.9,573.18
shot_0017,1397.9391,73.65,-506.54,571.92
shot_0017,1397.9472,73.95,-474.6,566.32
shot_0017,1397.9632,70.85,-407.07,562.55
shot_0017,1397.9713,69.7,-376.24,552.69
shot_0017,1397.9793,67.44,-342.11,551.51
shot_0017,1397.9874,65.36,-310.85,543.58
shot_0017,1397.9954,64.03,-278.64,539.45
shot_0017,1398.0034,62.3,-247.24,529.44
shot_0017,1398.0115,59.87,-217.68,520.6
shot_0017,1398.0276,56.69,-153.37,504.91
shot_0017,1398.0356,54.42,-122.93,490.47
shot_0017,1398.0436,52.28,-92.24,482.11
shot_0017,1398.0517,50.02,-62.89,467.86
shot_0017,1398.0597,48.26,-34.64,452.08
shot_0017,1398.0678,45.79,-3.98,439.29
shot_0017,1398.0758,43.77,26.17,426.53
shot_0017,1398.0919,39.44,84.74,398.09
shot_0017,1398.0999,35.98,113.17,377.27
shot_0017,1398.108,34.14,142.02,362.17
shot_0017,1398.116,32.82,168.41,348.14
shot_0017,1398.124,29.51,198.6,326.27
shot_0017,1398.1321,26.87,227.03,305.17
shot_0017,1398.1482,21.37,281.97,265.67
shot_0017,1398.1562,17.51,309.05,243.19
shot_0017,1398.1642,15.67,336.31,220.11
shot_0017,1398.1723,11.94,363.35,198.82
shot_0017,1398.1803,10.21,389.0,177.39
shot_0017,1398.1964,3.61,443.71,128.56
shot_0017,1398.2044,0.69,467.49,112.4
shot_0017,1398.2125,-2.68,497.86,76.53
shot_0017,1398.2205,-5.55,519.0,56.68
shot_0017,1398.2286,-7.25,544.38,45.53
shot_0017,1398.2366,-9.11,569.89,58.12
shot_0017,1398.2527,-9.7,620.84,98.41
shot_0017,1398.2607,-8.44,633.77,133.0
shot_0017,1398.2688,-8.03,656.91,151.24
shot_0017,1398.2768,-9.7,678.51,169.98
shot_0017,1398.2848,-10.08,703.97,182.07
shot_0017,1398.2929,-9.93,726.25,202.29
shot_0017,1398.3009,-11.1,748.9,215.65
shot_0017,1398.309,-11.47,766.76,239.11
shot_0017,1398.325,-13.15,811.13,267.58
shot_0017,1398.3331,-13.91,834.48,279.36
shot_0017,1398.3411,-15.97,857.68,290.41
shot_0017,1398.3492,-16.92,877.61,306.78
shot_0017,1398.3572,-18.65,905.22,309.13
shot_0017,1398.3652,-18.66,920.88,325.26
shot_0017,1398.3813,-21.07,960.28,348.45
shot_0017,1398.3894,-22.09,985.58,353.35
shot_0017,1398.3974,-24.28,1007.45,360.14
shot_0017,1398.4054,-25.29,1024.17,370.25
shot_0017,1398.4135,-26.76,1043.62,377.7
shot_0017,1398.4296,-30.42,1086.24,383.31
shot_0017,1398.4376,-30.45,1104.78,387.42
shot_0017,1398.4456,-33.99,1129.08,387.91
shot_0018,1398.4537,-33.87,1135.95,398.38
shot_0018,1398.4617,-35.06,1105.91,410.17
shot_0018,1398.4698,-35.71,1057.52,430.92
shot_0018,1398.4858,-37.57,977.02,458.29
shot_0018,1398.4939,-38.62,940.47,469.59
shot_0018,1398.5019,-38.52,895.43,487.36
shot_0018,1398.51,-38.87,860.12,492.23
shot_0018,1398.518,-38.39,811.77,511.17
shot_0018,1398.526,-41.87,777.86,513.72
shot_0018,1398.5421,-41.29,695.86,536.51
shot_0018,1398.5502,-43.17,654.78,543.78
shot_0018,1398.5582,-44.52,618.14,547.36
shot_0018,1398.5662,-44.75,575.31,559.07
shot_0018,1398.5743,-45.18,537.57,564.86
shot_0018,1398.5904,-48.74,457.62,576.7
shot_0018,1398.5984,-49.33,417.61,579.92
shot_0018,1398.6064,-52.04,379.19,580.23
shot_0018,1398.6145,-52.96,340.13,583.69
shot_0018,1398.6225,-53.89,302.05,585.5
shot_0018,1398.6306,-56.08,261.97,587.84
shot_0018,1398.6466,-59.45,187.95,589.39
shot_0018,1398.6547,-62.5,151.12,580.4
shot_0018,1398.6627,-64.34,114.43,582.15
shot_0018,1398.6708,-65.97,76.31,580.44
shot_0018,1398.6868,-71.22,3.59,568.05
shot_0018,1398.6949,-74.21,-32.48,561.89
shot_0018,1398.7029,-76.41,-67.64,558.97
shot_0018,1398.711,-78.49,-103.49,550.18
shot_0018,1398.719,-80.39,-138.4,545.63
shot_0018,1398.7351,-85.74,-211.25,525.9
shot_0018,1398.7431,-89.0,-246.54,515.87
shot_0018,1398.7512,-91.55,-281.65,506.81
shot_0018,1398.7592,-95.69,-316.99,491.33
shot_0018,1398.7672,-98.72,-351.7,480.41
shot_0018,1398.7753,-101.36,-388.24,469.35
shot_0018,1398.7833,-103.87,-420.73,459.09
shot_0018,1398.7994,-112.1,-491.52,423.92
shot_0018,1398.8074,-115.63,-525.6,409.8
shot_0018,1398.8155,-119.19,-561.75,388.26
shot_0018,1398.8235,-122.37,-595.57,377.16
shot_0018,1398.8316,-126.12,-629.77,354.44
shot_0018,1398.8476,-133.98,-699.14,317.16
shot_0018,1398.8557,-136.25,-728.64,302.74
shot_0018,1398.8637,-141.02,-762.7,279.96
shot_0018,1398.8798,-149.58,-829.59,237.69
shot_0018,1398.8878,-152.36,-861.03,215.03
shot_0018,1398.9039,-162.41,-932.29,160.91
shot_0018,1398.912,-165.11,-956.13,146.46
shot_0018,1398.92,-168.0,-986.93,125.37
shot_0018,1398.9361,-176.04,-1050.72,71.09
shot_0018,1398.9441,-177.96,-1079.27,71.92
shot_0018,1398.9522,-180.04,-1108.12,92.26
shot_0018,1398.9602,-181.25,-1130.31,118.72
shot_0018,1398.9682,-182.67,-1149.37,146.84
shot_0018,1398.9843,-182.99,-1201.15,185.52
shot_0018,1398.9924,-185.56,-1229.97,198.48
shot_0018,1399.0004,-186.48,-1252.64,222.79
shot_0018,1399.0084,-186.61,-1273.12,242.35
shot_0018,1399.0165,-188.07,-1296.61,260.24
shot_0018,1399.0326,-191.35,-1345.82,287.32
shot_0018,1399.0406,-192.15,-1369.56,301.81
shot_0018,1399.0486,-193.14,-1395.01,317.27
shot_0018,1399.0567,-194.66,-1417.37,329.37
shot_0018,1399.0647,-198.41,-1450.2,339.26
shot_0019,1399.0888,-199.14,-1440.12,394.67
shot_0019,1399.0969,-195.29,-1395.87,421.13
shot_0019,1399.1049,-195.62,-1363.67,434.22
shot_0019,1399.113,-193.41,-1329.05,447.44
shot_0019,1399.121,-189.76,-1280.9,471.25
shot_0019,1399.129,-190.52,-1251.74,482.3
shot_0019,1399.1451,-183.36,-1156.92,525.9
shot_0019,1399.1532,-183.01,-1129.92,532.03
shot_0019,1399.1612,-181.73,-1089.34,545.82
shot_0019,1399.1692,-178.86,-1051.6,559.38
shot_0019,1399.1773,-175.95,-1008.15,579.9
shot_0019,1399.1934,-173.07,-941.36,596.4
shot_0019,1399.2014,-170.12,-905.14,606.62
shot_0019,1399.2094,-167.08,-865.99,620.67
shot_0019,1399.2175,-164.27,-825.53,631.15
shot_0019,1399.2336,-158.11,-751.14,647.14
shot_0019,1399.2416,-155.31,-713.56,654.52
shot_0019,1399.2496,-153.5,-678.5,660.17
shot_0019,1399.2577,-149.79,-640.95,669.22
shot_0019,1399.2657,-146.74,-605.04,671.91
shot_0019,1399.2738,-143.82,-556.9,674.33
shot_0019,1399.2898,-139.67,-501.03,681.88
shot_0019,1399.2979,-135.29,-465.65,686.78
shot_0019,1399.3059,-131.82,-429.35,689.58
shot_0019,1399.314,-129.8,-395.74,686.67
shot_0019,1399.33,-124.78,-329.71,684.23
shot_0019,1399.3381,-121.37,-295.53,683.36
shot_0019,1399.3461,-118.03,-262.15,681.84
shot_0019,1399.3542,-115.36,-229.06,677.7
shot_0019,1399.3622,-111.9,-196.86,675.9
shot_0019,1399.3702,-110.69,-165.43,668.65
shot_0019,1399.3783,-106.64,-132.36,666.02
shot_0019,1399.3944,-100.68,-66.17,652.29
shot_0019,1399.4024,-97.02,-35.4,646.06
shot_0019,1399.4104,-94.04,-5.86,637.32
shot_0019,1399.4185,-90.42,25.64,630.76
shot_0019,1399.4265,-87.81,57.26,618.24
shot_0019,1399.4426,-81.31,119.84,601.52
shot_0019,1399.4506,-78.72,152.11,586.82
shot_0019,1399.4587,-76.05,182.62,571.63
shot_0019,1399.4667,-72.1,212.61,559.22
shot_0019,1399.4748,-67.23,241.43,550.57
shot_0019,1399.4908,-61.21,302.06,517.83
shot_0019,1399.4989,-58.4,331.53,503.22
shot_0019,1399.5069,-54.44,357.66,495.22
shot_0019,1399.515,-50.85,389.11,475.18
shot_0019,1399.523,-47.65,420.16,456.88
shot_0019,1399.531,-44.57,448.89,436.32
shot_0019,1399.5471,-37.81,506.3,400.39
shot_0019,1399.5552,-34.54,535.14,378.76
shot_0019,1399.5632,-30.78,563.37,357.33
shot_0019,1399.5712,-27.74,592.72,334.39
shot_0019,1399.5793,-25.51,618.69,316.48
shot_0019,1399.5873,-19.72,646.86,293.64
shot_0019,1399.6034,-14.1,699.28,247.85
shot_0019,1399.6114,-10.61,728.39,226.33
shot_0019,1399.6195,-7.57,755.39,198.89
shot_0019,1399.6275,-4.01,782.44,174.72
shot_0019,1399.6356,-0.77,807.14,152.77
shot_0019,1399.6516,4.94,861.19,96.82
shot_0019,1399.6597,9.28,880.76,80.61
shot_0019,1399.6677,12.48,913.01,43.2
shot_0019,1399.6758,17.32,938.79,16.17
shot_0019,1399.6838,22.67,956.19,37.61
shot_0019,1399.6918,29.02,978.86,62.6
shot_0019,1399.6999,32.4,1000.75,78.32
shot_0019,1399.716,45.62,1041.3,129.43
shot_0019,1399.724,50.73,1057.4,155.63
shot_0019,1399.732,56.19,1086.46,164.91
shot_0019,1399.7401,61.64,1099.59,188.83
shot_0019,1399.7481,67.49,1124.86,202.87
shot_0019,1399.7642,77.81,1168.36,231.2
shot_0019,1399.7722,84.49,1180.25,255.46
shot_0019,1399.7803,89.68,1200.6,270.33
shot_0019,1399.7883,94.05,1220.38,282.61
shot_0019,1399.7964,98.75,1245.19,291.7
shot_0019,1399.8044,105.57,1266.67,304.71
shot_0019,1399.8205,117.72,1310.82,324.49
shot_0020,1399.8285,118.01,1302.44,330.77
shot_0020,1399.8366,116.46,1260.78,338.85
shot_0020,1399.8446,114.01,1210.75,348.22
shot_0020,1399.8526,114.27,1169.09,354.88
shot_0020,1399.8687,111.58,1081.81,367.4
shot_0020,1399.8768,108.83,1035.17,375.77
shot_0020,1399.8848,107.19,993.89,379.26
shot_0020,1399.8929,105.75,954.21,379.68
shot_0020,1399.9009,104.25,909.42,385.9
shot_0020,1399.9089,103.24,870.46,384.08
shot_0020,1399.925,100.64,793.25,378.24
shot_0020,1399.9331,100.46,748.08,380.04
shot_0020,1399.9411,98.61,712.37,374.05
shot_0020,1399.9491,96.45,669.78,372.67
shot_0020,1399.9572,95.62,632.43,366.1
shot_0020,1399.9733,92.88,547.38,363.39
shot_0020,1399.9813,90.89,512.47,352.66
shot_0020,1399.9893,90.04,469.97,353.01
shot_0020,1399.9974,88.11,430.37,344.57
shot_0020,1400.0054,87.33,392.31,334.63
shot_0020,1400.0135,86.22,351.78,333.33
shot_0020,1400.0295,84.85,277.15,309.9
shot_0020,1400.0376,82.49,238.86,302.32
shot_0020,1400.0456,82.39,203.87,294.08
shot_0020,1400.0537,81.41,169.15,271.85
shot_0020,1400.0617,79.5,130.8,265.71
shot_0020,1400.0697,77.41,92.81,248.44
shot_0020,1400.0858,77.28,18.45,227.61
shot_0020,1400.0939,75.21,-17.4,213.71
shot_0020,1400.1019,74.45,-54.6,197.41
shot_0020,1400.1099,74.08,-90.26,182.11
shot_0020,1400.118,72.83,-127.11,168.54
shot_0020,1400.126,71.81,-163.82,141.77
shot_0020,1400.1421,70.8,-233.06,109.81
shot_0020,1400.1501,70.53,-267.84,92.32
shot_0020,1400.1582,70.44,-303.17,70.75
shot_0020,1400.1662,70.26,-337.38,59.71
shot_0020,1400.1823,72.63,-398.79,91.52
shot_0020,1400.1903,74.85,-424.94,119.63
shot_0020,1400.1984,76.42,-454.55,141.21
shot_0020,1400.2064,76.37,-483.64,150.31
shot_0020,1400.2145,79.71,-514.05,165.78
shot_0020,1400.2225,79.54,-545.23,173.47
shot_0020,1400.2305,82.95,-577.58,214.56
shot_0020,1400.2466,85.38,-627.5,216.71
shot_0020,1400.2547,86.1,-656.45,230.42
shot_0020,1400.2627,87.99,-681.6,245.43
shot_0020,1400.2707,88.89,-710.98,255.1
shot_0020,1400.2788,89.59,-737.62,265.61
shot_0020,1400.2949,92.96,-794.68,280.99
shot_0020,1400.3029,94.0,-821.66,286.15
shot_0020,1400.3109,94.86,-846.27,296.88
shot_0020,1400.319,97.41,-874.66,303.51
shot_0020,1400.327,97.94,-901.6,308.13
shot_0020,1400.3431,99.77,-956.96,315.15
shot_0020,1400.3511,101.5,-986.04,317.65
shot_0020,1400.3592,102.07,-1008.44,321.9
shot_0020,1400.3672,103.49,-1038.43,322.16
shot_0020,1400.3753,105.37,-1056.69,332.73
shot_0020,1400.3833,106.45,-1085.47,328.88
shot_0020,1400.3994,108.95,-1135.3,331.13
shot_0020,1400.4074,109.62,-1159.73,330.1
shot_0020,1400.4155,110.27,-1191.65,321.73
shot_0020,1400.4235,111.66,-1222.03,313.0
shot_0020,1400.4315,110.86,-1243.39,313.29
shot_0020,1400.4476,114.41,-1294.76,301.76
shot_0020,1400.4557,115.15,-1318.89,296.05
shot_0020,1400.4637,115.2,-1346.05,287.97
shot_0020,1400.4717,116.63,-1371.64,280.21
shot_0020,1400.4878,119.1,-1412.29,270.65
shot_0020,1400.4959,121.19,-1440.66,261.55
shot_0020,1400.5039,120.44,-1464.79,246.61
shot_0020,1400.5119,121.3,-1477.53,245.46
shot_0021,1400.528,123.77,-1517.32,225.28
shot_0021,1400.5361,125.51,-1476.09,239.25
shot_0021,1400.5521,129.25,-1387.79,279.53
shot_0021,1400.5602,131.13,-1346.34,294.07
shot_0021,1400.5682,131.11,-1304.38,305.72
shot_0021,1400.5763,132.43,-1253.27,328.46
shot_0021,1400.5843,135.02,-1221.48,333.5
shot_0021,1400.6004,137.41,-1135.11,359.66
shot_0021,1400.6084,137.1,-1094.61,370.32
shot_0021,1400.6165,137.99,-1050.86,382.17
shot_0021,1400.6245,139.37,-1011.69,387.35
shot_0021,1400.6325,140.5,-969.57,395.81
shot_0021,1400.6486,140.19,-889.42,408.54
shot_0021,1400.6567,140.58,-843.86,420.02
shot_0021,1400.6647,140.26,-805.01,423.22
shot_0021,1400.6727,141.69,-763.99,428.92
shot_0021,1400.6808,140.21,-729.47,425.3
shot_0021,1400.6888,140.25,-690.04,427.58
shot_0021,1400.6969,141.37,-652.93,427.75
shot_0021,1400.7129,140.34,-574.03,429.85
shot_0021,1400.721,140.15,-536.29,426.37
shot_0021,1400.729,140.83,-499.44,423.1
shot_0021,1400.7371,140.2,-460.62,424.46
shot_0021,1400.7451,139.17,-425.52,415.84
shot_0021,1400.7531,140.24,-388.99,405.81
shot_0021,1400.7692,138.03,-313.18,406.89
shot_0021,1400.7773,137.95,-277.63,400.12
shot_0021,1400.7853,136.73,-239.32,396.49
shot_0021,1400.7933,136.05,-205.37,385.79
shot_0021,1400.8014,136.29,-170.52,378.78
shot_0021,1400.8094,135.4,-134.78,364.99
shot_0021,1400.8255,133.06,-65.05,347.31
shot_0021,1400.8335,132.83,-30.99,333.82
shot_0021,1400.8416,131.42,3.16,320.32
shot_0021,1400.8496,130.87,36.18,308.08
shot_0021,1400.8577,129.71,68.53,297.41
shot_0021,1400.8657,128.54,103.57,276.63
shot_0021,1400.8818,126.14,168.73,245.58
shot_0021,1400.8898,124.74,199.58,230.62
shot_0021,1400.8979,123.62,233.14,212.46
shot_0021,1400.9059,122.12,264.82,193.49
shot_0021,1400.9139,120.4,298.53,170.1
shot_0021,1400.93,116.95,358.6,134.71
shot_0021,1400.9381,116.36,389.25,117.38
shot_0021,1400.9461,113.72,419.56,94.22
shot_0021,1400.9541,112.86,447.17,73.19
shot_0021,1400.9622,111.2,479.78,45.63
shot_0021,1400.9783,110.05,536.96,49.8
shot_0021,1400.9863,111.19,567.81,68.96
shot_0021,1400.9943,112.42,595.75,91.34
shot_0021,1401.0024,113.96,626.88,104.55
shot_0021,1401.0104,112.81,659.37,120.6
shot_0021,1401.0265,114.23,719.19,144.74
shot_0021,1401.0345,114.97,743.8,171.58
shot_0021,1401.0426,114.74,771.61,183.93
shot_0021,1401.0506,116.06,803.63,192.96
shot_0021,1401.0587,116.37,830.96,207.96
shot_0021,1401.0667,116.34,861.34,217.82
shot_0021,1401.0828,116.84,915.02,241.88
shot_0021,1401.0908,118.18,945.22,247.09
shot_0021,1401.0989,117.46,972.78,254.75
shot_0021,1401.1069,116.93,1000.54,263.84
shot_0021,1401.1149,117.2,1024.91,275.09
shot_0021,1401.123,116.19,1051.7,282.0
shot_0021,1401.131,116.96,1080.74,284.7
shot_0021,1401.1471,117.16,1138.69,285.06
shot_0021,1401.1551,115.83,1162.94,292.78
shot_0021,1401.1632,115.28,1193.47,289.24
shot_0021,1401.1712,114.97,1215.75,295.85
shot_0022,1401.1873,114.08,1265.32,292.75
shot_0022,1401.2034,115.77,1185.87,329.68
shot_0022,1401.2114,116.03,1142.51,345.62
shot_0022,1401.2195,116.66,1093.98,362.52
shot_0022,1401.2275,117.39,1050.36,378.01
shot_0022,1401.2355,118.2,1007.67,392.42
shot_0022,1401.2516,119.0,921.87,416.88
shot_0022,1401.2597,119.59,873.93,433.36
shot_0022,1401.2677,120.15,833.43,440.87
shot_0022,1401.2757,120.59,785.44,456.37
shot_0022,1401.2838,121.08,746.28,463.53
shot_0022,1401.2999,122.37,665.44,474.29
shot_0022,1401.3079,122.5,622.02,482.87
shot_0022,1401.3159,121.73,575.12,492.65
shot_0022,1401.324,122.26,535.08,495.59
shot_0022,1401.332,122.13,494.22,500.71
shot_0022,1401.3401,122.15,452.88,501.4
shot_0022,1401.3481,122.56,411.39,508.61
shot_0022,1401.3642,123.24,331.14,507.46
shot_0022,1401.3722,122.79,288.58,511.33
shot_0022,1401.3803,122.08,248.41,513.52
shot_0022,1401.3883,122.55,210.12,504.94
shot_0022,1401.3963,121.86,170.7,508.74
shot_0022,1401.4044,121.91,130.54,503.88
shot_0022,1401.4124,121.3,91.55,501.88
shot_0022,1401.4285,121.24,12.79,497.76
shot_0022,1401.4365,120.12,-25.28,488.74
shot_0022,1401.4446,121.39,-63.97,483.59
shot_0022,1401.4526,120.4,-101.13,476.89
shot_0022,1401.4607,120.03,-138.33,469.86
shot_0022,1401.4687,119.58,-177.15,459.0
shot_0022,1401.4848,119.36,-251.9,437.9
shot_0022,1401.4928,118.74,-289.11,426.57
shot_0022,1401.5009,118.63,-324.45,417.13
shot_0022,1401.5089,117.22,-361.74,401.89
shot_0022,1401.5169,116.55,-400.38,389.91
shot_0022,1401.533,115.9,-471.44,362.05
shot_0022,1401.5411,114.72,-508.7,347.02
shot_0022,1401.5491,114.36,-547.57,326.16
shot_0022,1401.5571,113.81,-580.93,315.23
shot_0022,1401.5652,112.96,-620.32,291.53
shot_0022,1401.5813,111.26,-690.13,255.78
shot_0022,1401.5893,110.8,-723.35,240.96
shot_0022,1401.5973,109.12,-758.38,219.49
shot_0022,1401.6054,108.9,-792.97,201.66
shot_0022,1401.6134,107.33,-825.62,180.73
shot_0022,1401.6295,106.43,-890.56,141.3
shot_0022,1401.6375,104.4,-924.39,117.29
shot_0022,1401.6456,103.53,-957.2,93.13
shot_0022,1401.6536,101.01,-989.69,71.45
shot_0022,1401.6697,103.53,-1054.0,77.03
shot_0022,1401.6777,105.12,-1066.76,115.29
shot_0022,1401.6858,105.8,-1103.0,122.72
shot_0022,1401.6938,107.79,-1122.52,154.19
shot_0022,1401.7019,109.17,-1149.45,173.0
shot_0022,1401.7179,111.36,-1203.24,207.13
shot_0022,1401.726,112.88,-1229.71,222.57
shot_0022,1401.734,114.45,-1247.47,246.32
shot_0022,1401.7421,114.19,-1278.78,252.79
shot_0022,1401.7581,115.68,-1333.19,277.34
shot_0022,1401.7662,117.75,-1351.54,295.74
shot_0022,1401.7742,118.98,-1373.28,309.09
shot_0022,1401.7903,118.73,-1419.57,333.31
shot_0022,1401.7983,119.28,-1444.56,339.98
shot_0022,1401.8064,120.03,-1470.24,349.45
shot_0022,1401.8225,120.82,-1515.05,366.07
shot_0023,1401.8305,120.18,-1539.17,374.12
shot_0023,1401.8385,123.55,-1510.75,393.82
shot_0023,1401.8466,127.13,-1479.79,406.2
shot_0023,1401.8627,135.81,-1396.57,447.84
shot_0023,1401.8707,138.66,-1354.98,467.74
shot_0023,1401.8787,142.3,-1315.37,487.64
shot_0023,1401.8948,149.2,-1239.24,517.09
shot_0023,1401.9029,151.6,-1204.64,529.84
shot_0023,1401.9109,154.94,-1173.19,537.82
shot_0023,1401.9189,157.56,-1134.76,551.45
shot_0023,1401.935,163.68,-1055.84,574.55
shot_0023,1401.9431,165.78,-1024.93,582.43
shot_0023,1401.9511,168.57,-987.31,593.34
shot_0023,1401.9591,171.02,-954.6,599.41
shot_0023,1401.9672,172.57,-916.0,610.81
shot_0023,1401.9833,177.15,-845.95,621.84
shot_0023,1401.9913,179.73,-812.59,624.35
shot_0023,1401.9993,181.06,-776.6,629.82
shot_0023,1402.0074,183.45,-744.31,629.68
shot_0023,1402.0235,186.82,-674.55,634.02
shot_0023,1402.0315,187.78,-640.59,636.01
shot_0023,1402.0395,190.22,-608.45,631.69
shot_0023,1402.0476,191.59,-574.11,632.19
shot_0023,1402.0556,192.85,-540.03,629.88
shot_0023,1402.0637,193.65,-507.14,628.07
shot_0023,1402.0717,194.45,-474.03,626.08
shot_0023,1402.0878,197.17,-408.23,618.35
shot_0023,1402.0958,198.06,-375.47,610.75
shot_0023,1402.1039,198.27,-343.65,608.87
shot_0023,1402.1119,199.34,-310.59,600.35
shot_0023,1402.1199,200.27,-278.96,593.98
shot_0023,1402.128,200.54,-246.77,584.61
shot_0023,1402.136,201.27,-216.93,577.51
shot_0023,1402.1521,202.68,-154.4,560.29
shot_0023,1402.1601,203.15,-124.28,545.31
shot_0023,1402.1682,203.63,-93.68,533.73
shot_0023,1402.1762,204.24,-64.61,525.45
shot_0023,1402.1843,204.68,-33.77,509.66
shot_0023,1402.2003,205.6,24.47,478.32
shot_0023,1402.2084,205.67,54.66,467.38
shot_0023,1402.2164,205.66,82.96,452.21
shot_0023,1402.2245,205.89,113.27,434.33
shot_0023,1402.2325,206.46,140.11,416.24
shot_0023,1402.2486,206.51,198.06,378.18
shot_0023,1402.2566,206.32,225.16,359.76
shot_0023,1402.2647,206.78,252.44,341.22
shot_0023,1402.2727,206.28,280.32,317.68
shot_0023,1402.2807,206.07,305.56,304.09
shot_0023,1402.2888,206.01,333.4,279.89
shot_0023,1402.3049,206.1,386.67,232.3
shot_0023,1402.3129,205.9,412.17,208.06
shot_0023,1402.3209,205.86,436.87,186.25
shot_0023,1402.329,205.05,462.49,162.74
shot_0023,1402.337,204.44,487.97,137.76
shot_0023,1402.3451,204.39,513.1,109.74
shot_0023,1402.3612,203.01,557.69,67.69
shot_0023,1402.3692,202.74,586.93,25.47
shot_0023,1402.3772,203.26,602.86,38.6
shot_0023,1402.3853,205.32,633.99,57.49
shot_0023,1402.3933,208.72,664.29,71.63
shot_0023,1402.4014,210.28,690.63,94.79
shot_0023,1402.4174,214.43,737.4,142.94
shot_0023,1402.4255,216.5,762.43,167.25
shot_0023,1402.4335,219.74,790.71,182.83
shot_0023,1402.4416,221.74,813.98,204.27
shot_0023,1402.4496,223.4,839.87,223.45
shot_0023,1402.4657,228.44,894.68,247.39
shot_0023,1402.4737,229.2,916.34,267.55
shot_0023,1402.4818,230.81,944.33,279.55
shot_0023,1402.4898,233.17,967.8,291.97
shot_0023,1402.5059,236.02,1017.83,315.55
shot_0023,1402.5139,236.77,1038.68,330.36
shot_0023,1402.522,238.8,1063.17,338.38
shot_0023,1402.53,240.58,1093.79,341.63
shot_0023,1402.538,242.57,1116.06,351.15
shot_0023,1402.5541,245.71,1168.78,363.35
shot_0023,1402.5622,245.59,1180.69,380.04
shot_0024,1402.5702,245.82,1192.79,382.38
shot_0024,1402.5782,243.51,1155.22,393.77
shot_0024,1402.5863,238.77,1105.54,410.41
shot_0024,1402.6024,232.8,1016.06,434.84
shot_0024,1402.6104,228.2,971.03,443.82
shot_0024,1402.6184,224.93,928.43,455.63
shot_0024,1402.6265,221.09,885.98,463.94
shot_0024,1402.6345,216.37,836.32,476.7
shot_0024,1402.6426,211.83,793.85,485.5
shot_0024,1402.6667,198.92,666.97,501.77
shot_0024,1402.6747,195.6,622.61,506.11
shot_0024,1402.6828,189.98,576.19,513.55
shot_0024,1402.6908,184.79,536.1,513.84
shot_0024,1402.6988,180.53,492.75,514.58
shot_0024,1402.7149,170.24,407.95,518.36
shot_0024,1402.723,166.1,367.76,516.9
shot_0024,1402.731,160.41,324.38,516.72
shot_0024,1402.739,155.52,284.01,518.23
shot_0024,1402.7471,149.67,242.46,514.41
shot_0024,1402.7551,146.13,203.09,508.03
shot_0024,1402.7712,135.79,122.63,500.86
shot_0024,1402.7792,131.73,82.91,498.63
shot_0024,1402.7873,125.7,43.25,489.42
shot_0024,1402.7953,121.01,2.85,484.43
shot_0024,1402.8034,116.18,-36.29,477.69
shot_0024,1402.8114,110.26,-74.64,467.68
shot_0024,1402.8275,100.68,-151.08,448.12
shot_0024,1402.8355,95.26,-188.93,439.88
shot_0024,1402.8436,89.64,-226.85,429.5
shot_0024,1402.8516,85.99,-264.33,418.49
shot_0024,1402.8596,78.68,-303.95,400.49
shot_0024,1402.8757,69.35,-376.35,375.95
shot_0024,1402.8838,63.18,-415.05,359.17
shot_0024,1402.8918,57.59,-450.9,344.63
shot_0024,1402.8998,53.0,-488.96,325.19
shot_0024,1402.9079,47.34,-522.56,315.23
shot_0024,1402.924,36.18,-601.11,270.03
shot_0024,1402.932,31.7,-633.96,253.17
shot_0024,1402.94,25.41,-672.34,228.85
shot_0024,1402.9481,19.87,-705.45,214.35
shot_0024,1402.9561,15.38,-741.19,194.3
shot_0024,1402.9722,3.07,-811.12,144.96
shot_0024,1402.9802,-3.05,-845.57,119.5
shot_0024,1402.9883,-8.47,-881.1,97.27
shot_0024,1402.9963,-14.21,-912.87,74.6
shot_0024,1403.0124,-20.8,-975.11,75.17
shot_0024,1403.0204,-24.81,-1000.52,100.79
shot_0024,1403.0285,-26.79,-1026.38,124.55
shot_0024,1403.0365,-28.39,-1047.33,151.03
shot_0024,1403.0446,-29.33,-1072.67,172.77
shot_0024,1403.0526,-33.88,-1101.58,188.32
shot_0024,1403.0606,-35.73,-1134.85,196.55
shot_0024,1403.0767,-41.61,-1185.87,230.44
shot_0024,1403.0848,-43.26,-1207.06,251.44
shot_0024,1403.0928,-47.66,-1236.7,262.2
shot_0024,1403.1008,-49.58,-1260.33,276.03
shot_0024,1403.1089,-51.43,-1279.66,295.56
shot_0024,1403.125,-57.45,-1328.91,317.46
shot_0024,1403.133,-62.03,-1360.15,321.82
shot_0024,1403.141,-63.89,-1375.36,340.13
shot_0024,1403.1491,-69.19,-1413.5,336.99
shot_0025,1403.1571,-72.98,-1442.87,341.99
shot_0025,1403.1652,-73.37,-1428.31,360.75
shot_0025,1403.1812,-76.17,-1354.4,388.54
shot_0025,1403.1893,-74.46,-1306.35,413.65
shot_0025,1403.1973,-75.51,-1270.59,428.36
shot_0025,1403.2054,-76.8,-1235.95,438.22
shot_0025,1403.2134,-77.6,-1198.7,450.22
shot_0025,1403.2214,-79.75,-1163.07,460.39
shot_0025,1403.2375,-83.65,-1090.84,483.34
shot_0025,1403.2456,-84.62,-1048.86,496.84
shot_0025,1403.2536,-85.67,-1008.46,511.47
shot_0025,1403.2697,-88.98,-939.11,525.74
shot_0025,1403.2777,-92.74,-905.01,530.79
shot_0025,1403.2858,-95.51,-867.79,539.04
shot_0025,1403.2938,-98.43,-835.94,539.01
shot_0025,1403.3099,-102.68,-762.02,553.5
shot_0025,1403.3179,-106.51,-728.47,554.47
shot_0025,1403.326,-109.5,-694.5,557.69
shot_0025,1403.334,-112.97,-658.72,561.74
shot_0025,1403.342,-115.61,-625.12,565.27
shot_0025,1403.3581,-121.85,-555.56,567.5
shot_0025,1403.3662,-126.53,-522.69,564.36
shot_0025,1403.3742,-131.35,-491.15,560.15
shot_0025,1403.3822,-134.88,-456.74,561.91
shot_0025,1403.3903,-138.81,-423.35,557.85
shot_0025,1403.4064,-146.38,-356.03,551.62
shot_0025,1403.4144,-150.5,-323.94,547.8
shot_0025,1403.4224,-153.48,-289.62,548.04
shot_0025,1403.4305,-160.89,-259.79,535.43
shot_0025,1403.4385,-162.91,-228.03,534.05
shot_0025,1403.4466,-167.34,-196.57,526.48
shot_0025,1403.4626,-179.4,-135.6,504.59
shot_0025,1403.4707,-185.86,-104.18,495.41
shot_0025,1403.4787,-188.66,-73.55,487.73
shot_0025,1403.4868,-193.94,-43.73,477.66
shot_0025,1403.4948,-200.31,-13.9,462.43
shot_0025,1403.5028,-206.03,17.39,452.15
shot_0025,1403.5189,-216.51,76.58,426.37
shot_0025,1403.527,-222.98,105.36,409.71
shot_0025,1403.535,-228.53,135.49,396.63
shot_0025,1403.543,-232.16,164.39,384.81
shot_0025,1403.5511,-242.26,195.44,360.87
shot_0025,1403.5672,-252.93,248.99,333.75
shot_0025,1403.5752,-261.32,280.96,308.57
shot_0025,1403.5832,-266.48,305.69,294.58
shot_0025,1403.5913,-273.0,336.5,272.57
shot_0025,1403.5993,-281.85,365.36,250.22
shot_0025,1403.6074,-289.18,391.44,229.06
shot_0025,1403.6234,-301.66,445.43,188.34
shot_0025,1403.6315,-309.67,474.61,164.01
shot_0025,1403.6395,-316.11,499.59,142.96
shot_0025,1403.6476,-323.8,529.15,118.09
shot_0025,1403.6556,-330.64,553.45,96.51
shot_0025,1403.6717,-343.45,600.83,56.9
shot_0025,1403.6797,-345.8,622.95,78.58
shot_0025,1403.6878,-351.76,647.84,99.18
shot_0025,1403.6958,-354.32,671.75,118.14
shot_0025,1403.7038,-359.52,690.67,136.29
shot_0025,1403.7199,-366.26,736.36,176.62
shot_0025,1403.728,-371.66,756.35,192.96
shot_0025,1403.736,-379.57,787.31,201.52
shot_0025,1403.744,-382.32,803.16,225.66
shot_0025,1403.7601,-390.93,844.79,254.58
shot_0025,1403.7682,-396.41,872.1,264.49
shot_0025,1403.7762,-398.29,886.34,283.4
shot_0025,1403.7923,-412.02,934.11,302.44
shot_0025,1403.8003,-417.03,956.21,310.79
shot_0025,1403.8084,-419.03,970.17,331.85
shot_0025,1403.8244,-430.01,1016.37,345.85
shot_0025,1403.8325,-434.66,1033.77,358.59
shot_0025,1403.8405,-436.39,1049.46,370.52
shot_0025,1403.8566,-450.36,1095.89,375.53
shot_0025,1403.8646,-453.63,1110.83,387.51
shot_0025,1403.8727,-453.45,1118.41,404.64
shot_0025,1403.8888,-461.27,1150.22,421.8
shot_0025,1403.8968,-463.79,1162.93,434.73
shot_0025,1403.9048,-465.2,1176.67,449.41
shot_0025,1403.9209,-469.03,1202.78,468.13
shot_0025,1403.929,-478.75,1219.61,470.86
shot_0026,1404.7169,513.17,-1357.2,340.24
shot_0026,1404.7249,515.11,-1320.66,347.09
shot_0026,1404.733,515.26,-1270.49,358.44
shot_0026,1404.749,515.01,-1185.43,374.34
shot_0026,1404.7571,517.83,-1149.25,374.26
shot_0026,1404.7651,515.56,-1104.96,383.18
shot_0026,1404.7732,516.95,-1064.76,384.86
shot_0026,1404.7812,518.36,-1022.93,386.94
shot_0026,1404.7892,517.11,-979.68,391.06
shot_0026,1404.8053,517.55,-902.17,389.25
shot_0026,1404.8134,516.91,-861.31,390.69
shot_0026,1404.8214,516.23,-820.33,388.67
shot_0026,1404.8295,514.88,-778.45,388.5
shot_0026,1404.8455,514.22,-698.33,381.67
shot_0026,1404.8536,514.58,-660.09,375.18
shot_0026,1404.8697,511.83,-582.28,364.07
shot_0026,1404.8777,511.42,-544.65,354.64
shot_0026,1404.8857,512.16,-506.66,344.38
shot_0026,1404.8938,508.77,-465.0,344.3
shot_0026,1404.9018,507.72,-427.03,334.06
shot_0026,1404.9179,505.7,-352.32,314.56
shot_0026,1404.9259,503.69,-313.7,304.71
shot_0026,1404.934,502.44,-276.73,291.59
shot_0026,1404.942,501.45,-241.43,276.94
shot_0026,1404.9501,499.78,-203.46,262.67
shot_0026,1404.9581,497.42,-166.41,253.25
shot_0026,1404.9661,495.02,-129.53,240.8
shot_0026,1404.9822,491.34,-58.63,212.11
shot_0026,1404.9903,491.51,-24.21,191.1
shot_0026,1404.9983,487.58,11.73,178.57
shot_0026,1405.0063,485.78,45.8,163.19
shot_0026,1405.0144,484.53,81.11,142.87
shot_0026,1405.0224,482.56,114.79,125.72
shot_0026,1405.0305,480.13,148.71,105.72
shot_0026,1405.0465,476.75,215.94,62.14
shot_0026,1405.0546,474.61,247.6,43.85
shot_0026,1405.0626,473.05,281.68,15.32
shot_0026,1405.0707,470.49,313.0,16.78
shot_0026,1405.0787,464.91,348.78,42.17
shot_0026,1405.0867,463.01,382.64,54.67
shot_0026,1405.1028,455.06,450.51,91.98
shot_0026,1405.1109,451.89,483.87,108.83
shot_0026,1405.1189,448.19,518.45,122.84
shot_0026,1405.1269,444.7,550.74,137.13
shot_0026,1405.135,440.15,585.44,148.39
shot_0026,1405.143,438.22,619.65,156.98
shot_0026,1405.1511,432.97,649.33,174.65
shot_0026,1405.1671,425.15,716.36,195.25
shot_0026,1405.1752,421.38,749.27,200.19
shot_0026,1405.1832,416.84,779.24,215.47
shot_0026,1405.1913,412.68,811.67,220.95
shot_0026,1405.1993,411.27,849.45,218.72
shot_0026,1405.2073,405.53,879.83,226.62
shot_0026,1405.2234,395.59,939.67,243.91
shot_0026,1405.2315,391.7,968.74,246.15
shot_0026,1405.2395,387.76,1002.76,247.37
shot_0026,1405.2475,382.12,1033.54,251.39
shot_0026,1405.2636,374.05,1098.58,248.45
shot_0026,1405.2717,369.22,1127.56,246.8
shot_0026,1405.2797,366.01,1157.7,246.36
shot_0026,1405.2877,360.84,1186.5,244.65
shot_0026,1405.2958,357.88,1222.85,236.52
shot_0026,1405.3038,351.55,1247.24,236.59
shot_0027,1412.1941,-14.6,1343.39,326.23
shot_0027,1412.2022,-9.95,1307.41,349.91
shot_0027,1412.2102,-6.99,1267.97,376.9
shot_0027,1412.2183,-3.55,1235.18,398.47
shot_0027,1412.2263,-1.19,1199.77,420.81
shot_0027,1412.2344,1.3,1168.52,442.07
shot_0027,1412.2424,4.12,1131.57,464.69
shot_0027,1412.2585,9.15,1060.08,508.88
shot_0027,1412.2665,10.0,1032.6,522.73
shot_0027,1412.2746,12.68,997.18,542.93
shot_0027,1412.2826,13.53,970.52,553.69
shot_0027,1412.2906,16.46,929.58,578.43
shot_0027,1412.2987,17.97,900.46,591.41
shot_0027,1412.3067,19.61,866.52,606.69
shot_0027,1412.3148,20.89,837.66,620.36
shot_0027,1412.3308,23.88,778.31,645.82
shot_0027,1412.3389,25.06,742.75,660.95
shot_0027,1412.3469,25.97,712.76,670.25
shot_0027,1412.355,26.63,683.25,680.9
shot_0027,1412.363,27.41,650.25,693.83
shot_0027,1412.371,28.2,621.07,700.94
shot_0027,1412.3791,28.71,588.98,710.54
shot_0027,1412.3871,28.86,557.7,720.06
shot_0027,1412.4032,29.31,497.23,733.3
shot_0027,1412.4112,28.89,464.93,740.47
shot_0027,1412.4193,28.95,438.31,741.09
shot_0027,1412.4273,29.01,405.03,751.29
shot_0027,1412.4354,28.33,376.67,752.18
shot_0027,1412.4434,29.07,346.03,757.33
shot_0027,1412.4514,28.12,315.96,760.5
shot_0027,1412.4595,27.89,286.5,762.78
shot_0027,1412.4675,27.28,256.95,763.14
shot_0027,1412.4836,26.08,197.66,764.53
shot_0027,1412.4916,25.66,168.08,764.48
shot_0027,1412.4997,24.71,139.56,763.17
shot_0027,1412.5077,23.46,109.7,759.91
shot_0027,1412.5158,22.74,80.56,757.02
shot_0027,1412.5238,21.34,51.0,757.14
shot_0027,1412.5318,20.68,22.33,752.52
shot_0027,1412.5399,18.97,-7.18,746.66
shot_0027,1412.556,16.59,-64.12,736.03
shot_0027,1412.564,15.65,-91.43,732.39
shot_0027,1412.572,14.85,-120.88,726.15
shot_0027,1412.5801,12.6,-148.95,716.93
shot_0027,1412.5881,10.85,-177.09,706.99
shot_0027,1412.6042,7.27,-234.57,686.3
shot_0027,1412.6122,5.19,-261.35,676.06
shot_0027,1412.6203,3.05,-288.92,663.27
shot_0027,1412.6283,1.21,-318.53,650.76
shot_0027,1412.6364,-0.6,-344.64,641.43
shot_0027,1412.6444,-2.25,-371.26,628.75
shot_0027,1412.6524,-4.55,-399.31,616.1
shot_0027,1412.6685,-9.29,-456.16,582.44
shot_0027,1412.6766,-11.48,-483.58,567.51
shot_0027,1412.6846,-13.59,-509.32,554.48
shot_0027,1412.6926,-16.62,-538.03,535.61
shot_0027,1412.7007,-19.52,-565.27,517.44
shot_0027,1412.7087,-20.84,-589.99,503.09
shot_0027,1412.7168,-24.41,-618.1,482.88
shot_0027,1412.7248,-27.06,-645.95,463.77
shot_0027,1412.7328,-29.63,-671.4,445.63
shot_0027,1412.7409,-33.51,-698.56,425.81
shot_0027,1412.757,-39.77,-753.5,379.01
shot_0027,1412.765,-42.66,-780.21,355.91
shot_0027,1412.773,-46.56,-807.5,333.31
shot_0027,1412.7811,-50.45,-834.44,308.76
shot_0027,1412.7891,-51.81,-857.13,291.07
shot_0027,1412.7972,-55.73,-883.24,264.29
shot_0027,1412.8132,-62.87,-933.11,217.14
shot_0027,1412.8213,-66.55,-963.47,187.93
shot_0027,1412.8293,-69.62,-985.16,165.3
shot_0027,1412.8374,-74.47,-1015.37,131.46
shot_0027,1412.8454,-78.21,-1041.23,105.0
shot_0027,1412.8534,-81.66,-1062.23,83.76
shot_0027,1412.8615,-85.28,-1090.74,61.37
shot_0027,1412.8776,-86.14,-1126.92,113.0
shot_0027,1412.8856,-86.33,-1142.24,140.5
shot_0027,1412.8936,-85.63,-1156.79,169.15
shot_0027,1412.9017,-86.96,-1175.99,189.48
shot_0027,1412.9097,-86.88,-1192.21,214.27
shot_0027,1412.9258,-88.24,-1226.44,256.09
shot_0027,1412.9338,-89.56,-1239.66,279.86
shot_0027,1412.9419,-91.97,-1263.2,292.34
shot_0027,1412.9499,-94.3,-1282.34,308.56
shot_0027,1412.958,-95.9,-1297.55,328.24
shot_0027,1412.966,-96.2,-1315.25,342.91
shot_0027,1412.974,-97.29,-1329.97,359.79
shot_0027,1412.9901,-103.61,-1371.45,383.69
shot_0027,1412.9982,-103.89,-1383.13,402.63
shot_0027,1413.0062,-104.42,-1392.27,421.0
shot_0027,1413.0142,-107.9,-1419.33,425.97
shot_0027,1413.0223,-110.79,-1437.77,437.92
shot_0028,1413.0384,-111.98,-1444.03,468.55
shot_0028,1413.0544,-104.62,-1375.34,486.98
shot_0028,1413.0705,-93.4,-1303.57,507.95
shot_0028,1413.0786,-91.58,-1275.23,514.49
shot_0028,1413.0866,-87.9,-1233.26,527.06
shot_0028,1413.0946,-83.6,-1199.78,535.54
shot_0028,1413.1027,-80.29,-1164.0,544.75
shot_0028,1413.1107,-77.25,-1134.85,548.8
shot_0028,1413.1188,-74.24,-1100.07,553.54
shot_0028,1413.1348,-69.54,-1030.77,566.93
shot_0028,1413.1429,-65.07,-992.99,575.97
shot_0028,1413.1509,-63.46,-956.62,581.19
shot_0028,1413.159,-62.02,-928.77,579.34
shot_0028,1413.167,-59.63,-899.32,580.06
shot_0028,1413.175,-57.27,-863.11,582.25
shot_0028,1413.1831,-55.81,-833.29,579.19
shot_0028,1413.1911,-52.5,-795.72,586.45
shot_0028,1413.2072,-50.46,-733.13,580.28
shot_0028,1413.2152,-49.26,-699.71,581.07
shot_0028,1413.2233,-48.52,-668.33,578.97
shot_0028,1413.2313,-47.78,-638.58,572.84
shot_0028,1413.2394,-46.72,-602.51,571.69
shot_0028,1413.2474,-45.91,-571.09,568.6
shot_0028,1413.2635,-45.82,-512.44,552.82
shot_0028,1413.2715,-46.02,-480.66,546.41
shot_0028,1413.2796,-46.54,-449.54,539.46
shot_0028,1413.2876,-46.03,-419.99,530.87
shot_0028,1413.3037,-45.53,-359.77,517.05
shot_0028,1413.3117,-46.33,-330.1,506.65
shot_0028,1413.3198,-47.37,-301.9,494.78
shot_0028,1413.3278,-47.38,-272.31,485.14
shot_0028,1413.3358,-48.32,-242.39,475.12
shot_0028,1413.3519,-50.7,-185.38,446.52
shot_0028,1413.36,-52.0,-156.79,432.1
shot_0028,1413.368,-53.34,-129.14,417.19
shot_0028,1413.376,-55.14,-101.24,403.77
shot_0028,1413.3841,-56.67,-72.08,388.7
shot_0028,1413.4002,-60.24,-16.48,353.21
shot_0028,1413.4082,-62.4,10.52,334.51
shot_0028,1413.4162,-63.38,37.94,320.92
shot_0028,1413.4243,-66.29,66.54,293.9
shot_0028,1413.4323,-68.58,92.4,274.84
shot_0028,1413.4404,-70.94,120.56,255.42
shot_0028,1413.4484,-73.45,146.94,234.26
shot_0028,1413.4564,-76.65,174.6,209.22
shot_0028,1413.4645,-78.72,199.86,192.71
shot_0028,1413.4806,-84.83,252.08,143.86
shot_0028,1413.4886,-87.68,278.91,119.74
shot_0028,1413.4966,-90.98,303.43,96.56
shot_0028,1413.5047,-93.85,327.5,72.45
shot_0028,1413.5127,-96.58,350.25,59.6
shot_0028,1413.5208,-97.29,373.55,72.78
shot_0028,1413.5288,-97.14,397.08,89.32
shot_0028,1413.5368,-96.69,414.73,122.17
shot_0028,1413.5449,-97.66,437.44,133.68
shot_0028,1413.561,-99.26,482.62,168.54
shot_0028,1413.569,-97.83,498.52,195.4
shot_0028,1413.577,-97.87,520.32,208.56
shot_0028,1413.5851,-99.79,542.52,219.97
shot_0028,1413.5931,-101.32,562.83,235.55
shot_0028,1413.6012,-100.0,581.5,256.2
shot_0028,1413.6092,-101.54,601.0,272.9
shot_0028,1413.6253,-104.08,642.55,294.48
shot_0028,1413.6333,-104.26,661.64,307.32
shot_0028,1413.6414,-105.67,682.29,320.19
shot_0028,1413.6494,-108.11,702.78,328.62
shot_0028,1413.6574,-110.8,724.87,332.77
shot_0028,1413.6655,-109.8,740.84,348.11
shot_0028,1413.6735,-111.31,760.39,357.26
shot_0028,1413.6816,-112.72,777.43,368.76
shot_0028,1413.6896,-115.6,802.67,368.85
shot_0028,1413.7057,-119.05,840.05,381.77
shot_0028,1413.7137,-119.95,857.57,388.51
shot_0028,1413.7218,-122.74,875.93,392.12
shot_0028,1413.7298,-124.71,897.78,392.99
shot_0028,1413.7378,-124.85,907.5,404.99
shot_0028,1413.7459,-127.91,932.25,401.76
shot_0028,1413.7539,-129.9,948.08,406.85
shot_0028,1413.762,-132.14,966.45,406.93
shot_0028,1413.77,-135.89,990.69,401.5
shot_0028,1413.778,-137.31,1006.61,401.17
shot_0028,1413.7941,-140.5,1036.09,406.67
shot_0028,1413.8022,-144.08,1055.7,402.46
shot_0028,1413.8102,-146.62,1074.98,395.53
shot_0028,1413.8182,-148.58,1083.19,401.36
shot_0028,1413.8263,-152.39,1110.96,388.0
shot_0028,1413.8343,-155.15,1122.93,387.45
shot_0029,1413.8504,-159.55,1156.96,377.59
shot_0029,1413.8665,-147.95,1098.17,395.35
shot_0029,1413.8745,-140.28,1051.56,413.33
shot_0029,1413.8826,-134.7,1018.32,419.67
shot_0029,1413.8906,-127.8,978.89,428.77
shot_0029,1413.8986,-120.56,938.46,440.51
shot_0029,1413.9067,-114.36,900.08,449.13
shot_0029,1413.9228,-101.26,827.19,459.94
shot_0029,1413.9308,-94.68,786.47,469.2
shot_0029,1413.9388,-88.38,748.57,473.12
shot_0029,1413.9469,-80.36,706.51,484.25
shot_0029,1413.9549,-76.54,674.27,480.05
shot_0029,1413.963,-70.13,635.85,485.4
shot_0029,1413.979,-59.71,566.03,486.33
shot_0029,1413.9871,-53.6,527.42,488.64
shot_0029,1413.9951,-47.31,488.85,491.93
shot_0029,1414.0032,-40.91,452.58,490.19
shot_0029,1414.0112,-35.8,418.17,486.34
shot_0029,1414.0192,-29.88,378.94,489.58
shot_0029,1414.0273,-25.61,344.1,484.36
shot_0029,1414.0434,-15.15,274.18,475.54
shot_0029,1414.0514,-9.75,238.86,472.47
shot_0029,1414.0594,-5.21,205.75,463.42
shot_0029,1414.0675,-0.71,170.22,457.03
shot_0029,1414.0755,5.27,134.91,451.35
shot_0029,1414.0836,9.76,100.24,443.45
shot_0029,1414.0996,18.81,32.04,425.44
shot_0029,1414.1077,23.15,-2.81,410.21
shot_0029,1414.1157,27.48,-35.58,402.32
shot_0029,1414.1238,32.69,-69.6,394.24
shot_0029,1414.1318,36.12,-102.87,378.56
shot_0029,1414.1398,41.27,-135.68,364.87
shot_0029,1414.1479,45.2,-169.19,349.43
shot_0029,1414.164,54.57,-233.5,327.11
shot_0029,1414.172,57.64,-267.11,302.41
shot_0029,1414.18,61.02,-299.41,288.96
shot_0029,1414.1881,65.56,-332.46,266.27
shot_0029,1414.1961,69.94,-363.8,252.96
shot_0029,1414.2042,73.5,-392.47,236.45
shot_0029,1414.2122,75.93,-425.47,215.39
shot_0029,1414.2283,85.24,-489.86,172.87
shot_0029,1414.2363,87.78,-520.99,149.68
shot_0029,1414.2444,91.68,-551.2,128.34
shot_0029,1414.2524,95.82,-581.26,107.15
shot_0029,1414.2604,98.95,-613.26,81.99
shot_0029,1414.2685,101.92,-641.15,59.89
shot_0029,1414.2765,106.46,-666.56,66.89
shot_0029,1414.2926,116.43,-718.75,109.31
shot_0029,1414.3006,120.56,-745.14,124.2
shot_0029,1414.3087,125.69,-768.69,146.34
shot_0029,1414.3167,128.69,-789.38,169.87
shot_0029,1414.3328,137.35,-840.75,198.84
shot_0029,1414.3408,140.94,-862.08,221.26
shot_0029,1414.3489,144.47,-888.18,232.42
shot_0029,1414.3569,149.24,-909.36,251.41
shot_0029,1414.365,152.85,-934.96,262.04
shot_0029,1414.373,156.55,-956.16,280.95
shot_0029,1414.381,161.16,-982.83,289.27
shot_0029,1414.3971,167.16,-1018.19,324.94
shot_0029,1414.4052,170.75,-1043.43,330.89
shot_0029,1414.4132,174.6,-1068.84,337.06
shot_0029,1414.4212,178.32,-1092.92,345.81
shot_0029,1414.4293,180.63,-1116.25,354.06
shot_0029,1414.4373,184.63,-1132.3,365.74
shot_0029,1414.4454,187.44,-1160.02,366.62
shot_0029,1414.4614,192.34,-1198.41,381.5
shot_0029,1414.4695,195.71,-1222.43,384.52
shot_0029,1414.4775,198.51,-1247.64,383.19
shot_0029,1414.4856,200.19,-1271.49,384.64
shot_0029,1414.4936,204.19,-1284.3,392.72
shot_0029,1414.5016,205.86,-1312.54,388.99
shot_0029,1414.5097,208.69,-1329.98,392.91
shot_0029,1414.5177,211.48,-1361.78,384.28
shot_0029,1414.5258,213.58,-1377.56,389.2
shot_0030,1414.5499,218.35,-1362.22,406.05
shot_0030,1414.5579,220.83,-1326.84,414.43
shot_0030,1414.566,223.18,-1279.12,430.8
shot_0030,1414.574,225.55,-1244.56,435.85
shot_0030,1414.582,226.66,-1207.35,444.91
shot_0030,1414.5901,228.75,-1165.11,457.43
shot_0030,1414.5981,230.38,-1119.88,470.75
shot_0030,1414.6142,234.11,-1040.88,486.75
shot_0030,1414.6222,235.01,-1001.58,495.54
shot_0030,1414.6303,238.49,-965.6,497.91
shot_0030,1414.6383,239.48,-928.12,500.52
shot_0030,1414.6544,243.97,-851.71,508.78
shot_0030,1414.6624,246.46,-812.01,511.54
shot_0030,1414.6705,248.29,-776.24,512.39
shot_0030,1414.6785,250.25,-742.6,510.69
shot_0030,1414.6866,253.15,-703.32,510.6
shot_0030,1414.6946,255.36,-665.72,512.44
shot_0030,1414.7027,257.49,-630.97,509.11
shot_0030,1414.7107,258.9,-592.29,510.93
shot_0030,1414.7268,263.14,-518.7,508.16
shot_0030,1414.7348,266.52,-481.5,503.53
shot_0030,1414.7429,269.25,-449.54,494.03
shot_0030,1414.7509,273.12,-413.99,487.22
shot_0030,1414.7589,273.67,-377.35,485.16
shot_0030,1414.767,275.98,-340.94,481.39
shot_0030,1414.775,278.72,-306.88,473.49
shot_0030,1414.7831,282.15,-274.0,463.91
shot_0030,1414.7911,284.54,-236.69,456.05
shot_0030,1414.7991,287.02,-203.72,448.24
shot_0030,1414.8152,293.3,-135.15,428.83
shot_0030,1414.8233,295.66,-100.97,419.24
shot_0030,1414.8313,299.08,-67.71,404.23
shot_0030,1414.8393,302.46,-34.16,389.94
shot_0030,1414.8474,304.99,-1.5,377.92
shot_0030,1414.8554,308.03,30.67,363.97
shot_0030,1414.8635,311.15,63.75,350.09
shot_0030,1414.8715,312.97,95.23,337.43
shot_0030,1414.8795,316.72,127.91,319.67
shot_0030,1414.8876,319.5,158.8,303.08
shot_0030,1414.9037,325.68,221.38,266.42
shot_0030,1414.9117,328.63,254.91,249.3
shot_0030,1414.9197,331.81,283.08,233.52
shot_0030,1414.9278,334.55,314.06,214.31
shot_0030,1414.9358,339.16,343.61,191.98
shot_0030,1414.9439,341.46,375.73,166.93
shot_0030,1414.9599,347.08,436.08,127.59
shot_0030,1414.968,349.27,463.65,107.69
shot_0030,1414.976,353.41,494.18,82.19
shot_0030,1414.9841,355.6,518.97,66.79
shot_0030,1414.9921,358.15,550.76,36.39
shot_0030,1415.0001,363.9,580.31,14.28
shot_0030,1415.0162,373.63,628.81,54.72
shot_0030,1415.0243,378.66,653.19,73.06
shot_0030,1415.0323,384.24,679.87,91.47
shot_0030,1415.0403,390.29,701.02,116.84
shot_0030,1415.0484,396.67,727.57,128.58
shot_0030,1415.0564,400.68,747.26,153.9
shot_0030,1415.0725,410.33,791.3,190.68
shot_0030,1415.0805,417.12,818.08,198.44
shot_0030,1415.0886,423.22,843.37,209.8
shot_0030,1415.0966,430.04,869.37,218.11
shot_0030,1415.1047,433.16,890.34,235.95
shot_0030,1415.1127,440.55,913.32,247.74
shot_0030,1415.1207,445.62,937.77,254.95
shot_0030,1415.1288,451.52,962.58,263.47
shot_0030,1415.1368,456.76,985.85,269.22
shot_0030,1415.1529,467.22,1031.57,287.04
shot_0030,1415.1609,473.59,1058.42,288.23
shot_0030,1415.169,475.78,1068.35,307.57
shot_0030,1415.177,485.01,1105.27,297.99
shot_0030,1415.1851,488.75,1119.71,311.71
shot_0030,1415.2011,501.16,1167.11,316.43
shot_0030,1415.2092,503.73,1183.59,326.88
shot_0030,1415.2172,509.11,1207.76,326.98
shot_0031,1415.2413,517.13,1229.61,349.26
shot_0031,1415.2494,506.64,1184.46,358.51
shot_0031,1415.2574,494.99,1140.93,368.51
shot_0031,1415.2735,477.21,1056.95,384.53
shot_0031,1415.2815,468.47,1018.36,388.55
shot_0031,1415.2896,457.73,974.76,399.65
shot_0031,1415.2976,448.38,933.83,406.95
shot_0031,1415.3057,439.21,886.72,418.59
shot_0031,1415.3137,429.17,844.42,425.88
shot_0031,1415.3217,419.79,802.88,431.32
shot_0031,1415.3298,409.44,758.67,440.55
shot_0031,1415.3459,391.74,678.3,441.14
shot_0031,1415.3539,382.43,637.21,444.82
shot_0031,1415.3619,371.83,594.45,449.63
shot_0031,1415.37,363.37,554.88,447.44
shot_0031,1415.378,354.27,515.65,443.35
shot_0031,1415.3861,344.62,474.96,446.08
shot_0031,1415.4102,316.68,356.12,435.59
shot_0031,1415.4182,307.9,317.22,427.75
shot_0031,1415.4263,297.65,277.96,427.61
shot_0031,1415.4343,289.16,239.9,419.74
shot_0031,1415.4423,279.03,199.51,416.39
shot_0031,1415.4504,270.12,161.98,404.77
shot_0031,1415.4584,261.0,125.47,399.87
shot_0031,1415.4745,243.09,47.89,378.65
shot_0031,1415.4825,233.46,10.64,371.96
shot_0031,1415.4906,224.85,-25.79,359.18
shot_0031,1415.4986,215.36,-64.25,344.61
shot_0031,1415.5147,197.16,-136.69,322.97
shot_0031,1415.5227,187.83,-174.15,310.43
shot_0031,1415.5308,179.38,-207.97,296.09
shot_0031,1415.5388,169.99,-245.59,278.33
shot_0031,1415.5469,161.99,-281.75,262.78
shot_0031,1415.5549,152.9,-314.72,245.64
shot_0031,1415.5629,143.91,-349.78,230.51
shot_0031,1415.571,133.93,-385.66,210.85
shot_0031,1415.5871,117.18,-451.88,175.86
shot_0031,1415.5951,108.11,-487.78,151.64
shot_0031,1415.6031,99.36,-523.71,125.93
shot_0031,1415.6112,90.69,-557.19,103.64
shot_0031,1415.6192,82.29,-591.43,74.73
shot_0031,1415.6273,71.92,-623.26,59.5
shot_0031,1415.6353,66.86,-650.85,70.86
shot_0031,1415.6433,62.9,-680.62,86.82
shot_0031,1415.6514,57.51,-711.69,102.66
shot_0031,1415.6594,52.56,-733.89,133.2
shot_0031,1415.6675,48.16,-762.41,149.59
shot_0031,1415.6835,38.47,-814.8,192.25
shot_0031,1415.6916,34.11,-846.8,201.05
shot_0031,1415.6996,29.3,-870.49,224.24
shot_0031,1415.7077,24.2,-898.58,235.58
shot_0031,1415.7157,20.29,-923.98,250.23
shot_0031,1415.7318,10.79,-979.92,279.24
shot_0031,1415.7398,6.36,-1002.3,292.85
shot_0031,1415.7479,-0.39,-1032.32,302.78
shot_0031,1415.7559,-4.16,-1058.62,314.48
shot_0031,1415.7639,-8.24,-1075.47,332.38
shot_0031,1415.772,-13.93,-1107.48,334.88
shot_0031,1415.78,-19.41,-1135.0,345.21
shot_0031,1415.7881,-24.37,-1159.61,351.12
shot_0031,1415.7961,-29.59,-1184.11,357.98
shot_0031,1415.8041,-35.21,-1211.16,362.54
shot_0031,1415.8202,-44.22,-1261.54,371.6
shot_0031,1415.8283,-51.32,-1292.52,370.95
shot_0031,1415.8363,-53.89,-1307.07,382.17
shot_0031,1415.8443,-58.51,-1334.26,379.82
shot_0031,1415.8524,-65.15,-1359.84,380.89
shot_0031,1415.8604,-71.21,-1393.03,375.52
shot_0031,1415.8685,-76.6,-1420.11,373.09
shot_0031,1415.8845,-87.86,-1465.06,376.81
shot_0031,1415.8926,-92.69,-1489.15,374.57
shot_0032,1415.9006,-94.24,-1466.16,385.92
shot_0032,1415.9087,-93.22,-1429.71,393.72
shot_0032,1415.9167,-91.91,-1385.16,407.48
shot_0032,1415.9247,-91.41,-1345.55,416.05
shot_0032,1415.9408,-88.08,-1261.17,439.99
shot_0032,1415.9489,-88.17,-1224.54,446.86
shot_0032,1415.9569,-86.63,-1177.97,461.84
shot_0032,1415.9649,-86.16,-1139.82,469.52
shot_0032,1415.973,-85.14,-1099.16,477.11
shot_0032,1415.9891,-84.72,-1024.83,485.25
shot_0032,1415.9971,-82.52,-985.74,491.72
shot_0032,1416.0051,-83.6,-950.84,490.83
shot_0032,1416.0132,-83.02,-911.59,492.25
shot_0032,1416.0212,-82.18,-870.3,499.41
shot_0032,1416.0293,-81.1,-832.84,501.1
shot_0032,1416.0453,-81.75,-759.98,497.64
shot_0032,1416.0534,-81.18,-722.16,494.31
shot_0032,1416.0614,-80.21,-685.22,493.92
shot_0032,1416.0695,-79.06,-644.63,496.81
shot_0032,1416.0775,-79.54,-611.11,490.36
shot_0032,1416.0855,-78.9,-578.06,481.71
shot_0032,1416.0936,-78.97,-540.06,480.57
shot_0032,1416.1016,-78.89,-506.51,473.73
shot_0032,1416.1097,-76.56,-467.61,473.69
shot_0032,1416.1257,-77.54,-399.3,454.3
shot_0032,1416.1338,-77.13,-364.5,446.82
shot_0032,1416.1418,-77.05,-330.41,434.97
shot_0032,1416.1499,-76.65,-297.59,424.01
shot_0032,1416.1579,-76.26,-262.42,417.43
shot_0032,1416.174,-75.87,-196.18,393.76
shot_0032,1416.182,-76.08,-162.55,380.71
shot_0032,1416.1901,-77.04,-130.92,360.24
shot_0032,1416.1981,-77.52,-98.36,348.55
shot_0032,1416.2061,-76.52,-66.07,333.95
shot_0032,1416.2142,-77.23,-35.2,315.21
shot_0032,1416.2222,-76.75,-3.33,302.69
shot_0032,1416.2303,-77.4,28.58,284.61
shot_0032,1416.2463,-77.43,90.07,246.03
shot_0032,1416.2544,-78.16,121.52,225.14
shot_0032,1416.2624,-79.14,152.07,208.42
shot_0032,1416.2705,-78.48,181.08,190.25
shot_0032,1416.2785,-79.73,212.88,159.07
shot_0032,1416.2865,-80.99,242.24,140.93
shot_0032,1416.2946,-81.94,271.23,112.48
shot_0032,1416.3026,-80.97,300.14,92.54
shot_0032,1416.3187,-80.69,354.43,58.35
shot_0032,1416.3267,-79.69,382.27,68.69
shot_0032,1416.3348,-75.58,408.37,89.09
shot_0032,1416.3428,-75.53,433.83,103.84
shot_0032,1416.3509,-70.23,456.77,134.45
shot_0032,1416.3589,-69.15,484.29,144.56
shot_0032,1416.3669,-66.64,509.83,161.53
shot_0032,1416.375,-67.17,539.28,166.35
shot_0032,1416.3911,-59.34,584.71,209.25
shot_0032,1416.3991,-57.29,608.73,221.46
shot_0032,1416.4071,-54.06,630.73,238.89
shot_0032,1416.4152,-51.58,655.51,251.37
shot_0032,1416.4232,-49.9,677.2,264.94
shot_0032,1416.4393,-47.09,730.61,277.9
shot_0032,1416.4473,-45.16,751.81,289.42
shot_0032,1416.4554,-42.82,776.18,297.11
shot_0032,1416.4634,-40.86,804.69,301.36
shot_0032,1416.4715,-39.21,826.02,311.55
shot_0032,1416.4795,-37.91,846.38,318.95
shot_0032,1416.4875,-35.69,874.13,321.39
shot_0032,1416.5036,-32.46,919.55,330.36
shot_0032,1416.5117,-30.75,937.97,338.74
shot_0032,1416.5197,-27.09,960.17,343.74
shot_0032,1416.5277,-27.05,986.08,339.85
shot_0032,1416.5358,-25.13,1006.69,343.8
shot_0032,1416.5438,-24.5,1035.95,337.92
shot_0032,1416.5519,-22.75,1050.15,346.84
shot_0032,1416.5679,-19.9,1098.25,335.96
shot_0032,1416.576,-17.37,1120.31,335.79
shot_0032,1416.584,-17.34,1138.3,337.62
shot_0032,1416.5921,-15.65,1163.09,329.67
shot_0032,1416.6001,-16.39,1184.86,322.72
shot_0032,1416.6081,-15.17,1199.76,325.16
shot_0032,1416.6162,-14.71,1229.66,314.33
shot_0033,1416.6323,-12.17,1269.72,305.7
shot_0033,1416.6483,-4.29,1204.41,327.04
shot_0033,1416.6564,-0.2,1158.25,339.62
shot_0033,1416.6644,3.13,1113.21,353.11
shot_0033,1416.6725,7.12,1070.05,362.37
shot_0033,1416.6805,11.5,1017.99,383.24
shot_0033,1416.6885,14.31,976.09,388.57
shot_0033,1416.6966,18.69,925.44,404.03
shot_0033,1416.7127,24.81,832.17,422.91
shot_0033,1416.7287,31.82,745.17,433.92
shot_0033,1416.7368,34.45,702.15,438.83
shot_0033,1416.7448,37.89,651.78,447.5
shot_0033,1416.7529,39.72,605.97,452.83
shot_0033,1416.7609,41.74,562.82,457.33
shot_0033,1416.777,48.23,474.35,464.3
shot_0033,1416.785,50.04,430.89,462.14
shot_0033,1416.7931,53.24,385.32,464.47
shot_0033,1416.8011,55.41,344.5,464.08
shot_0033,1416.8091,56.71,300.74,462.15
shot_0033,1416.8252,60.6,218.72,455.37
shot_0033,1416.8333,62.43,176.0,452.18
shot_0033,1416.8413,64.99,134.41,449.31
shot_0033,1416.8493,67.23,93.15,441.68
shot_0033,1416.8574,68.01,51.65,434.88
shot_0033,1416.8654,70.39,11.15,430.93
shot_0033,1416.8735,71.44,-28.83,419.55
shot_0033,1416.8895,75.84,-109.41,403.89
shot_0033,1416.8976,76.43,-149.39,392.36
shot_0033,1416.9056,78.27,-189.25,379.65
shot_0033,1416.9137,79.53,-229.36,368.31
shot_0033,1416.9217,81.75,-265.94,359.34
shot_0033,1416.9378,83.8,-344.24,330.46
shot_0033,1416.9458,84.02,-383.21,312.63
shot_0033,1416.9539,85.83,-418.79,300.81
shot_0033,1416.9699,87.93,-492.93,268.54
shot_0033,1416.978,87.95,-532.26,244.64
shot_0033,1416.986,89.47,-570.64,225.52
shot_0033,1416.9941,90.1,-608.02,207.98
shot_0033,1417.0101,92.41,-675.19,173.34
shot_0033,1417.0182,92.56,-714.83,148.38
shot_0033,1417.0262,92.75,-749.71,127.51
shot_0033,1417.0423,92.99,-820.94,78.78
shot_0033,1417.0503,93.63,-853.13,58.85
shot_0033,1417.0584,97.18,-883.75,63.13
shot_0033,1417.0664,101.4,-912.58,90.55
shot_0033,1417.0745,103.9,-942.1,109.4
shot_0033,1417.0905,112.51,-992.19,160.58
shot_0033,1417.0986,115.42,-1026.28,170.52
shot_0033,1417.1066,118.58,-1050.6,192.94
shot_0033,1417.1147,121.23,-1076.16,213.15
shot_0033,1417.1227,125.37,-1105.47,228.7
shot_0033,1417.1388,131.98,-1161.67,255.6
shot_0033,1417.1468,133.91,-1179.34,279.3
shot_0033,1417.1549,138.17,-1204.35,295.04
shot_0033,1417.1629,140.26,-1242.44,293.59
shot_0033,1417.171,142.67,-1263.43,309.35
shot_0033,1417.187,147.86,-1312.79,333.55
shot_0033,1417.1951,151.32,-1341.47,338.34
shot_0033,1417.2031,152.38,-1371.85,342.75
shot_0033,1417.2112,155.03,-1387.45,359.9
shot_0033,1417.2192,158.53,-1415.22,363.73
shot_0033,1417.2272,159.15,-1436.47,374.2
shot_0034,1418.4172,-414.42,1319.4,286.44
shot_0034,1418.4332,-395.4,1258.0,296.62
shot_0034,1418.4413,-387.54,1225.82,302.65
shot_0034,1418.4493,-376.82,1189.97,310.78
shot_0034,1418.4574,-361.37,1140.94,330.86
shot_0034,1418.4734,-341.24,1068.3,345.01
shot_0034,1418.4815,-333.0,1036.34,350.05
shot_0034,1418.4895,-318.25,988.85,366.98
shot_0034,1418.4976,-310.73,958.76,364.42
shot_0034,1418.5136,-290.3,884.6,377.28
shot_0034,1418.5217,-280.7,844.1,385.14
shot_0034,1418.5297,-272.54,811.16,383.81
shot_0034,1418.5378,-262.06,772.39,390.77
shot_0034,1418.5538,-243.61,700.33,395.01
shot_0034,1418.5619,-237.38,668.34,392.31
shot_0034,1418.5699,-226.71,626.34,398.55
shot_0034,1418.578,-219.24,592.75,395.54
shot_0034,1418.586,-209.85,555.7,400.32
shot_0034,1418.6021,-193.17,484.09,396.43
shot_0034,1418.6101,-186.53,451.23,393.21
shot_0034,1418.6182,-181.84,417.74,383.86
shot_0034,1418.6262,-173.26,380.27,382.28
shot_0034,1418.6342,-168.29,348.41,375.16
shot_0034,1418.6423,-160.09,312.3,374.07
shot_0034,1418.6584,-147.03,244.29,358.41
shot_0034,1418.6664,-140.64,209.72,351.86
shot_0034,1418.6744,-135.06,175.7,348.23
shot_0034,1418.6825,-128.56,143.76,342.06
shot_0034,1418.6986,-117.62,74.74,321.79
shot_0034,1418.7066,-113.51,42.96,307.69
shot_0034,1418.7146,-106.95,8.96,297.96
shot_0034,1418.7227,-101.02,-23.28,291.08
shot_0034,1418.7307,-95.76,-57.28,278.78
shot_0034,1418.7388,-91.78,-88.59,265.75
shot_0034,1418.7548,-83.07,-154.65,234.62
shot_0034,1418.7629,-78.29,-187.85,223.04
shot_0034,1418.7709,-73.3,-218.77,207.16
shot_0034,1418.779,-68.85,-249.62,197.55
shot_0034,1418.787,-63.47,-283.4,176.74
shot_0034,1418.795,-59.14,-315.67,164.0
shot_0034,1418.8111,-52.7,-377.53,130.68
shot_0034,1418.8192,-48.6,-410.22,111.03
shot_0034,1418.8272,-46.47,-442.38,83.72
shot_0034,1418.8352,-42.54,-473.99,61.8
shot_0034,1418.8433,-38.32,-501.09,68.5
shot_0034,1418.8513,-32.73,-528.79,88.23
shot_0034,1418.8674,-26.1,-582.9,122.67
shot_0034,1418.8754,-21.52,-610.32,137.01
shot_0034,1418.8835,-17.82,-633.41,159.32
shot_0034,1418.8915,-14.96,-661.96,166.47
shot_0034,1418.8996,-10.04,-687.04,184.54
shot_0034,1418.9076,-6.82,-717.27,188.8
shot_0034,1418.9156,-5.42,-745.3,197.07
shot_0034,1418.9237,-0.09,-767.17,220.24
shot_0034,1418.9317,1.51,-791.97,226.04
shot_0034,1418.9478,9.18,-843.88,243.86
shot_0034,1418.9558,11.37,-868.59,251.43
shot_0034,1418.9639,13.12,-899.8,249.96
shot_0034,1418.98,19.11,-942.86,271.98
shot_0034,1418.988,21.52,-971.28,273.79
shot_0034,1418.996,23.63,-996.97,277.47
shot_0034,1419.0041,25.86,-1019.19,285.41
shot_0034,1419.0121,26.52,-1046.16,286.8
shot_0034,1419.0202,30.02,-1061.75,300.93
shot_0034,1419.0282,30.77,-1093.1,293.9
shot_0034,1419.0362,32.18,-1121.37,294.26
shot_0034,1419.0443,35.87,-1138.58,301.34
shot_0034,1419.0604,37.97,-1187.77,300.19
shot_0034,1419.0684,39.91,-1204.75,305.82
shot_0034,1419.0764,40.87,-1234.16,298.64
shot_0034,1419.0845,41.03,-1260.62,290.67
shot_0034,1419.0925,43.14,-1284.08,287.49
shot_0034,1419.1006,43.51,-1299.94,291.37
shot_0034,1419.1086,45.39,-1335.83,276.95
shot_0034,1419.1166,45.84,-1354.19,274.9
shot_0034,1419.1247,46.23,-1375.23,270.9
shot_0034,1419.1327,47.83,-1399.61,264.52
shot_0034,1419.1408,49.17,-1424.15,254.54
shot_0034,1419.1488,49.3,-1448.15,247.09
shot_0034,1419.1649,49.55,-1498.14,224.84
shot_0034,1419.1729,47.44,-1520.65,217.85
shot_0034,1419.181,49.29,-1544.89,204.73
shot_0034,1419.189,49.25,-1566.76,195.78
shot_0035,1419.197,48.54,-1594.44,179.44
shot_0035,1419.2051,50.1,-1579.26,190.99
shot_0035,1419.2212,56.56,-1487.23,246.97
shot_0035,1419.2292,59.78,-1449.11,269.07
shot_0035,1419.2372,61.18,-1413.7,287.23
shot_0035,1419.2453,62.49,-1383.53,299.09
shot_0035,1419.2533,66.05,-1331.5,329.75
shot_0035,1419.2694,70.25,-1247.54,372.49
shot_0035,1419.2774,71.8,-1217.13,383.75
shot_0035,1419.2855,73.84,-1173.49,403.15
shot_0035,1419.2935,75.88,-1134.63,420.13
shot_0035,1419.3016,77.36,-1096.83,435.43
shot_0035,1419.3096,78.82,-1058.72,451.44
shot_0035,1419.3176,80.1,-1021.77,462.83
shot_0035,1419.3337,83.02,-950.11,484.72
shot_0035,1419.3418,83.17,-911.58,495.87
shot_0035,1419.3498,85.36,-870.76,508.9
shot_0035,1419.3578,85.44,-837.68,512.73
shot_0035,1419.3659,87.14,-801.91,517.6
shot_0035,1419.382,88.47,-729.48,532.14
shot_0035,1419.39,89.34,-691.68,542.33
shot_0035,1419.398,89.95,-653.91,548.57
shot_0035,1419.4061,89.31,-620.48,548.89
shot_0035,1419.4141,91.01,-583.98,553.75
shot_0035,1419.4222,90.46,-546.28,559.25
shot_0035,1419.4382,91.03,-477.2,562.17
shot_0035,1419.4463,91.64,-445.03,557.4
shot_0035,1419.4543,92.1,-409.98,559.54
shot_0035,1419.4624,91.54,-376.63,559.47
shot_0035,1419.4704,91.27,-342.52,555.44
shot_0035,1419.4784,91.84,-307.48,555.62
shot_0035,1419.4945,91.69,-241.66,546.75
shot_0035,1419.5026,91.88,-209.57,539.86
shot_0035,1419.5106,92.23,-177.2,535.89
shot_0035,1419.5186,92.05,-143.52,530.11
shot_0035,1419.5347,91.78,-79.36,513.32
shot_0035,1419.5428,91.33,-47.38,503.71
shot_0035,1419.5508,91.4,-15.07,493.44
shot_0035,1419.5588,90.65,16.39,484.43
shot_0035,1419.5669,90.83,48.89,472.94
shot_0035,1419.5749,90.41,78.49,462.82
shot_0035,1419.583,90.73,108.29,447.55
shot_0035,1419.591,89.94,138.66,436.15
shot_0035,1419.599,89.55,170.45,421.64
shot_0035,1419.6151,89.47,229.18,389.58
shot_0035,1419.6232,89.57,258.16,376.74
shot_0035,1419.6312,90.4,286.48,360.42
shot_0035,1419.6393,88.68,319.8,338.51
shot_0035,1419.6473,89.11,347.31,319.81
shot_0035,1419.6553,89.21,375.8,307.1
shot_0035,1419.6634,88.69,404.93,284.86
shot_0035,1419.6795,89.09,460.25,250.27
shot_0035,1419.6875,89.81,487.58,225.42
shot_0035,1419.6955,88.52,518.7,197.03
shot_0035,1419.7036,89.23,547.11,176.56
shot_0035,1419.7116,88.55,568.36,167.43
shot_0035,1419.7197,88.99,596.32,140.26
shot_0035,1419.7277,89.91,624.42,113.84
shot_0035,1419.7357,89.63,650.53,86.7
shot_0035,1419.7438,90.21,675.73,66.18
shot_0035,1419.7599,87.79,729.22,28.01
shot_0035,1419.7679,84.89,750.62,54.27
shot_0035,1419.7759,81.62,774.01,76.24
shot_0035,1419.792,74.32,819.29,118.32
shot_0035,1419.8001,71.1,844.16,137.76
shot_0035,1419.8081,66.86,864.32,156.96
shot_0035,1419.8161,62.99,889.65,168.41
shot_0035,1419.8242,57.63,911.54,184.63
shot_0035,1419.8322,54.63,929.69,206.98
shot_0035,1419.8403,48.54,957.56,216.33
shot_0035,1419.8483,44.53,976.0,232.39
shot_0035,1419.8644,37.12,1016.25,264.63
shot_0035,1419.8724,32.42,1039.88,274.86
shot_0035,1419.8805,27.55,1061.2,288.4
shot_0035,1419.8885,23.0,1081.46,298.51
shot_0035,1419.8965,18.0,1108.26,298.67
shot_0035,1419.9046,14.23,1125.88,312.76
shot_0035,1419.9126,8.54,1143.83,324.81
shot_0035,1419.9287,-0.6,1182.69,337.52
shot_0035,1419.9367,-4.94,1205.88,345.3
shot_0035,1419.9448,-7.61,1219.85,362.88
shot_0035,1419.9528,-16.55,1250.73,357.99
shot_0035,1419.9609,-19.17,1260.17,370.8
shot_0035,1419.9769,-29.75,1302.29,377.25
shot_0035,1419.985,-34.58,1328.71,377.63
shot_0035,1419.993,-38.84,1341.73,389.66
shot_0035,1420.0011,-44.63,1362.86,394.96
shot_0035,1420.0171,-56.25,1413.16,398.52
shot_0035,1420.0252,-60.6,1423.01,409.41
shot_0035,1420.0332,-63.29,1433.11,420.76
shot_0035,1420.0413,-68.34,1454.33,424.34
shot_0035,1420.0493,-73.92,1483.94,424.37
shot_0035,1420.0573,-79.61,1501.24,437.98
shot_0035,1420.0654,-82.6,1508.22,445.0
shot_0035,1420.0734,-91.36,1563.28,443.58
shot_0035,1420.0895,-98.47,1578.43,463.46
shot_0035,1420.0975,-102.38,1601.64,470.51
shot_0035,1420.1056,-108.73,1621.86,467.95
shot_0036,1421.5689,536.42,1439.78,204.03
shot_0036,1421.5769,531.5,1408.77,213.01
shot_0036,1421.5849,520.56,1358.47,231.49
shot_0036,1421.593,515.96,1326.52,229.33
shot_0036,1421.6091,498.69,1238.18,253.17
shot_0036,1421.6171,488.03,1189.32,272.04
shot_0036,1421.6251,480.75,1152.66,277.89
shot_0036,1421.6332,475.89,1117.56,279.88
shot_0036,1421.6412,465.72,1069.79,294.86
shot_0036,1421.6493,458.44,1034.97,302.04
shot_0036,1421.6573,451.07,994.29,310.62
shot_0036,1421.6653,442.05,951.98,320.19
shot_0036,1421.6734,434.56,911.82,325.19
shot_0036,1421.6814,426.36,870.42,334.33
shot_0036,1421.6895,420.47,835.04,331.35
shot_0036,1421.6975,411.76,792.34,343.19
shot_0036,1421.7055,403.36,753.84,346.12
shot_0036,1421.7136,394.18,712.49,350.51
shot_0036,1421.7216,388.24,674.82,350.22
shot_0036,1421.7297,379.81,635.75,354.16
shot_0036,1421.7457,364.33,559.25,353.61
shot_0036,1421.7618,348.76,483.72,352.67
shot_0036,1421.7699,341.14,449.0,346.01
shot_0036,1421.7779,332.49,408.45,345.44
shot_0036,1421.794,317.59,335.21,337.23
shot_0036,1421.802,308.93,296.67,333.48
shot_0036,1421.8101,302.11,260.4,327.52
shot_0036,1421.8181,293.94,224.37,322.9
shot_0036,1421.8342,278.8,148.75,309.68
shot_0036,1421.8422,269.72,112.87,307.43
shot_0036,1421.8503,262.93,77.18,292.51
shot_0036,1421.8583,254.51,40.66,286.68
shot_0036,1421.8663,246.86,5.2,277.24
shot_0036,1421.8824,231.66,-66.19,256.26
shot_0036,1421.8905,223.1,-102.31,245.79
shot_0036,1421.8985,215.86,-137.56,233.66
shot_0036,1421.9146,199.63,-208.09,203.62
shot_0036,1421.9226,192.47,-241.99,192.09
shot_0036,1421.9307,184.93,-276.66,177.76
shot_0036,1421.9387,176.93,-312.85,161.87
shot_0036,1421.9467,169.49,-344.75,147.63
shot_0036,1421.9548,160.87,-379.41,132.3
shot_0036,1421.9709,145.46,-448.29,93.33
shot_0036,1421.9789,137.09,-481.93,73.73
shot_0036,1421.9869,129.46,-517.27,53.16
shot_0036,1421.995,124.3,-547.9,59.17
shot_0036,1422.0111,113.26,-605.29,99.56
shot_0036,1422.0191,109.99,-631.22,118.29
shot_0036,1422.0271,104.88,-662.12,130.97
shot_0036,1422.0352,100.49,-690.62,147.94
shot_0036,1422.0432,95.84,-722.73,154.07
shot_0036,1422.0513,91.29,-748.52,175.97
shot_0036,1422.0673,82.77,-803.64,202.4
shot_0036,1422.0754,77.15,-833.79,211.37
shot_0036,1422.0834,71.26,-860.3,223.54
shot_0036,1422.0915,66.89,-888.8,232.44
shot_0036,1422.1076,57.93,-938.56,257.52
shot_0036,1422.1156,53.21,-969.84,259.81
shot_0036,1422.1236,47.83,-995.23,271.03
shot_0036,1422.1317,42.56,-1023.11,275.92
shot_0036,1422.1397,37.81,-1051.7,281.85
shot_0036,1422.1558,29.98,-1097.16,299.48
shot_0036,1422.1638,24.62,-1130.14,295.5
shot_0036,1422.1719,19.68,-1151.92,305.57
shot_0036,1422.1799,14.68,-1183.12,301.94
shot_0036,1422.188,9.7,-1201.21,311.43
shot_0036,1422.196,4.59,-1231.33,306.61
shot_0036,1422.2121,-4.96,-1287.12,303.6
shot_0036,1422.2201,-10.4,-1312.53,303.57
shot_0036,1422.2282,-13.73,-1330.88,307.79
shot_0036,1422.2362,-19.77,-1360.21,303.18
shot_0036,1422.2442,-25.39,-1386.5,300.45
shot_0037,1422.2684,-30.77,-1409.84,298.45
shot_0037,1422.2764,-22.68,-1360.16,317.19
shot_0037,1422.2844,-13.95,-1312.06,334.65
shot_0037,1422.2925,-7.55,-1258.65,355.97
shot_0037,1422.3086,7.38,-1171.64,382.89
shot_0037,1422.3166,12.64,-1130.75,392.43
shot_0037,1422.3246,20.4,-1086.95,405.72
shot_0037,1422.3327,28.06,-1041.45,416.22
shot_0037,1422.3407,34.16,-995.87,428.77
shot_0037,1422.3488,41.65,-954.8,434.32
shot_0037,1422.3648,54.05,-869.25,450.03
shot_0037,1422.3729,60.24,-826.49,462.89
shot_0037,1422.3809,67.32,-785.74,464.83
shot_0037,1422.389,74.65,-738.09,477.73
shot_0037,1422.397,81.26,-699.11,479.16
shot_0037,1422.4131,94.91,-617.6,487.16
shot_0037,1422.4211,101.26,-579.42,488.41
shot_0037,1422.4292,107.83,-537.41,491.02
shot_0037,1422.4372,114.63,-498.93,490.83
shot_0037,1422.4452,121.4,-455.36,492.87
shot_0037,1422.4533,127.72,-417.73,495.92
shot_0037,1422.4694,140.73,-336.07,496.05
shot_0037,1422.4774,146.2,-298.27,492.11
shot_0037,1422.4854,153.94,-259.84,488.78
shot_0037,1422.4935,160.29,-220.14,487.34
shot_0037,1422.5015,167.06,-181.19,483.95
shot_0037,1422.5176,179.21,-106.3,471.84
shot_0037,1422.5256,185.37,-68.62,463.77
shot_0037,1422.5337,191.04,-31.92,456.8
shot_0037,1422.5417,198.36,6.44,449.2
shot_0037,1422.5498,203.83,42.6,441.93
shot_0037,1422.5658,216.61,117.87,422.33
shot_0037,1422.5739,223.06,153.12,410.03
shot_0037,1422.5819,228.73,189.34,400.05
shot_0037,1422.59,235.68,225.24,386.71
shot_0037,1422.598,241.35,261.87,373.11
shot_0037,1422.6141,254.31,331.11,348.61
shot_0037,1422.6221,259.62,363.83,336.75
shot_0037,1422.6302,266.21,399.3,321.82
shot_0037,1422.6382,272.25,435.67,299.64
shot_0037,1422.6462,278.81,470.72,284.03
shot_0037,1422.6543,283.95,501.22,272.33
shot_0037,1422.6704,295.45,569.75,234.3
shot_0037,1422.6784,300.3,602.74,214.67
shot_0037,1422.6864,308.1,635.67,191.81
shot_0037,1422.6945,313.22,671.84,172.27
shot_0037,1422.7025,318.2,704.5,150.79
shot_0037,1422.7186,328.34,764.23,116.36
shot_0037,1422.7266,335.26,799.42,90.2
shot_0037,1422.7347,340.07,828.1,70.59
shot_0037,1422.7427,344.81,860.3,45.81
shot_0037,1422.7508,349.02,889.92,24.44
shot_0037,1422.7588,356.26,920.11,11.07
shot_0037,1422.7749,369.18,971.72,53.18
shot_0037,1422.7829,377.44,996.32,75.58
shot_0037,1422.791,383.92,1027.62,86.13
shot_0037,1422.799,392.32,1054.7,106.69
shot_0037,1422.807,398.78,1076.05,126.71
shot_0037,1422.8151,406.92,1104.33,136.44
shot_0037,1422.8231,411.97,1130.2,154.52
shot_0037,1422.8392,427.13,1185.98,173.65
shot_0037,1422.8472,435.43,1211.56,183.33
shot_0037,1422.8553,442.33,1241.65,189.76
shot_0037,1422.8714,456.04,1290.57,217.05
shot_0037,1422.8874,471.14,1340.61,238.12
shot_0038,1422.8955,467.0,1323.97,241.01
shot_0038,1422.9035,455.92,1269.34,263.2
shot_0038,1422.9116,449.87,1232.17,271.34
shot_0038,1422.9196,441.7,1191.52,277.47
shot_0038,1422.9276,431.68,1138.95,297.75
shot_0038,1422.9437,414.75,1055.23,318.43
shot_0038,1422.9518,406.76,1010.2,330.65
shot_0038,1422.9598,400.26,973.51,335.43
shot_0038,1422.9678,393.38,934.2,338.85
shot_0038,1422.9759,385.11,890.77,349.98
shot_0038,1422.992,368.69,803.24,368.77
shot_0038,1423.0,361.27,764.88,369.64
shot_0038,1423.008,353.75,721.58,376.63
shot_0038,1423.0161,345.44,681.94,378.95
shot_0038,1423.0241,336.62,640.66,381.2
shot_0038,1423.0322,331.59,605.98,373.51
shot_0038,1423.0402,322.65,560.84,383.26
shot_0038,1423.0643,298.8,448.91,375.27
shot_0038,1423.0724,291.66,407.47,373.51
shot_0038,1423.0804,282.71,368.79,375.74
shot_0038,1423.0884,275.17,331.8,365.41
shot_0038,1423.0965,268.05,293.7,366.01
shot_0038,1423.1126,252.52,218.59,350.05
shot_0038,1423.1206,244.37,180.87,349.11
shot_0038,1423.1286,236.06,143.03,338.09
shot_0038,1423.1367,227.97,105.88,333.29
shot_0038,1423.1447,219.82,68.41,324.99
shot_0038,1423.1608,203.8,-6.07,306.46
shot_0038,1423.1688,196.02,-42.59,294.1
shot_0038,1423.1769,186.75,-79.6,284.57
shot_0038,1423.1849,179.46,-114.18,272.5
shot_0038,1423.193,171.07,-151.62,261.46
shot_0038,1423.201,163.28,-186.35,244.44
shot_0038,1423.209,154.61,-223.23,230.58
shot_0038,1423.2171,146.39,-258.26,214.03
shot_0038,1423.2332,129.99,-326.63,182.42
shot_0038,1423.2412,121.82,-362.52,167.3
shot_0038,1423.2492,113.68,-396.99,150.68
shot_0038,1423.2573,105.12,-432.77,131.07
shot_0038,1423.2653,96.65,-464.44,113.0
shot_0038,1423.2734,87.91,-503.15,86.61
shot_0038,1423.2814,80.94,-530.95,73.78
shot_0038,1423.2975,68.32,-593.84,77.93
shot_0038,1423.3055,62.12,-624.66,91.79
shot_0038,1423.3136,57.91,-651.02,117.8
shot_0038,1423.3216,51.61,-686.31,125.55
shot_0038,1423.3296,48.89,-709.95,147.05
shot_0038,1423.3377,41.5,-740.23,161.99
shot_0038,1423.3457,39.55,-765.96,175.95
shot_0038,1423.3538,33.87,-793.43,191.81
shot_0038,1423.3698,23.41,-852.44,214.84
shot_0038,1423.3779,18.79,-876.2,231.94
shot_0038,1423.3859,13.42,-907.11,240.96
shot_0038,1423.402,2.58,-961.86,264.12
shot_0038,1423.41,-1.66,-989.14,272.69
shot_0038,1423.4181,-6.52,-1012.13,288.58
shot_0038,1423.4261,-13.49,-1048.12,282.79
shot_0038,1423.4422,-22.54,-1091.99,305.93
shot_0038,1423.4502,-29.72,-1123.74,307.68
shot_0038,1423.4583,-34.38,-1144.67,319.41
shot_0038,1423.4663,-39.44,-1174.35,321.02
shot_0038,1423.4744,-46.14,-1202.69,320.32
shot_0038,1423.4824,-50.98,-1224.27,325.4
shot_0038,1423.4904,-56.42,-1252.96,326.14
shot_0038,1423.4985,-64.63,-1285.34,319.84
shot_0038,1423.5146,-74.87,-1331.42,321.04
shot_0038,1423.5226,-80.8,-1356.89,321.34
shot_0038,1423.5306,-88.34,-1393.58,312.37
shot_0038,1423.5387,-93.11,-1415.32,311.14
shot_0039,1423.5467,-101.67,-1440.9,308.46
shot_0039,1423.5628,-85.76,-1368.48,331.16
shot_0039,1423.5708,-74.41,-1312.77,350.25
shot_0039,1423.5789,-65.72,-1263.78,365.99
shot_0039,1423.5869,-56.79,-1225.28,371.37
shot_0039,1423.595,-45.61,-1179.22,382.12
shot_0039,1423.603,-38.29,-1135.77,391.75
shot_0039,1423.611,-28.2,-1089.41,401.21
shot_0039,1423.6191,-18.11,-1041.83,412.26
shot_0039,1423.6271,-9.32,-996.63,417.63
shot_0039,1423.6432,8.46,-913.11,425.16
shot_0039,1423.6512,18.69,-863.66,435.01
shot_0039,1423.6593,26.8,-825.14,431.68
shot_0039,1423.6673,35.21,-781.92,435.65
shot_0039,1423.6754,43.69,-739.56,436.44
shot_0039,1423.6834,52.64,-693.86,439.7
shot_0039,1423.6914,60.65,-650.94,441.56
shot_0039,1423.6995,68.84,-613.02,436.56
shot_0039,1423.7075,78.5,-567.92,437.79
shot_0039,1423.7156,86.55,-528.92,435.18
shot_0039,1423.7316,103.06,-450.78,426.68
shot_0039,1423.7397,111.01,-410.64,418.85
shot_0039,1423.7477,119.33,-370.39,414.89
shot_0039,1423.7558,127.37,-330.83,407.81
shot_0039,1423.7638,134.73,-295.03,403.56
shot_0039,1423.7718,142.09,-254.55,396.3
shot_0039,1423.7799,149.77,-215.06,386.78
shot_0039,1423.796,165.11,-138.97,370.72
shot_0039,1423.804,173.33,-101.95,357.36
shot_0039,1423.812,181.24,-66.24,342.81
shot_0039,1423.8201,189.3,-29.37,332.24
shot_0039,1423.8281,195.21,6.48,321.16
shot_0039,1423.8362,203.64,43.09,302.83
shot_0039,1423.8522,217.75,114.84,270.13
shot_0039,1423.8603,226.05,152.23,250.64
shot_0039,1423.8683,232.46,184.99,237.59
shot_0039,1423.8764,241.15,221.19,215.77
shot_0039,1423.8844,246.11,253.74,202.15
shot_0039,1423.8924,254.21,289.02,181.16
shot_0039,1423.9005,260.35,323.65,160.18
shot_0039,1423.9166,274.99,389.78,117.29
shot_0039,1423.9246,279.99,422.15,98.08
shot_0039,1423.9326,286.75,454.63,74.82
shot_0039,1423.9407,292.92,486.51,50.32
shot_0039,1423.9487,298.55,515.64,35.34
shot_0039,1423.9568,304.95,546.2,28.34
shot_0039,1423.9728,322.78,600.38,70.07
shot_0039,1423.9809,330.72,627.86,88.62
shot_0039,1423.997,347.91,684.77,117.48
shot_0039,1424.005,356.38,711.39,135.05
shot_0039,1424.013,364.51,735.98,153.7
shot_0039,1424.0211,373.09,767.7,161.1
shot_0039,1424.0291,380.58,793.66,176.98
shot_0039,1424.0372,389.28,817.27,195.78
shot_0039,1424.0452,397.69,848.33,198.49
shot_0039,1424.0532,404.86,871.05,215.19
shot_0039,1424.0613,412.93,898.89,222.51
shot_0039,1424.0693,421.2,928.07,229.75
shot_0039,1424.0774,430.04,956.54,237.64
shot_0039,1424.0934,442.63,1001.2,257.77
shot_0039,1424.1015,451.5,1029.92,261.95
shot_0039,1424.1095,457.59,1053.71,267.86
shot_0039,1424.1176,466.15,1082.14,269.03
shot_0039,1424.1256,475.4,1110.77,267.44
shot_0039,1424.1336,481.9,1139.98,267.48
shot_0039,1424.1417,487.98,1162.82,272.05
shot_0039,1424.1497,495.36,1185.9,277.67
shot_0039,1424.1578,502.59,1204.83,285.17
shot_0039,1424.1738,515.36,1252.2,289.17
shot_0040,1424.1819,517.86,1262.45,291.77
shot_0040,1424.1899,507.62,1216.74,306.79
shot_0040,1424.198,500.51,1179.21,306.51
shot_0040,1424.206,488.47,1127.43,323.01
shot_0040,1424.214,477.06,1077.94,337.01
shot_0040,1424.2221,466.94,1032.11,346.43
shot_0040,1424.2382,443.35,932.02,374.8
shot_0040,1424.2462,432.39,882.69,387.48
shot_0040,1424.2542,421.57,837.97,394.89
shot_0040,1424.2623,408.96,788.5,405.23
shot_0040,1424.2703,398.18,741.72,412.59
shot_0040,1424.2784,387.4,696.34,419.54
shot_0040,1424.2864,376.01,651.45,421.17
shot_0040,1424.3025,352.65,559.22,430.91
shot_0040,1424.3105,341.89,513.1,431.86
shot_0040,1424.3186,329.51,468.09,434.52
shot_0040,1424.3266,317.6,421.65,439.12
shot_0040,1424.3346,307.52,378.24,435.99
shot_0040,1424.3427,296.43,335.08,434.21
shot_0040,1424.3588,272.85,247.65,428.84
shot_0040,1424.3668,262.86,206.01,422.0
shot_0040,1424.3748,251.19,160.57,422.45
shot_0040,1424.3829,240.3,120.39,419.1
shot_0040,1424.3909,228.7,76.71,413.61
shot_0040,1424.407,206.95,-8.05,398.79
shot_0040,1424.415,195.45,-48.38,395.06
shot_0040,1424.4231,184.97,-89.17,388.08
shot_0040,1424.4311,174.86,-130.59,373.44
shot_0040,1424.4472,152.14,-212.27,352.77
shot_0040,1424.4552,140.63,-252.77,345.63
shot_0040,1424.4633,130.43,-293.47,327.72
shot_0040,1424.4713,118.96,-332.85,316.61
shot_0040,1424.4794,108.17,-372.88,301.16
shot_0040,1424.4874,97.07,-409.22,286.66
shot_0040,1424.4954,86.39,-448.28,275.13
shot_0040,1424.5115,64.56,-528.59,239.03
shot_0040,1424.5196,52.86,-569.42,213.62
shot_0040,1424.5276,42.14,-606.77,200.78
shot_0040,1424.5356,31.52,-643.99,181.81
shot_0040,1424.5437,21.55,-683.22,162.03
shot_0040,1424.5517,11.29,-714.09,150.15
shot_0040,1424.5598,-0.27,-755.79,121.95
shot_0040,1424.5759,-20.83,-826.72,81.94
shot_0040,1424.5839,-29.85,-860.03,62.26
shot_0040,1424.5919,-34.89,-891.33,76.63
shot_0040,1424.6,-36.58,-914.82,103.8
shot_0040,1424.608,-39.26,-946.96,121.04
shot_0040,1424.6161,-42.68,-976.05,140.29
shot_0040,1424.6241,-44.68,-1001.84,160.56
shot_0040,1424.6321,-48.22,-1033.4,173.21
shot_0040,1424.6482,-52.75,-1085.12,208.88
shot_0040,1424.6563,-56.57,-1110.42,224.77
shot_0040,1424.6643,-60.45,-1142.79,231.84
shot_0040,1424.6723,-63.55,-1168.07,246.16
shot_0040,1424.6804,-66.06,-1188.56,265.59
shot_0040,1424.6884,-68.5,-1219.8,275.22
shot_0040,1424.6965,-72.14,-1244.2,285.92
shot_0040,1424.7045,-73.68,-1265.29,299.64
shot_0040,1424.7206,-80.39,-1321.59,310.21
shot_0040,1424.7286,-84.95,-1352.89,311.43
shot_0040,1424.7367,-88.71,-1373.97,323.36
shot_0040,1424.7447,-89.61,-1394.37,334.48
shot_0040,1424.7527,-93.89,-1424.17,338.68
shot_0041,1428.7647,-403.22,1389.92,267.51
shot_0041,1428.7728,-403.04,1372.83,268.21
shot_0041,1428.7808,-392.55,1333.43,293.87
shot_0041,1428.7888,-386.94,1312.58,300.7
shot_0041,1428.7969,-376.48,1266.52,323.14
shot_0041,1428.813,-355.02,1188.85,361.06
shot_0041,1428.821,-346.27,1158.99,371.19
shot_0041,1428.829,-337.7,1121.4,385.9
shot_0041,1428.8371,-329.79,1093.19,394.3
shot_0041,1428.8451,-318.68,1049.71,415.11
shot_0041,1428.8612,-299.04,977.5,445.13
shot_0041,1428.8692,-291.05,942.97,453.86
shot_0041,1428.8773,-283.82,912.32,459.89
shot_0041,1428.8853,-273.09,871.34,476.37
shot_0041,1428.8934,-266.83,839.26,481.23
shot_0041,1428.9014,-254.79,798.57,496.65
shot_0041,1428.9094,-247.55,763.79,502.48
shot_0041,1428.9255,-231.4,696.3,516.49
shot_0041,1428.9336,-224.51,659.96,521.69
shot_0041,1428.9416,-217.15,627.43,525.14
shot_0041,1428.9496,-208.29,592.93,529.73
shot_0041,1428.9577,-200.72,558.07,533.43
shot_0041,1428.9657,-192.63,521.07,538.55
shot_0041,1428.9818,-177.89,455.23,540.46
shot_0041,1429.0059,-155.66,353.37,541.45
shot_0041,1429.014,-149.33,320.93,537.03
shot_0041,1429.03,-136.95,255.0,528.61
shot_0041,1429.0381,-128.43,221.79,526.35
shot_0041,1429.0461,-122.09,188.66,521.89
shot_0041,1429.0542,-116.34,156.64,515.85
shot_0041,1429.0702,-102.61,90.72,503.24
shot_0041,1429.0783,-97.86,58.21,492.27
shot_0041,1429.0863,-91.37,27.77,484.81
shot_0041,1429.0944,-85.77,-4.93,476.78
shot_0041,1429.1024,-79.33,-34.95,469.3
shot_0041,1429.1104,-73.83,-66.1,459.44
shot_0041,1429.1185,-68.89,-97.59,443.88
shot_0041,1429.1346,-58.15,-159.03,417.71
shot_0041,1429.1426,-52.8,-188.71,407.13
shot_0041,1429.1506,-46.92,-218.34,390.46
shot_0041,1429.1587,-42.11,-249.9,372.23
shot_0041,1429.1667,-37.45,-279.57,359.75
shot_0041,1429.1748,-31.88,-310.32,344.02
shot_0041,1429.1828,-27.74,-339.81,321.88
shot_0041,1429.1989,-18.07,-397.59,286.94
shot_0041,1429.2069,-13.86,-428.28,267.6
shot_0041,1429.215,-8.46,-456.11,251.59
shot_0041,1429.223,-4.59,-486.74,227.62
shot_0041,1429.231,0.16,-514.67,207.14
shot_0041,1429.2391,3.61,-540.85,187.56
shot_0041,1429.2552,13.05,-599.86,135.68
shot_0041,1429.2632,16.96,-625.4,116.68
shot_0041,1429.2712,20.14,-655.95,84.05
shot_0041,1429.2793,24.63,-680.54,65.77
shot_0041,1429.2954,33.51,-728.01,87.89
shot_0041,1429.3034,40.32,-753.26,112.97
shot_0041,1429.3114,44.2,-773.09,135.01
shot_0041,1429.3195,50.48,-794.11,153.11
shot_0041,1429.3275,55.47,-816.56,172.6
shot_0041,1429.3356,59.97,-836.48,192.33
shot_0041,1429.3436,65.31,-857.32,215.17
shot_0041,1429.3597,75.11,-901.54,244.21
shot_0041,1429.3677,79.12,-922.71,261.44
shot_0041,1429.3758,84.94,-939.0,284.79
shot_0041,1429.3838,89.26,-964.64,290.2
shot_0041,1429.3918,93.88,-985.29,305.76
shot_0041,1429.4079,102.74,-1025.26,332.73
shot_0041,1429.416,106.79,-1040.04,349.71
shot_0041,1429.424,111.73,-1055.8,365.55
shot_0041,1429.432,115.75,-1084.81,366.92
shot_0041,1429.4481,123.14,-1120.53,387.62
shot_0041,1429.4562,127.96,-1142.9,394.32
shot_0041,1429.4642,131.22,-1162.77,402.08
shot_0041,1429.4722,134.57,-1183.95,405.96
shot_0041,1429.4803,139.53,-1199.63,415.45
shot_0041,1429.4883,142.18,-1223.66,413.91
shot_0041,1429.5044,148.78,-1265.37,421.98
shot_0041,1429.5125,153.52,-1279.14,430.68
shot_0041,1429.5205,156.37,-1306.2,424.49
shot_0041,1429.5285,160.15,-1314.14,436.36
shot_0041,1429.5366,163.38,-1339.94,430.26
shot_0041,1429.5527,167.7,-1373.9,435.55
shot_0041,1429.5607,170.73,-1401.58,427.83
shot_0041,1429.5687,174.35,-1418.33,427.7
shot_0041,1429.5768,177.47,-1441.36,422.8
shot_0041,1429.5848,178.85,-1457.43,422.08
shot_0042,1429.5929,180.1,-1470.9,422.85
shot_0042,1429.6089,180.96,-1427.25,448.12
shot_0042,1429.617,181.3,-1402.68,457.55
shot_0042,1429.625,181.3,-1365.01,474.82
shot_0042,1429.6331,181.92,-1332.05,490.76
shot_0042,1429.6411,180.52,-1291.17,508.91
shot_0042,1429.6491,179.42,-1260.71,520.28
shot_0042,1429.6572,178.66,-1223.81,533.9
shot_0042,1429.6733,175.78,-1159.65,557.09
shot_0042,1429.6813,174.94,-1130.79,563.56
shot_0042,1429.6893,173.61,-1095.35,573.9
shot_0042,1429.6974,171.9,-1063.88,581.39
shot_0042,1429.7054,169.12,-1023.4,596.18
shot_0042,1429.7135,167.87,-999.27,597.47
shot_0042,1429.7215,165.56,-963.22,608.18
shot_0042,1429.7376,161.25,-896.89,624.2
shot_0042,1429.7456,160.29,-865.68,626.93
shot_0042,1429.7537,157.99,-834.58,629.52
shot_0042,1429.7617,155.35,-801.07,634.05
shot_0042,1429.7697,152.86,-768.99,636.42
shot_0042,1429.7778,150.41,-739.62,635.89
shot_0042,1429.7858,146.71,-709.32,635.79
shot_0042,1429.7939,144.49,-677.48,636.37
shot_0042,1429.8019,142.6,-645.41,635.11
shot_0042,1429.8099,139.22,-613.89,634.35
shot_0042,1429.818,136.31,-585.95,629.93
shot_0042,1429.826,133.19,-554.38,628.28
shot_0042,1429.8341,130.96,-522.23,624.48
shot_0042,1429.8421,127.5,-491.77,620.72
shot_0042,1429.8501,124.7,-464.0,615.36
shot_0042,1429.8582,121.29,-430.9,612.15
shot_0042,1429.8662,117.89,-403.15,602.37
shot_0042,1429.8743,114.72,-372.12,598.12
shot_0042,1429.8823,111.69,-343.3,587.4
shot_0042,1429.8984,104.63,-284.5,572.9
shot_0042,1429.9064,101.29,-255.16,564.98
shot_0042,1429.9145,97.74,-226.5,554.47
shot_0042,1429.9225,94.33,-198.08,543.57
shot_0042,1429.9305,90.99,-169.5,529.64
shot_0042,1429.9386,87.64,-140.86,521.28
shot_0042,1429.9466,83.59,-112.3,505.78
shot_0042,1429.9547,79.87,-84.98,492.22
shot_0042,1429.9707,71.8,-28.89,462.21
shot_0042,1429.9788,68.13,-2.02,445.4
shot_0042,1429.9868,64.48,25.63,430.94
shot_0042,1429.9949,60.93,51.31,411.21
shot_0042,1430.0029,56.8,79.64,391.57
shot_0042,1430.0109,53.02,106.0,372.36
shot_0042,1430.027,44.78,158.47,333.87
shot_0042,1430.0351,41.04,182.06,317.37
shot_0042,1430.0431,36.07,208.94,293.6
shot_0042,1430.0511,32.14,234.75,269.39
shot_0042,1430.0592,28.75,258.78,247.89
shot_0042,1430.0753,19.95,308.48,203.0
shot_0042,1430.0833,14.62,335.77,173.97
shot_0042,1430.0913,10.52,357.79,153.21
shot_0042,1430.0994,5.41,381.53,124.38
shot_0042,1430.1155,-2.52,427.58,76.23
shot_0042,1430.1235,-6.95,452.1,45.0
shot_0042,1430.1315,-9.08,474.13,50.65
shot_0042,1430.1476,-11.22,514.25,100.35
shot_0042,1430.1557,-11.98,535.43,123.87
shot_0042,1430.1637,-12.55,552.65,148.57
shot_0042,1430.1717,-13.41,573.16,166.41
shot_0042,1430.1878,-15.67,611.53,209.19
shot_0042,1430.1959,-16.8,630.93,225.93
shot_0042,1430.2119,-20.53,670.73,257.95
shot_0042,1430.22,-22.62,693.11,266.75
shot_0042,1430.228,-22.7,706.82,292.49
shot_0042,1430.2361,-24.34,724.55,309.24
shot_0042,1430.2521,-27.6,764.34,331.41
shot_0042,1430.2602,-30.83,783.95,342.51
shot_0042,1430.2763,-32.18,820.15,366.55
shot_0042,1430.2843,-34.82,839.82,376.84
shot_0042,1430.2923,-36.76,854.99,387.65
shot_0042,1430.3004,-39.12,878.75,390.93
shot_0042,1430.3084,-38.43,888.81,406.25
shot_0042,1430.3245,-44.23,925.25,419.47
shot_0042,1430.3325,-45.9,944.24,422.15
shot_0042,1430.3406,-48.31,961.05,430.22
shot_0042,1430.3486,-51.11,981.05,431.66
shot_0042,1430.3567,-53.24,998.95,434.37
shot_0042,1430.3647,-54.33,1010.64,439.1
shot_0042,1430.3808,-59.69,1047.85,440.95
shot_0042,1430.3888,-62.12,1064.86,443.16
shot_0042,1430.3969,-62.39,1072.47,451.52
shot_0042,1430.4049,-67.08,1097.73,446.61
shot_0042,1430.4129,-68.9,1115.35,444.57
shot_0042,1430.429,-73.4,1144.26,447.95
shot_0043,1430.4451,-79.27,1173.04,442.27
shot_0043,1430.4531,-78.63,1152.98,449.05
shot_0043,1430.4692,-70.72,1062.36,473.14
shot_0043,1430.4773,-66.19,1016.51,486.43
shot_0043,1430.4853,-62.05,972.33,499.69
shot_0043,1430.5014,-55.43,888.82,518.02
shot_0043,1430.5175,-48.42,800.46,538.53
shot_0043,1430.5255,-45.78,754.83,550.49
shot_0043,1430.5335,-43.4,714.24,554.98
shot_0043,1430.5496,-36.62,625.92,570.32
shot_0043,1430.5577,-34.67,586.09,572.08
shot_0043,1430.5737,-28.9,499.22,580.01
shot_0043,1430.5818,-26.08,455.41,585.44
shot_0043,1430.5898,-23.69,414.34,588.39
shot_0043,1430.6059,-20.59,331.55,585.97
shot_0043,1430.6139,-18.73,291.01,587.51
shot_0043,1430.63,-13.86,208.47,587.79
shot_0043,1430.6381,-11.41,168.9,581.97
shot_0043,1430.6461,-10.43,129.78,576.97
shot_0043,1430.6541,-9.05,89.02,573.03
shot_0043,1430.6702,-6.67,11.03,564.23
shot_0043,1430.6783,-5.18,-28.87,557.49
shot_0043,1430.6863,-4.19,-68.5,546.04
shot_0043,1430.6943,-2.56,-105.5,540.35
shot_0043,1430.7104,-0.52,-181.92,518.5
shot_0043,1430.7185,0.33,-221.29,509.26
shot_0043,1430.7265,1.16,-259.36,497.02
shot_0043,1430.7345,2.7,-297.74,484.81
shot_0043,1430.7426,1.69,-333.63,471.3
shot_0043,1430.7587,3.54,-407.42,442.68
shot_0043,1430.7667,3.76,-447.78,425.06
shot_0043,1430.7747,3.68,-482.81,409.36
shot_0043,1430.7828,3.93,-520.46,391.29
shot_0043,1430.7908,3.96,-555.92,373.7
shot_0043,1430.7989,3.91,-590.54,356.64
shot_0043,1430.8069,4.57,-627.06,340.98
shot_0043,1430.8149,3.8,-662.17,321.61
shot_0043,1430.823,4.51,-700.45,298.69
shot_0043,1430.831,4.18,-732.36,283.88
shot_0043,1430.8471,3.92,-802.14,239.28
shot_0043,1430.8551,4.72,-835.84,219.27
shot_0043,1430.8632,2.64,-875.2,187.21
shot_0043,1430.8712,2.64,-904.27,170.09
shot_0043,1430.8793,2.51,-931.77,157.85
shot_0043,1430.8873,1.93,-971.59,120.87
shot_0043,1430.8953,1.04,-1006.41,94.24
shot_0043,1430.9034,-0.01,-1044.29,60.76
shot_0043,1430.9114,1.12,-1069.93,71.21
shot_0043,1430.9195,2.55,-1095.48,97.85
shot_0043,1430.9275,5.61,-1113.84,131.49
shot_0043,1430.9436,6.43,-1176.04,162.2
shot_0043,1430.9516,8.02,-1200.12,185.27
shot_0043,1430.9597,9.95,-1223.14,207.98
shot_0043,1430.9677,10.57,-1251.39,223.28
shot_0043,1430.9757,11.53,-1272.76,245.16
shot_0043,1430.9838,11.33,-1304.84,253.65
shot_0043,1430.9918,12.96,-1320.77,277.51
shot_0043,1430.9999,13.09,-1351.81,286.93
shot_0043,1431.0079,15.26,-1375.08,300.38
shot_0043,1431.024,14.84,-1417.2,333.96
shot_0043,1431.032,14.13,-1452.78,337.6
shot_0043,1431.0401,14.01,-1469.45,354.17
shot_0043,1431.0481,14.11,-1496.03,360.19
shot_0043,1431.0561,14.32,-1523.34,368.61
shot_0043,1431.0642,14.67,-1550.52,375.74
shot_0044,1431.0803,13.56,-1580.55,393.81
shot_0044,1431.0883,16.37,-1531.91,428.93
shot_0044,1431.1044,17.75,-1449.48,478.21
shot_0044,1431.1124,20.24,-1412.03,500.5
shot_0044,1431.1205,21.58,-1376.16,519.64
shot_0044,1431.1285,23.84,-1333.81,543.45
shot_0044,1431.1365,24.65,-1302.78,558.47
shot_0044,1431.1446,26.61,-1254.88,583.69
shot_0044,1431.1526,25.65,-1232.57,594.8
shot_0044,1431.1607,27.13,-1188.13,616.69
shot_0044,1431.1767,31.2,-1120.11,646.17
shot_0044,1431.1848,32.05,-1088.24,659.44
shot_0044,1431.1928,33.63,-1053.98,673.58
shot_0044,1431.2009,35.54,-1018.46,687.48
shot_0044,1431.2089,36.19,-980.57,703.09
shot_0044,1431.2169,37.09,-948.18,714.05
shot_0044,1431.225,38.1,-908.53,730.17
shot_0044,1431.233,40.15,-878.08,738.79
shot_0044,1431.2411,41.64,-846.1,749.03
shot_0044,1431.2571,44.09,-777.69,770.71
shot_0044,1431.2652,46.33,-745.76,778.18
shot_0044,1431.2732,47.26,-713.69,786.69
shot_0044,1431.2813,48.83,-679.33,793.6
shot_0044,1431.2893,50.1,-650.2,797.64
shot_0044,1431.2973,52.1,-613.64,804.58
shot_0044,1431.3054,53.16,-582.04,808.54
shot_0044,1431.3134,54.63,-551.67,811.51
shot_0044,1431.3215,56.24,-517.97,815.59
shot_0044,1431.3295,57.65,-485.39,818.89
shot_0044,1431.3456,59.56,-420.17,826.2
shot_0044,1431.3536,61.48,-388.95,827.15
shot_0044,1431.3617,62.97,-359.43,826.15
shot_0044,1431.3697,64.8,-325.34,828.33
shot_0044,1431.3777,65.22,-295.18,827.55
shot_0044,1431.3858,67.86,-263.98,825.99
shot_0044,1431.4019,70.1,-202.12,823.85
shot_0044,1431.4099,71.68,-172.47,817.96
shot_0044,1431.4179,73.5,-141.23,815.1
shot_0044,1431.426,74.49,-112.13,809.47
shot_0044,1431.434,76.0,-81.68,804.78
shot_0044,1431.4421,77.51,-52.23,798.32
shot_0044,1431.4501,79.22,-21.29,791.17
shot_0044,1431.4581,80.32,7.21,784.61
shot_0044,1431.4742,83.84,65.97,768.94
shot_0044,1431.4823,85.44,95.69,758.96
shot_0044,1431.4903,86.67,124.27,746.56
shot_0044,1431.4983,87.74,152.97,739.16
shot_0044,1431.5064,89.48,183.44,725.3
shot_0044,1431.5144,91.35,211.49,714.46
shot_0044,1431.5225,92.53,241.55,700.76
shot_0044,1431.5305,94.72,267.82,690.16
shot_0044,1431.5466,97.72,327.82,658.86
shot_0044,1431.5546,99.48,354.99,644.56
shot_0044,1431.5627,100.95,382.69,632.05
shot_0044,1431.5707,103.19,412.2,612.46
shot_0044,1431.5787,104.27,439.59,596.36
shot_0044,1431.5868,106.03,469.06,578.15
shot_0044,1431.5948,107.71,495.16,561.59
shot_0044,1431.6029,108.75,523.91,541.95
shot_0044,1431.6109,110.4,549.15,527.98
shot_0044,1431.627,113.2,603.82,487.66
shot_0044,1431.635,115.26,629.59,468.08
shot_0044,1431.6431,116.39,660.58,441.99
shot_0044,1431.6511,117.81,685.24,424.52
shot_0044,1431.6591,119.82,709.66,404.76
shot_0044,1431.6672,121.88,734.48,383.21
shot_0044,1431.6752,123.33,761.58,360.57
shot_0044,1431.6833,124.48,790.35,333.14
shot_0044,1431.6993,128.42,836.78,292.8
shot_0044,1431.7074,129.88,868.55,259.5
shot_0044,1431.7154,132.37,891.94,236.63
shot_0044,1431.7235,132.52,917.41,210.67
shot_0044,1431.7315,134.99,935.41,192.05
shot_0044,1431.7395,137.38,966.51,158.9
shot_0044,1431.7476,137.76,988.05,136.35
shot_0044,1431.7556,139.86,1016.37,106.55
shot_0044,1431.7637,142.08,1040.22,74.74
shot_0044,1431.7797,146.02,1092.72,14.16
shot_0044,1431.7878,148.32,1112.03,19.84
shot_0044,1431.7958,153.08,1127.6,51.6
shot_0044,1431.8039,156.89,1147.74,76.63
shot_0044,1431.8119,161.02,1174.3,92.54
shot_0044,1431.8199,165.14,1192.59,114.3
shot_0044,1431.828,168.35,1203.32,145.67
shot_0044,1431.8441,174.89,1247.17,181.69
shot_0044,1431.8521,179.28,1259.79,207.09
shot_0044,1431.8601,181.92,1284.65,217.56
shot_0044,1431.8682,184.7,1304.24,237.12
shot_0044,1431.8762,189.39,1320.65,259.4
shot_0044,1431.8843,193.72,1341.22,274.22
shot_0045,1431.9084,196.39,1340.57,313.48
shot_0045,1431.9164,194.41,1302.47,321.73
shot_0045,1431.9245,192.1,1258.56,336.55
shot_0045,1431.9325,188.95,1210.01,353.49
shot_0045,1431.9405,184.89,1174.67,361.8
shot_0045,1431.9486,182.96,1132.66,372.39
shot_0045,1431.9566,179.55,1095.65,380.34
shot_0045,1431.9647,178.03,1059.86,387.22
shot_0045,1431.9727,174.46,1019.36,395.06
shot_0045,1431.9808,171.77,982.85,400.85
shot_0045,1431.9968,166.5,901.27,417.64
shot_0045,1432.0049,164.23,866.63,417.23
shot_0045,1432.0129,161.85,828.27,423.9
shot_0045,1432.021,159.68,791.27,425.93
shot_0045,1432.037,154.88,716.06,427.96
shot_0045,1432.0451,152.49,678.62,431.11
shot_0045,1432.0531,149.42,643.34,429.07
shot_0045,1432.0612,147.85,606.7,428.77
shot_0045,1432.0692,144.93,567.66,429.5
shot_0045,1432.0772,142.97,531.46,429.72
shot_0045,1432.0853,139.77,497.66,420.16
shot_0045,1432.1014,133.65,421.88,420.03
shot_0045,1432.1094,131.32,388.28,413.74
shot_0045,1432.1174,129.32,351.18,412.36
shot_0045,1432.1255,125.94,316.99,401.54
shot_0045,1432.1335,123.66,279.25,403.78
shot_0045,1432.1416,122.02,245.37,392.84
shot_0045,1432.1496,119.39,211.12,383.71
shot_0045,1432.1576,116.87,175.47,373.82
shot_0045,1432.1657,114.7,140.47,368.61
shot_0045,1432.1818,109.04,71.67,351.55
shot_0045,1432.1898,106.4,37.21,338.77
shot_0045,1432.1978,104.44,2.28,324.4
shot_0045,1432.2059,101.87,-31.44,319.15
shot_0045,1432.2139,98.96,-67.02,299.21
shot_0045,1432.222,97.03,-100.11,284.89
shot_0045,1432.23,94.92,-133.05,271.43
shot_0045,1432.238,92.58,-167.17,258.08
shot_0045,1432.2461,90.37,-201.35,242.16
shot_0045,1432.2622,84.96,-269.1,203.67
shot_0045,1432.2702,83.15,-299.99,192.6
shot_0045,1432.2863,79.54,-366.09,154.9
shot_0045,1432.2943,77.13,-400.09,134.54
shot_0045,1432.3024,74.56,-430.67,116.56
shot_0045,1432.3184,71.05,-496.05,75.37
shot_0045,1432.3265,68.19,-527.94,54.99
shot_0045,1432.3345,69.83,-555.79,70.22
shot_0045,1432.3506,70.51,-609.53,113.66
shot_0045,1432.3586,71.37,-634.95,132.75
shot_0045,1432.3667,71.03,-665.8,142.18
shot_0045,1432.3828,72.89,-713.41,183.72
shot_0045,1432.3908,74.09,-741.67,197.9
shot_0045,1432.3988,74.54,-765.89,211.3
shot_0045,1432.4069,75.88,-791.96,225.44
shot_0045,1432.4149,76.0,-818.62,235.46
shot_0045,1432.431,76.47,-871.75,259.41
shot_0045,1432.439,77.52,-898.06,270.07
shot_0045,1432.4471,76.75,-926.82,273.71
shot_0045,1432.4551,77.08,-949.56,285.72
shot_0045,1432.4712,78.47,-997.58,307.98
shot_0045,1432.4792,78.36,-1022.94,315.82
shot_0045,1432.4873,79.56,-1047.74,322.76
shot_0045,1432.4953,80.31,-1074.77,325.12
shot_0045,1432.5114,80.06,-1119.17,341.33
shot_0045,1432.5194,81.62,-1146.16,342.89
shot_0045,1432.5275,80.75,-1166.25,347.66
shot_0045,1432.5355,81.88,-1194.04,346.17
shot_0045,1432.5436,82.33,-1215.48,350.49
shot_0045,1432.5596,80.71,-1268.35,346.63
shot_0045,1432.5677,81.54,-1293.05,341.99
shot_0045,1432.5757,81.72,-1309.69,348.9
shot_0045,1432.5838,82.71,-1340.19,342.09
shot_0045,1432.5918,83.97,-1366.96,335.9
shot_0045,1432.5998,81.55,-1379.59,341.84
shot_0045,1432.6159,79.81,-1436.1,325.86
shot_0045,1432.624,81.17,-1456.42,321.83
shot_0046,1435.1727,379.46,-1420.91,278.6
shot_0046,1435.1807,382.11,-1382.93,296.0
shot_0046,1435.1887,382.15,-1338.93,321.89
shot_0046,1435.2048,385.58,-1269.69,347.75
shot_0046,1435.2129,385.49,-1230.84,363.6
shot_0046,1435.2209,385.62,-1187.42,383.45
shot_0046,1435.2289,387.09,-1148.79,397.56
shot_0046,1435.245,389.74,-1077.83,422.55
shot_0046,1435.2531,390.33,-1042.05,431.63
shot_0046,1435.2611,389.71,-1001.59,445.38
shot_0046,1435.2691,389.48,-962.31,457.09
shot_0046,1435.2772,390.42,-929.62,462.45
shot_0046,1435.2852,391.25,-892.66,470.69
shot_0046,1435.2933,390.87,-856.46,477.24
shot_0046,1435.3093,390.6,-782.54,489.82
shot_0046,1435.3174,390.52,-745.12,498.17
shot_0046,1435.3254,390.0,-709.48,503.59
shot_0046,1435.3335,389.89,-674.11,504.1
shot_0046,1435.3415,389.7,-639.95,505.11
shot_0046,1435.3495,388.72,-604.44,507.02
shot_0046,1435.3576,388.21,-567.26,509.8
shot_0046,1435.3737,386.88,-496.68,509.71
shot_0046,1435.3817,386.88,-463.69,502.94
shot_0046,1435.3897,385.42,-429.15,501.55
shot_0046,1435.3978,384.76,-394.53,500.21
shot_0046,1435.4058,383.99,-359.69,496.46
shot_0046,1435.4139,383.53,-326.23,491.56
shot_0046,1435.4299,382.3,-259.62,477.64
shot_0046,1435.438,380.19,-224.01,473.34
shot_0046,1435.446,378.25,-190.21,469.77
shot_0046,1435.4541,377.07,-156.87,461.87
shot_0046,1435.4621,375.92,-125.38,453.44
shot_0046,1435.4701,375.07,-92.32,442.99
shot_0046,1435.4862,372.74,-26.69,418.47
shot_0046,1435.4943,369.81,3.8,413.63
shot_0046,1435.5023,369.14,35.35,399.1
shot_0046,1435.5103,367.78,67.52,384.05
shot_0046,1435.5184,366.02,97.75,371.37
shot_0046,1435.5264,364.03,127.93,360.36
shot_0046,1435.5345,363.22,159.58,341.2
shot_0046,1435.5425,360.78,189.88,326.91
shot_0046,1435.5505,359.13,218.77,312.93
shot_0046,1435.5586,357.39,249.12,292.42
shot_0046,1435.5666,355.84,277.82,275.33
shot_0046,1435.5827,351.71,336.36,239.28
shot_0046,1435.5907,348.89,363.78,225.03
shot_0046,1435.5988,347.2,393.52,203.03
shot_0046,1435.6068,346.23,421.4,177.02
shot_0046,1435.6149,343.54,449.92,157.77
shot_0046,1435.6229,341.98,476.81,135.41
shot_0046,1435.6309,339.34,506.83,110.9
shot_0046,1435.647,334.77,558.24,69.36
shot_0046,1435.6551,334.34,586.55,40.01
shot_0046,1435.6631,331.31,610.11,21.65
shot_0046,1435.6711,329.14,636.0,27.24
shot_0046,1435.6792,328.25,661.55,48.49
shot_0046,1435.6872,326.05,687.9,71.36
shot_0046,1435.6953,324.34,711.71,91.01
shot_0046,1435.7033,324.02,739.56,105.58
shot_0046,1435.7113,322.01,762.62,129.84
shot_0046,1435.7194,320.44,787.04,148.9
shot_0046,1435.7274,318.44,813.66,164.09
shot_0046,1435.7355,315.56,838.41,180.85
shot_0046,1435.7435,314.65,865.93,193.11
shot_0046,1435.7596,310.03,911.39,226.63
shot_0046,1435.7676,305.36,930.28,244.57
shot_0046,1435.7757,305.95,958.97,251.54
shot_0046,1435.7837,302.17,980.38,267.53
shot_0046,1435.7917,300.2,1007.49,276.18
shot_0046,1435.7998,298.66,1032.3,285.25
shot_0046,1435.8078,294.82,1049.85,300.04
shot_0046,1435.8159,292.73,1076.43,304.06
shot_0046,1435.8239,290.39,1108.49,304.45
shot_0046,1435.84,283.79,1150.64,322.01
shot_0046,1435.848,283.39,1177.61,321.35
shot_0046,1435.8561,279.95,1205.38,326.02
shot_0046,1435.8641,277.02,1228.94,331.6
shot_0046,1435.8721,273.86,1250.6,336.76
shot_0047,1435.8963,263.53,1225.49,365.81
shot_0047,1435.9043,259.77,1187.36,375.01
shot_0047,1435.9123,254.8,1138.69,395.23
shot_0047,1435.9204,249.79,1096.57,408.15
shot_0047,1435.9284,246.54,1057.63,419.35
shot_0047,1435.9365,242.15,1013.43,435.58
shot_0047,1435.9445,236.94,970.98,447.44
shot_0047,1435.9606,229.03,893.84,468.43
shot_0047,1435.9686,225.28,853.58,476.93
shot_0047,1435.9767,220.76,811.04,486.87
shot_0047,1435.9847,216.39,773.9,491.97
shot_0047,1435.9927,212.4,735.45,496.84
shot_0047,1436.0008,207.51,693.23,507.77
shot_0047,1436.0088,203.4,653.52,513.24
shot_0047,1436.0169,198.47,616.59,513.55
shot_0047,1436.0329,189.22,537.32,521.25
shot_0047,1436.041,183.83,498.93,523.51
shot_0047,1436.049,179.86,462.87,524.11
shot_0047,1436.0571,174.3,422.13,525.6
shot_0047,1436.0651,168.47,384.93,525.46
shot_0047,1436.0731,164.02,350.14,521.57
shot_0047,1436.0812,157.65,309.31,524.4
shot_0047,1436.0973,148.28,233.87,515.48
shot_0047,1436.1053,143.27,197.19,512.47
shot_0047,1436.1133,138.27,161.93,505.63
shot_0047,1436.1214,132.75,125.14,501.0
shot_0047,1436.1294,127.54,90.04,495.32
shot_0047,1436.1375,122.05,53.1,491.21
shot_0047,1436.1455,116.99,18.18,481.88
shot_0047,1436.1535,110.7,-18.93,476.07
shot_0047,1436.1696,100.59,-87.45,454.36
shot_0047,1436.1777,95.27,-121.4,441.59
shot_0047,1436.1857,90.47,-155.03,431.65
shot_0047,1436.1937,83.85,-193.09,412.03
shot_0047,1436.2018,78.96,-226.8,405.31
shot_0047,1436.2098,71.64,-261.99,388.61
shot_0047,1436.2179,67.29,-295.54,379.93
shot_0047,1436.2339,55.72,-360.77,343.4
shot_0047,1436.242,49.9,-394.9,325.22
shot_0047,1436.25,44.51,-425.2,313.34
shot_0047,1436.2581,38.79,-463.46,284.83
shot_0047,1436.2661,32.14,-497.02,268.22
shot_0047,1436.2741,26.55,-529.8,250.62
shot_0047,1436.2822,21.6,-561.18,230.72
shot_0047,1436.2902,14.95,-592.69,213.21
shot_0047,1436.3063,4.15,-657.69,165.87
shot_0047,1436.3143,-2.06,-689.23,147.45
shot_0047,1436.3304,-15.92,-755.8,91.15
shot_0047,1436.3385,-20.89,-785.27,70.26
shot_0047,1436.3465,-24.64,-814.5,61.63
shot_0047,1436.3545,-24.22,-838.79,88.45
shot_0047,1436.3626,-25.21,-853.28,119.01
shot_0047,1436.3787,-25.84,-903.43,162.42
shot_0047,1436.3867,-27.41,-933.33,174.69
shot_0047,1436.3947,-29.0,-958.57,191.59
shot_0047,1436.4028,-28.14,-979.91,210.19
shot_0047,1436.4189,-30.26,-1028.86,245.9
shot_0047,1436.4269,-31.37,-1047.08,265.87
shot_0047,1436.4349,-33.67,-1074.73,275.27
shot_0047,1436.443,-33.95,-1092.99,295.79
shot_0047,1436.451,-35.75,-1121.95,303.29
shot_0047,1436.4671,-39.76,-1167.77,327.63
shot_0047,1436.4751,-40.63,-1191.43,337.97
shot_0047,1436.4832,-41.27,-1208.82,353.01
shot_0047,1436.4912,-43.49,-1239.26,353.18
shot_0047,1436.4993,-46.03,-1258.18,366.04
shot_0047,1436.5073,-46.85,-1280.62,372.72
shot_0047,1436.5234,-51.97,-1333.62,380.31
shot_0047,1436.5314,-53.73,-1352.27,390.12
shot_0047,1436.5395,-54.6,-1368.71,399.73
shot_0047,1436.5475,-57.02,-1390.49,403.2
shot_0047,1436.5555,-60.26,-1415.64,406.65
shot_0047,1436.5636,-60.2,-1434.18,412.32
shot_0047,1436.5797,-66.45,-1476.16,416.17
shot_0047,1436.5877,-70.04,-1502.34,418.13
shot_0047,1436.5957,-73.05,-1525.0,417.75
shot_0047,1436.6038,-73.47,-1554.16,416.16
shot_0048,1481.9948,241.19,-1310.55,327.81
shot_0048,1482.0028,241.55,-1277.63,344.24
shot_0048,1482.0108,243.65,-1238.22,359.55
shot_0048,1482.0189,243.89,-1193.5,379.26
shot_0048,1482.0269,245.46,-1150.99,396.08
shot_0048,1482.035,244.44,-1109.37,412.52
shot_0048,1482.043,244.09,-1066.32,428.4
shot_0048,1482.051,245.26,-1026.41,442.27
shot_0048,1482.0591,245.85,-987.0,453.04
shot_0048,1482.0671,245.3,-944.0,466.4
shot_0048,1482.0752,245.58,-903.41,477.11
shot_0048,1482.0832,243.77,-858.69,493.62
shot_0048,1482.0912,244.67,-822.67,496.66
shot_0048,1482.0993,243.29,-781.09,507.17
shot_0048,1482.1073,242.35,-738.31,518.05
shot_0048,1482.1154,242.48,-698.68,523.36
shot_0048,1482.1234,241.61,-659.26,529.77
shot_0048,1482.1314,240.47,-619.52,535.96
shot_0048,1482.1395,239.29,-582.26,538.31
shot_0048,1482.1475,238.66,-544.02,540.24
shot_0048,1482.1556,237.62,-504.34,543.98
shot_0048,1482.1636,236.68,-464.97,547.49
shot_0048,1482.1716,235.29,-423.96,549.94
shot_0048,1482.1797,232.72,-386.4,550.86
shot_0048,1482.1877,232.02,-349.45,549.59
shot_0048,1482.1958,230.6,-310.3,550.91
shot_0048,1482.2038,229.9,-274.48,550.0
shot_0048,1482.2118,228.27,-235.76,547.23
shot_0048,1482.2199,226.35,-198.25,544.71
shot_0048,1482.2279,224.99,-161.97,539.24
shot_0048,1482.236,223.33,-124.23,537.73
shot_0048,1482.244,220.82,-87.49,532.53
shot_0048,1482.252,219.59,-50.65,526.44
shot_0048,1482.2601,217.71,-14.85,519.58
shot_0048,1482.2681,216.35,20.51,510.34
shot_0048,1482.2762,214.65,56.01,501.56
shot_0048,1482.2842,211.67,90.54,492.57
shot_0048,1482.2922,211.05,126.45,481.92
shot_0048,1482.3003,208.64,162.15,472.68
shot_0048,1482.3083,207.04,196.74,461.12
shot_0048,1482.3164,204.31,230.88,451.12
shot_0048,1482.3244,203.24,265.36,434.73
shot_0048,1482.3324,200.84,298.8,422.97
shot_0048,1482.3405,199.56,333.46,405.89
shot_0048,1482.3485,197.56,367.24,391.06
shot_0048,1482.3566,194.4,399.89,379.93
shot_0048,1482.3646,192.51,433.2,359.19
shot_0048,1482.3726,189.9,464.53,347.16
shot_0048,1482.3807,187.99,497.74,327.25
shot_0048,1482.3887,186.04,529.72,308.45
shot_0048,1482.3968,182.34,559.79,291.99
shot_0048,1482.4048,181.71,592.78,271.39
shot_0048,1482.4128,179.14,622.73,251.37
shot_0048,1482.4209,176.56,656.16,225.64
shot_0048,1482.4289,173.91,681.31,211.6
shot_0048,1482.437,172.05,714.75,189.87
shot_0048,1482.445,169.43,745.13,165.36
shot_0048,1482.453,166.66,775.38,140.22
shot_0048,1482.4611,164.3,806.09,114.01
shot_0048,1482.4691,161.26,835.9,88.91
shot_0048,1482.4772,158.38,856.7,77.14
shot_0048,1482.4852,156.01,886.95,51.8
shot_0048,1482.4932,154.52,918.89,18.6
shot_0048,1482.5013,152.08,947.85,30.17
shot_0048,1482.5093,152.28,974.57,48.16
shot_0048,1482.5174,150.71,994.75,82.54
shot_0048,1482.5254,150.54,1027.58,94.47
shot_0048,1482.5334,149.47,1053.96,115.07
shot_0048,1482.5415,148.98,1072.97,141.23
shot_0048,1482.5495,146.65,1098.31,159.62
shot_0048,1482.5576,146.61,1128.17,173.75
shot_0048,1482.5656,144.68,1156.31,187.48
shot_0048,1482.5736,142.08,1179.6,204.66
shot_0048,1482.5817,141.83,1205.09,216.23
shot_0048,1482.5897,140.47,1234.29,225.66
shot_0048,1482.5978,137.98,1248.93,251.63
shot_0049,1482.6058,136.73,1259.55,264.78
shot_0049,1482.6138,137.87,1232.85,273.25
shot_0049,1482.6219,136.82,1188.21,292.34
shot_0049,1482.638,136.24,1105.27,324.91
shot_0049,1482.646,136.43,1067.53,336.27
shot_0049,1482.654,137.0,1025.8,352.59
shot_0049,1482.6621,136.53,987.95,367.79
shot_0049,1482.6701,134.16,947.52,379.44
shot_0049,1482.6782,134.73,906.59,392.7
shot_0049,1482.6862,134.85,869.62,403.22
shot_0049,1482.6942,133.63,829.39,411.06
shot_0049,1482.7023,133.44,788.04,426.94
shot_0049,1482.7103,131.93,750.64,432.54
shot_0049,1482.7184,131.9,711.69,440.44
shot_0049,1482.7264,131.22,674.91,448.47
shot_0049,1482.7344,130.52,634.99,455.2
shot_0049,1482.7425,129.63,596.87,461.36
shot_0049,1482.7505,127.5,556.92,465.9
shot_0049,1482.7586,126.01,524.4,465.63
shot_0049,1482.7666,124.71,480.61,475.31
shot_0049,1482.7746,122.94,444.83,477.37
shot_0049,1482.7827,121.39,408.08,482.37
shot_0049,1482.7907,119.35,370.4,485.33
shot_0049,1482.7988,118.5,333.38,483.76
shot_0049,1482.8068,117.01,298.42,481.73
shot_0049,1482.8148,114.22,261.49,483.73
shot_0049,1482.8229,113.16,225.6,482.14
shot_0049,1482.8309,111.63,188.97,481.26
shot_0049,1482.839,109.83,153.6,476.16
shot_0049,1482.847,107.68,118.31,471.73
shot_0049,1482.855,106.17,81.41,468.86
shot_0049,1482.8631,103.44,45.86,468.73
shot_0049,1482.8711,101.49,11.44,463.97
shot_0049,1482.8792,99.34,-25.58,457.34
shot_0049,1482.8872,97.97,-60.44,450.6
shot_0049,1482.8952,95.31,-94.71,442.14
shot_0049,1482.9033,93.73,-128.41,437.33
shot_0049,1482.9113,91.19,-163.59,426.35
shot_0049,1482.9194,89.1,-200.39,414.99
shot_0049,1482.9274,86.77,-234.34,407.86
shot_0049,1482.9354,83.39,-267.93,395.74
shot_0049,1482.9435,81.37,-302.64,383.26
shot_0049,1482.9515,79.13,-335.57,376.61
shot_0049,1482.9596,76.44,-370.28,361.67
shot_0049,1482.9676,73.43,-405.68,344.94
shot_0049,1482.9756,70.23,-441.69,329.74
shot_0049,1482.9837,67.64,-474.41,316.66
shot_0049,1482.9917,63.66,-507.85,299.27
shot_0049,1482.9998,61.74,-540.17,282.72
shot_0049,1483.0078,59.32,-572.14,270.17
shot_0049,1483.0158,56.21,-607.18,249.27
shot_0049,1483.0239,53.78,-638.03,232.43
shot_0049,1483.0319,50.22,-670.48,216.05
shot_0049,1483.04,46.51,-705.34,193.37
shot_0049,1483.048,42.81,-736.65,175.36
shot_0049,1483.056,41.54,-768.48,158.57
shot_0049,1483.0641,37.31,-804.93,131.37
shot_0049,1483.0721,33.92,-830.17,117.92
shot_0049,1483.0802,30.36,-865.62,91.24
shot_0049,1483.0882,26.56,-897.28,70.45
shot_0049,1483.0962,25.26,-923.84,67.72
shot_0049,1483.1043,24.18,-953.38,84.49
shot_0049,1483.1123,24.47,-972.52,110.98
shot_0049,1483.1204,23.68,-1002.66,129.74
shot_0049,1483.1284,22.74,-1028.67,148.05
shot_0049,1483.1364,22.78,-1053.47,165.53
shot_0049,1483.1445,21.99,-1080.96,178.25
shot_0049,1483.1525,20.71,-1100.11,201.57
shot_0049,1483.1606,19.77,-1123.93,217.2
shot_0049,1483.1686,18.97,-1148.18,232.86
shot_0049,1483.1766,18.17,-1172.45,248.41
shot_0049,1483.1847,15.88,-1201.15,258.43
shot_0049,1483.1927,14.85,-1225.38,271.91
shot_0049,1483.2008,13.96,-1245.11,285.63
shot_0049,1483.2088,13.75,-1269.09,297.83
shot_0049,1483.2168,12.15,-1293.22,308.04
shot_0049,1483.2249,10.68,-1317.1,318.86
shot_0049,1483.2329,9.93,-1338.54,329.5
shot_0049,1483.241,8.14,-1364.22,332.88
shot_0049,1483.249,5.32,-1388.96,339.96
shot_0049,1483.257,4.3,-1411.26,348.41
shot_0050,1483.2651,2.36,-1431.15,355.62
shot_0050,1483.2731,5.63,-1404.87,374.81
shot_0050,1483.2812,7.27,-1379.58,385.71
shot_0050,1483.2892,11.04,-1337.54,412.11
shot_0050,1483.2972,10.79,-1313.14,422.54
shot_0050,1483.3053,13.73,-1279.62,440.13
shot_0050,1483.3133,16.28,-1241.52,459.74
shot_0050,1483.3214,17.84,-1210.49,470.07
shot_0050,1483.3294,20.87,-1178.07,485.25
shot_0050,1483.3374,20.3,-1146.15,496.06
shot_0050,1483.3455,22.85,-1105.93,515.31
shot_0050,1483.3535,25.57,-1071.49,530.28
shot_0050,1483.3616,26.96,-1042.4,537.6
shot_0050,1483.3696,27.0,-1007.7,553.82
shot_0050,1483.3776,28.74,-973.93,565.58
shot_0050,1483.3857,29.95,-939.55,578.53
shot_0050,1483.3937,30.72,-909.83,584.52
shot_0050,1483.4018,31.48,-883.02,587.4
shot_0050,1483.4098,31.18,-852.82,593.66
shot_0050,1483.4178,32.29,-820.94,601.24
shot_0050,1483.4259,33.42,-784.38,611.31
shot_0050,1483.4339,32.69,-753.73,617.25
shot_0050,1483.442,34.35,-725.58,618.45
shot_0050,1483.45,34.02,-688.52,627.47
shot_0050,1483.458,33.23,-659.69,628.72
shot_0050,1483.4661,33.02,-628.61,634.76
shot_0050,1483.4741,32.99,-599.0,633.25
shot_0050,1483.4822,31.75,-564.74,639.98
shot_0050,1483.4902,31.74,-535.12,641.2
shot_0050,1483.4982,30.31,-505.9,637.11
shot_0050,1483.5063,28.97,-477.2,636.03
shot_0050,1483.5143,29.38,-445.9,639.97
shot_0050,1483.5224,29.98,-418.46,635.76
shot_0050,1483.5304,28.09,-388.77,631.26
shot_0050,1483.5384,28.17,-355.67,631.87
shot_0050,1483.5465,25.4,-326.45,629.36
shot_0050,1483.5545,24.21,-298.49,623.96
shot_0050,1483.5626,22.45,-269.03,618.9
shot_0050,1483.5706,20.64,-240.93,613.58
shot_0050,1483.5786,19.53,-212.54,611.61
shot_0050,1483.5867,17.59,-185.19,602.61
shot_0050,1483.5947,15.63,-156.15,592.37
shot_0050,1483.6028,13.96,-129.7,586.32
shot_0050,1483.6108,11.85,-99.45,574.44
shot_0050,1483.6188,10.09,-70.35,568.45
shot_0050,1483.6269,8.14,-43.73,558.12
shot_0050,1483.6349,6.12,-15.44,544.97
shot_0050,1483.643,3.36,12.15,535.99
shot_0050,1483.651,1.2,39.98,524.12
shot_0050,1483.659,-1.4,66.46,511.51
shot_0050,1483.6671,-4.42,93.54,498.99
shot_0050,1483.6751,-7.17,120.56,483.99
shot_0050,1483.6832,-9.71,147.35,469.22
shot_0050,1483.6912,-12.19,174.47,452.25
shot_0050,1483.6992,-15.68,201.14,436.91
shot_0050,1483.7073,-17.32,228.06,423.53
shot_0050,1483.7153,-20.57,253.82,404.44
shot_0050,1483.7234,-24.84,281.68,384.03
shot_0050,1483.7314,-27.01,307.4,369.14
shot_0050,1483.7394,-30.46,334.24,347.99
shot_0050,1483.7475,-35.23,360.18,328.3
shot_0050,1483.7555,-37.57,384.05,311.71
shot_0050,1483.7636,-42.21,410.55,285.97
shot_0050,1483.7716,-46.42,438.92,261.41
shot_0050,1483.7797,-48.99,459.45,248.36
shot_0050,1483.7877,-54.01,487.62,219.22
shot_0050,1483.7957,-56.88,511.7,199.5
shot_0050,1483.8038,-60.0,534.62,181.25
shot_0050,1483.8118,-63.91,561.45,153.03
shot_0050,1483.8199,-69.09,590.3,124.37
shot_0050,1483.8279,-73.49,612.62,101.16
shot_0050,1483.8359,-76.94,640.18,72.14
shot_0050,1483.844,-81.75,660.46,50.33
shot_0050,1483.852,-84.91,683.83,37.69
shot_0050,1483.8601,-86.44,704.93,57.27
shot_0050,1483.8681,-87.11,725.6,82.3
shot_0050,1483.8761,-89.08,745.85,107.36
shot_0050,1483.8842,-88.91,765.84,127.3
shot_0050,1483.8922,-91.45,784.85,150.78
shot_0050,1483.9003,-93.76,806.78,164.76
shot_0050,1483.9083,-93.52,824.7,188.41
shot_0050,1483.9163,-95.72,842.42,210.9
shot_0050,1483.9244,-97.21,858.53,230.24
shot_0050,1483.9324,-98.93,876.76,249.18
shot_0050,1483.9405,-101.93,899.73,258.95
shot_0050,1483.9485,-103.52,917.54,273.67
shot_0050,1483.9565,-106.04,938.52,286.98
shot_0050,1483.9646,-107.7,954.4,303.7
shot_0050,1483.9726,-110.77,978.34,313.54
shot_0050,1483.9807,-113.41,995.75,325.17
shot_0050,1483.9887,-114.5,1005.91,343.01
shot_0050,1483.9967,-117.77,1027.83,351.49
shot_0050,1484.0048,-121.99,1049.84,360.35
shot_0050,1484.0128,-123.08,1062.02,373.73
shot_0050,1484.0209,-127.07,1079.58,377.93
shot_0050,1484.0289,-129.98,1100.77,385.25
shot_0050,1484.0369,-132.24,1115.27,394.4
shot_0050,1484.045,-136.36,1140.55,394.07
shot_0050,1484.053,-137.28,1149.38,411.59
shot_0051,1484.0611,-140.53,1159.14,418.56
shot_0051,1484.0691,-136.44,1131.41,423.09
shot_0051,1484.0771,-131.16,1086.76,426.32
shot_0051,1484.0852,-125.44,1044.28,430.21
shot_0051,1484.0932,-120.23,1004.16,429.39
shot_0051,1484.1013,-114.36,961.97,435.04
shot_0051,1484.1093,-107.98,912.15,442.24
shot_0051,1484.1173,-101.54,865.1,446.55
shot_0051,1484.1254,-95.46,820.08,450.42
shot_0051,1484.1334,-90.9,778.63,447.28
shot_0051,1484.1415,-85.18,730.81,452.69
shot_0051,1484.1495,-81.72,690.34,449.46
shot_0051,1484.1575,-77.87,645.52,448.24
shot_0051,1484.1656,-73.17,606.07,446.42
shot_0051,1484.1736,-70.41,567.53,440.29
shot_0051,1484.1817,-65.09,522.12,436.95
shot_0051,1484.1897,-60.01,478.49,436.66
shot_0051,1484.1977,-57.05,440.41,426.33
shot_0051,1484.2058,-52.32,394.7,426.36
shot_0051,1484.2138,-47.76,354.45,419.08
shot_0051,1484.2219,-44.76,314.57,411.03
shot_0051,1484.2299,-39.56,274.22,403.28
shot_0051,1484.2379,-35.57,235.09,396.34
shot_0051,1484.246,-31.32,194.75,386.79
shot_0051,1484.254,-29.37,157.69,373.35
shot_0051,1484.2621,-26.31,118.26,363.04
shot_0051,1484.2701,-22.98,77.18,354.78
shot_0051,1484.2781,-19.98,39.0,340.0
shot_0051,1484.2862,-15.69,0.67,328.89
shot_0051,1484.2942,-13.33,-36.62,314.52
shot_0051,1484.3023,-9.5,-76.19,300.04
shot_0051,1484.3103,-5.22,-114.52,289.61
shot_0051,1484.3183,-3.19,-153.19,269.97
shot_0051,1484.3264,0.35,-190.64,254.61
shot_0051,1484.3344,3.46,-229.36,235.53
shot_0051,1484.3425,5.88,-267.55,213.34
shot_0051,1484.3505,9.6,-301.18,202.66
shot_0051,1484.3585,11.95,-339.23,182.92
shot_0051,1484.3666,13.33,-377.08,157.83
shot_0051,1484.3746,16.87,-412.92,139.53
shot_0051,1484.3827,19.31,-452.89,113.08
shot_0051,1484.3907,20.46,-488.36,90.35
shot_0051,1484.3987,24.16,-521.82,72.14
shot_0051,1484.4068,26.89,-556.09,62.76
shot_0051,1484.4148,31.98,-587.54,83.39
shot_0051,1484.4229,36.08,-620.35,94.05
shot_0051,1484.4309,41.78,-649.68,122.35
shot_0051,1484.4389,46.31,-683.86,131.0
shot_0051,1484.447,50.13,-709.9,150.03
shot_0051,1484.4631,57.21,-766.35,188.61
shot_0051,1484.4711,62.09,-796.9,201.32
shot_0051,1484.4872,69.41,-858.34,223.08
shot_0051,1484.4952,74.31,-882.18,241.42
shot_0051,1484.5033,78.02,-906.78,259.51
shot_0051,1484.5113,80.69,-939.63,265.12
shot_0051,1484.5193,84.24,-968.77,272.36
shot_0051,1484.5274,87.34,-994.82,286.43
shot_0051,1484.5354,91.55,-1019.85,299.07
shot_0051,1484.5435,95.81,-1055.02,299.8
shot_0051,1484.5515,98.71,-1082.45,309.16
shot_0051,1484.5595,100.52,-1101.16,323.59
shot_0051,1484.5676,104.97,-1140.2,318.58
shot_0051,1484.5756,106.22,-1168.22,321.39
shot_0051,1484.5837,109.28,-1181.25,339.12
shot_0051,1484.5917,112.07,-1216.55,333.65
shot_0051,1484.5997,114.24,-1242.53,336.81
shot_0051,1484.6078,117.32,-1270.69,337.52
shot_0051,1484.6158,121.52,-1291.34,341.66
shot_0051,1484.6239,124.1,-1315.3,346.77
shot_0051,1484.6319,125.55,-1344.48,342.39
shot_0051,1484.6399,127.73,-1375.62,338.37
shot_0051,1484.648,130.58,-1404.51,330.92
shot_0051,1484.656,131.9,-1427.55,330.66
shot_0052,1484.6641,134.62,-1426.42,336.43
shot_0052,1484.6721,139.39,-1384.71,357.1
shot_0052,1484.6801,143.09,-1345.45,374.44
shot_0052,1484.6882,148.02,-1307.51,393.96
shot_0052,1484.6962,152.39,-1271.74,409.31
shot_0052,1484.7043,154.5,-1226.12,429.55
shot_0052,1484.7123,159.32,-1195.14,439.87
shot_0052,1484.7203,162.83,-1160.43,451.19
shot_0052,1484.7284,166.63,-1121.58,467.16
shot_0052,1484.7364,168.58,-1078.89,485.04
shot_0052,1484.7445,172.18,-1043.31,494.7
shot_0052,1484.7525,174.57,-1005.94,507.17
shot_0052,1484.7605,176.75,-975.11,512.62
shot_0052,1484.7686,180.74,-933.84,526.25
shot_0052,1484.7766,182.28,-899.52,532.92
shot_0052,1484.7847,184.61,-864.49,539.43
shot_0052,1484.7927,186.05,-826.03,549.57
shot_0052,1484.8007,187.83,-792.61,554.55
shot_0052,1484.8088,189.79,-754.36,562.84
shot_0052,1484.8168,191.74,-720.63,564.56
shot_0052,1484.8249,192.8,-685.08,569.21
shot_0052,1484.8329,193.76,-650.84,571.17
shot_0052,1484.8409,194.66,-615.86,574.7
shot_0052,1484.849,195.72,-580.9,576.67
shot_0052,1484.857,195.78,-546.04,578.25
shot_0052,1484.8651,197.77,-513.34,576.76
shot_0052,1484.8731,198.22,-476.12,582.59
shot_0052,1484.8811,197.8,-444.65,579.31
shot_0052,1484.8892,198.68,-410.38,575.53
shot_0052,1484.8972,199.13,-374.14,577.5
shot_0052,1484.9053,199.82,-341.74,570.83
shot_0052,1484.9133,199.28,-308.96,567.7
shot_0052,1484.9213,199.65,-275.44,566.52
shot_0052,1484.9294,198.76,-241.86,562.64
shot_0052,1484.9374,198.53,-209.29,555.8
shot_0052,1484.9455,198.4,-175.8,552.2
shot_0052,1484.9535,197.53,-144.37,546.31
shot_0052,1484.9615,196.74,-112.07,540.23
shot_0052,1484.9696,196.45,-80.55,530.76
shot_0052,1484.9776,195.02,-47.25,521.86
shot_0052,1484.9857,194.79,-16.04,514.03
shot_0052,1484.9937,194.0,16.41,501.05
shot_0052,1485.0017,192.73,46.57,490.95
shot_0052,1485.0098,191.75,78.46,477.21
shot_0052,1485.0178,190.6,108.8,464.49
shot_0052,1485.0259,188.66,139.69,460.63
shot_0052,1485.0339,187.6,172.05,439.06
shot_0052,1485.0419,186.09,202.47,424.51
shot_0052,1485.05,184.63,231.45,411.5
shot_0052,1485.058,182.88,262.79,395.52
shot_0052,1485.0661,181.41,294.5,378.48
shot_0052,1485.0741,179.35,322.91,362.84
shot_0052,1485.0821,176.84,353.91,343.25
shot_0052,1485.0902,175.74,383.17,324.68
shot_0052,1485.0982,173.42,411.51,308.18
shot_0052,1485.1063,171.8,442.26,285.47
shot_0052,1485.1143,169.04,470.36,267.26
shot_0052,1485.1223,166.24,498.04,250.5
shot_0052,1485.1304,163.39,525.87,230.75
shot_0052,1485.1384,161.54,552.25,211.72
shot_0052,1485.1465,158.82,581.95,186.35
shot_0052,1485.1545,156.02,612.92,161.97
shot_0052,1485.1625,153.91,643.08,132.64
shot_0052,1485.1706,150.29,668.35,114.99
shot_0052,1485.1786,148.74,698.52,83.32
shot_0052,1485.1867,144.08,715.25,74.15
shot_0052,1485.1947,141.29,750.69,36.79
shot_0052,1485.2027,138.31,768.76,27.32
shot_0052,1485.2108,138.15,790.93,49.22
shot_0052,1485.2188,137.83,821.7,59.45
shot_0052,1485.2269,138.48,843.17,82.48
shot_0052,1485.2429,136.33,887.91,124.63
shot_0052,1485.251,134.95,908.52,145.76
shot_0052,1485.259,135.16,926.45,168.52
shot_0052,1485.2671,133.27,953.2,180.93
shot_0052,1485.2751,132.4,971.76,201.54
shot_0052,1485.2831,132.03,997.91,211.07
shot_0052,1485.2912,129.64,1015.89,229.94
shot_0052,1485.2992,129.48,1034.63,248.31
shot_0052,1485.3073,127.42,1057.5,261.82
shot_0052,1485.3153,125.13,1079.94,272.71
shot_0052,1485.3233,123.61,1103.01,279.59
shot_0052,1485.3314,123.22,1116.37,297.27
shot_0052,1485.3394,121.83,1138.02,307.67
shot_0052,1485.3475,118.86,1163.76,311.69
shot_0053,1485.3635,116.29,1182.22,332.34
shot_0053,1485.3716,117.77,1142.72,343.69
shot_0053,1485.3796,119.06,1098.27,355.87
shot_0053,1485.3877,120.38,1055.6,367.93
shot_0053,1485.3957,122.44,1012.08,381.25
shot_0053,1485.4037,122.81,973.24,388.26
shot_0053,1485.4118,124.93,929.99,398.0
shot_0053,1485.4198,125.77,889.98,404.3
shot_0053,1485.4279,126.94,850.11,411.97
shot_0053,1485.4359,128.24,807.26,419.83
shot_0053,1485.4439,129.64,768.89,422.31
shot_0053,1485.452,131.07,727.2,428.71
shot_0053,1485.46,132.15,693.19,424.07
shot_0053,1485.4681,133.78,652.07,426.51
shot_0053,1485.4761,134.49,610.38,432.1
shot_0053,1485.4841,135.52,569.55,435.09
shot_0053,1485.4922,135.8,531.38,430.77
shot_0053,1485.5002,136.06,490.52,436.79
shot_0053,1485.5083,136.67,451.21,434.67
shot_0053,1485.5163,136.92,411.44,433.61
shot_0053,1485.5243,137.79,374.05,430.16
shot_0053,1485.5324,137.47,336.32,427.9
shot_0053,1485.5404,137.22,299.37,422.81
shot_0053,1485.5485,138.11,259.49,422.28
shot_0053,1485.5565,137.99,223.39,414.86
shot_0053,1485.5645,137.64,188.3,406.26
shot_0053,1485.5726,137.86,150.75,403.12
shot_0053,1485.5806,137.63,112.88,389.72
shot_0053,1485.5887,136.88,77.05,389.62
shot_0053,1485.5967,136.39,40.08,374.6
shot_0053,1485.6047,136.82,5.04,371.11
shot_0053,1485.6128,136.13,-32.44,363.35
shot_0053,1485.6208,135.57,-66.73,350.5
shot_0053,1485.6289,135.1,-102.41,339.07
shot_0053,1485.6369,134.38,-138.43,324.84
shot_0053,1485.6449,132.94,-173.7,311.04
shot_0053,1485.653,132.5,-210.08,297.61
shot_0053,1485.661,131.11,-246.55,280.0
shot_0053,1485.6691,129.24,-281.45,263.0
shot_0053,1485.6771,128.83,-314.03,252.33
shot_0053,1485.6851,126.88,-348.76,235.36
shot_0053,1485.6932,126.69,-382.48,222.68
shot_0053,1485.7012,125.81,-417.89,198.47
shot_0053,1485.7093,124.1,-451.19,180.23
shot_0053,1485.7173,123.2,-486.03,161.68
shot_0053,1485.7253,121.07,-519.41,141.76
shot_0053,1485.7334,120.67,-554.37,121.2
shot_0053,1485.7414,118.39,-585.97,101.78
shot_0053,1485.7495,116.78,-621.01,76.88
shot_0053,1485.7575,115.27,-653.19,57.39
shot_0053,1485.7655,117.22,-686.45,58.45
shot_0053,1485.7736,117.56,-712.89,81.69
shot_0053,1485.7816,119.12,-735.54,108.79
shot_0053,1485.7897,117.75,-767.62,117.71
shot_0053,1485.7977,118.72,-792.66,138.88
shot_0053,1485.8057,120.32,-816.7,162.21
shot_0053,1485.8138,122.5,-843.01,181.65
shot_0053,1485.8218,122.57,-868.53,196.01
shot_0053,1485.8299,123.17,-894.39,210.73
shot_0053,1485.8379,123.54,-920.07,227.56
shot_0053,1485.8459,123.88,-949.85,234.5
shot_0053,1485.854,123.16,-974.86,248.73
shot_0053,1485.862,125.21,-999.71,262.61
shot_0053,1485.8701,126.13,-1025.8,275.62
shot_0053,1485.8781,125.89,-1050.88,284.7
shot_0053,1485.8861,125.18,-1071.99,301.1
shot_0053,1485.8942,126.73,-1102.17,302.77
shot_0053,1485.9022,125.94,-1127.15,312.27
shot_0053,1485.9103,125.59,-1147.77,324.94
shot_0053,1485.9183,125.2,-1175.54,327.73
shot_0053,1485.9263,125.51,-1204.22,329.54
shot_0053,1485.9344,124.26,-1230.7,333.3
shot_0053,1485.9424,124.71,-1251.69,339.43
shot_0053,1485.9505,124.86,-1276.68,339.54
shot_0053,1485.9585,124.7,-1297.73,347.46
shot_0053,1485.9665,123.66,-1318.42,351.38
shot_0053,1485.9746,122.33,-1351.58,348.78
shot_0053,1485.9826,120.93,-1373.77,348.69
shot_0053,1485.9907,121.56,-1396.79,350.02
shot_0054,1485.9987,119.37,-1397.15,353.43
shot_0054,1486.0067,118.3,-1350.85,377.37
shot_0054,1486.0148,116.74,-1325.46,387.62
shot_0054,1486.0228,115.58,-1283.94,405.43
shot_0054,1486.0309,114.24,-1249.7,422.69
shot_0054,1486.0389,112.44,-1223.82,430.92
shot_0054,1486.0469,111.77,-1186.77,445.46
shot_0054,1486.055,108.34,-1151.9,460.72
shot_0054,1486.063,107.49,-1120.55,470.61
shot_0054,1486.0711,106.31,-1085.43,482.46
shot_0054,1486.0791,104.06,-1053.62,491.09
shot_0054,1486.0871,100.93,-1017.22,504.73
shot_0054,1486.0952,98.66,-985.31,511.85
shot_0054,1486.1113,93.78,-922.08,524.85
shot_0054,1486.1193,90.6,-889.48,530.61
shot_0054,1486.1273,87.86,-859.17,534.94
shot_0054,1486.1354,85.24,-825.6,540.79
shot_0054,1486.1434,81.78,-786.56,552.73
shot_0054,1486.1515,78.0,-761.22,548.29
shot_0054,1486.1595,74.31,-727.51,555.57
shot_0054,1486.1675,70.85,-698.31,553.26
shot_0054,1486.1756,66.54,-663.34,560.35
shot_0054,1486.1836,63.22,-632.88,557.73
shot_0054,1486.1917,60.32,-603.67,555.45
shot_0054,1486.1997,55.56,-570.48,556.79
shot_0054,1486.2077,51.31,-540.22,557.97
shot_0054,1486.2158,46.89,-509.36,554.95
shot_0054,1486.2238,41.74,-478.51,552.35
shot_0054,1486.2319,37.9,-447.54,551.57
shot_0054,1486.2399,34.03,-418.94,544.91
shot_0054,1486.248,30.34,-390.57,538.95
shot_0054,1486.256,25.96,-358.92,537.96
shot_0054,1486.264,20.97,-327.97,533.38
shot_0054,1486.2721,16.0,-299.91,526.08
shot_0054,1486.2801,11.31,-271.12,516.71
shot_0054,1486.2962,0.41,-214.43,501.42
shot_0054,1486.3042,-3.35,-186.24,493.81
shot_0054,1486.3123,-7.52,-158.45,484.86
shot_0054,1486.3284,-18.33,-100.6,465.39
shot_0054,1486.3364,-23.84,-73.22,451.74
shot_0054,1486.3444,-29.9,-45.86,435.9
shot_0054,1486.3525,-35.82,-18.46,421.73
shot_0054,1486.3605,-40.4,8.6,407.98
shot_0054,1486.3686,-45.76,35.66,395.12
shot_0054,1486.3766,-51.66,63.97,378.95
shot_0054,1486.3846,-57.85,89.52,364.78
shot_0054,1486.3927,-63.48,118.35,346.72
shot_0054,1486.4007,-69.92,144.67,325.58
shot_0054,1486.4088,-75.77,171.56,306.6
shot_0054,1486.4168,-80.3,197.17,292.62
shot_0054,1486.4248,-87.21,222.27,270.79
shot_0054,1486.4329,-94.07,250.37,245.6
shot_0054,1486.4409,-99.24,275.21,229.09
shot_0054,1486.449,-105.95,300.21,207.76
shot_0054,1486.457,-110.67,324.01,189.86
shot_0054,1486.465,-117.51,349.01,172.13
shot_0054,1486.4731,-123.65,374.27,145.57
shot_0054,1486.4811,-131.88,401.18,112.98
shot_0054,1486.4892,-136.07,421.95,97.75
shot_0054,1486.4972,-143.64,449.74,67.61
shot_0054,1486.5052,-149.29,472.43,50.03
shot_0054,1486.5133,-154.43,492.78,67.36
shot_0054,1486.5213,-157.57,515.04,85.0
shot_0054,1486.5294,-160.38,534.34,112.98
shot_0054,1486.5374,-162.38,553.92,129.21
shot_0054,1486.5454,-167.38,575.33,147.72
shot_0054,1486.5535,-168.99,594.49,175.83
shot_0054,1486.5615,-174.13,613.07,188.61
shot_0054,1486.5696,-178.07,636.86,204.79
shot_0054,1486.5776,-182.25,654.98,218.67
shot_0054,1486.5856,-186.31,672.34,236.65
shot_0054,1486.5937,-189.94,692.22,251.95
shot_0054,1486.6017,-194.99,713.34,263.14
shot_0054,1486.6098,-199.28,732.04,281.61
shot_0054,1486.6178,-204.11,750.55,292.31
shot_0054,1486.6258,-208.92,770.68,303.73
shot_0054,1486.6339,-211.66,788.67,317.72
shot_0054,1486.6419,-217.78,807.66,326.55
shot_0054,1486.65,-220.96,826.84,338.3
shot_0054,1486.658,-223.83,842.79,351.97
shot_0054,1486.666,-230.28,864.2,357.79
shot_0054,1486.6741,-233.94,880.02,368.55
shot_0054,1486.6821,-240.34,898.96,375.01
shot_0054,1486.6902,-244.97,919.63,378.44
shot_0054,1486.6982,-247.51,933.34,388.93
shot_0054,1486.7062,-253.98,956.09,390.41
shot_0054,1486.7143,-257.83,972.32,397.11
shot_0054,1486.7223,-264.8,993.6,397.7
shot_0054,1486.7304,-266.09,1000.79,411.33
shot_0054,1486.7384,-274.33,1024.27,406.98
shot_0054,1486.7464,-277.18,1037.43,411.63
shot_0054,1486.7545,-283.76,1057.57,409.31
shot_0054,1486.7625,-288.05,1073.12,413.86
shot_0054,1486.7706,-290.02,1081.95,423.37
shot_0054,1486.7786,-297.78,1104.37,416.65
shot_0054,1486.7866,-302.12,1120.44,418.32
shot_0054,1486.7947,-308.1,1133.94,416.12
shot_0054,1486.8027,-312.85,1153.42,414.91
shot_0054,1486.8108,-318.69,1169.01,414.37
shot_0054,1486.8188,-324.04,1189.06,411.62
shot_0054,1486.8268,-328.52,1205.18,409.6
shot_0054,1486.8349,-328.99,1207.74,417.21
shot_0054,1486.8429,-336.87,1232.55,406.79
shot_0054,1486.851,-344.03,1248.86,399.26
shot_0054,1486.859,-349.52,1265.56,393.4
shot_0055,1486.8831,-355.32,1281.09,378.65
shot_0055,1486.8912,-337.22,1238.16,385.95
shot_0055,1486.8992,-325.44,1207.21,381.81
shot_0055,1486.9153,-293.65,1124.02,389.89
shot_0055,1486.9233,-276.38,1081.35,398.62
shot_0055,1486.9314,-260.77,1045.29,402.7
shot_0055,1486.9394,-245.83,1005.59,405.65
shot_0055,1486.9474,-229.09,962.54,409.52
shot_0055,1486.9555,-212.69,919.26,414.43
shot_0055,1486.9635,-198.49,881.38,417.26
shot_0055,1486.9716,-183.01,841.58,417.96
shot_0055,1486.9796,-167.65,795.45,425.66
shot_0055,1486.9876,-149.26,750.39,432.22
shot_0055,1486.9957,-137.38,714.57,425.8
shot_0055,1487.0037,-122.37,674.6,424.62
shot_0055,1487.0198,-95.05,592.14,427.75
shot_0055,1487.0278,-81.41,553.09,424.32
shot_0055,1487.0359,-68.66,515.55,419.26
shot_0055,1487.0439,-54.88,474.95,418.76
shot_0055,1487.06,-29.91,396.57,406.41
shot_0055,1487.068,-18.31,358.4,399.04
shot_0055,1487.0761,-6.81,320.23,398.01
shot_0055,1487.0841,5.93,281.42,385.61
shot_0055,1487.0922,17.78,242.33,384.25
shot_0055,1487.1002,30.14,202.17,375.07
shot_0055,1487.1082,39.64,166.47,366.28
shot_0055,1487.1163,50.03,128.56,352.1
shot_0055,1487.1243,61.69,91.02,345.11
shot_0055,1487.1324,71.61,54.55,337.18
shot_0055,1487.1404,81.58,15.41,327.95
shot_0055,1487.1484,92.01,-21.09,312.02
shot_0055,1487.1565,101.77,-58.67,298.4
shot_0055,1487.1645,111.59,-94.72,287.79
shot_0055,1487.1726,120.42,-130.53,271.77
shot_0055,1487.1806,129.39,-166.39,254.91
shot_0055,1487.1886,137.91,-203.88,238.68
shot_0055,1487.1967,146.61,-237.22,230.58
shot_0055,1487.2047,155.89,-272.56,211.18
shot_0055,1487.2128,164.77,-309.25,194.36
shot_0055,1487.2288,181.84,-380.56,153.86
shot_0055,1487.2369,189.32,-416.19,134.73
shot_0055,1487.2449,196.49,-449.99,114.48
shot_0055,1487.253,205.24,-485.75,89.63
shot_0055,1487.261,212.47,-519.79,76.21
shot_0055,1487.269,219.6,-555.94,48.71
shot_0055,1487.2771,227.46,-588.69,52.69
shot_0055,1487.2851,234.9,-615.77,78.85
shot_0055,1487.2932,242.5,-644.64,96.48
shot_0055,1487.3092,257.6,-704.71,131.43
shot_0055,1487.3173,265.16,-730.45,149.86
shot_0055,1487.3253,271.63,-758.4,165.03
shot_0055,1487.3334,278.16,-787.74,181.91
shot_0055,1487.3414,285.48,-817.57,196.55
shot_0055,1487.3494,291.82,-846.36,207.78
shot_0055,1487.3575,298.69,-877.61,212.48
shot_0055,1487.3655,304.99,-899.83,235.89
shot_0055,1487.3736,311.41,-929.67,240.47
shot_0055,1487.3816,317.03,-954.04,256.6
shot_0055,1487.3896,323.64,-981.63,268.46
shot_0055,1487.3977,329.13,-1010.69,274.54
shot_0055,1487.4057,334.21,-1035.84,285.73
shot_0055,1487.4138,339.33,-1060.62,296.51
shot_0055,1487.4218,346.51,-1095.37,296.05
shot_0055,1487.4298,352.19,-1124.81,297.67
shot_0055,1487.4379,355.69,-1143.68,309.75
shot_0055,1487.4459,361.26,-1171.32,311.78
shot_0055,1487.454,363.53,-1190.66,325.56
shot_0055,1487.462,370.7,-1222.44,320.58
shot_0055,1487.47,372.57,-1243.72,328.35
shot_0055,1487.4781,375.94,-1263.38,336.13
shot_0055,1487.4861,381.33,-1294.22,331.41
shot_0055,1487.4942,386.8,-1326.63,324.99
shot_0055,1487.5022,389.44,-1348.68,331.19
shot_0055,1487.5102,394.75,-1382.08,322.92
shot_0055,1487.5183,396.09,-1398.96,327.81
shot_0056,1494.1111,195.85,-1166.95,380.44
shot_0056,1494.1272,196.1,-1089.59,408.89
shot_0056,1494.1353,196.8,-1055.05,416.45
shot_0056,1494.1433,196.44,-1010.65,433.21
shot_0056,1494.1513,195.72,-976.67,440.82
shot_0056,1494.1594,196.31,-936.46,450.28
shot_0056,1494.1674,195.19,-902.51,455.84
shot_0056,1494.1755,194.39,-861.27,466.87
shot_0056,1494.1915,193.45,-788.53,477.57
shot_0056,1494.1996,192.94,-752.61,480.11
shot_0056,1494.2076,191.54,-716.61,483.45
shot_0056,1494.2157,190.12,-675.27,490.96
shot_0056,1494.2237,189.04,-640.26,493.49
shot_0056,1494.2317,187.65,-607.96,491.81
shot_0056,1494.2478,184.53,-534.16,494.67
shot_0056,1494.2559,182.69,-497.78,498.37
shot_0056,1494.2639,181.89,-461.26,495.13
shot_0056,1494.2719,179.58,-428.32,492.66
shot_0056,1494.288,176.44,-356.24,489.85
shot_0056,1494.2961,174.81,-321.35,485.24
shot_0056,1494.3041,172.95,-287.77,481.49
shot_0056,1494.3121,170.86,-252.37,478.68
shot_0056,1494.3202,168.76,-217.89,470.59
shot_0056,1494.3363,164.71,-150.5,457.0
shot_0056,1494.3443,162.69,-117.64,448.83
shot_0056,1494.3523,159.37,-83.29,442.03
shot_0056,1494.3604,157.56,-50.27,428.35
shot_0056,1494.3684,155.24,-17.9,418.81
shot_0056,1494.3765,152.48,14.72,411.95
shot_0056,1494.3845,149.54,46.19,399.7
shot_0056,1494.4006,145.46,111.68,370.21
shot_0056,1494.4086,142.43,143.37,356.54
shot_0056,1494.4167,139.97,174.81,339.0
shot_0056,1494.4247,137.11,204.69,331.36
shot_0056,1494.4408,131.51,267.4,293.1
shot_0056,1494.4488,128.55,296.64,276.63
shot_0056,1494.4569,125.96,328.68,253.7
shot_0056,1494.4729,119.93,386.21,219.77
shot_0056,1494.481,117.26,417.33,196.73
shot_0056,1494.489,114.29,443.72,186.36
shot_0056,1494.5131,106.09,529.27,115.62
shot_0056,1494.5212,102.58,557.38,95.91
shot_0056,1494.5292,100.53,584.39,70.67
shot_0056,1494.5453,94.67,642.18,31.84
shot_0056,1494.5533,93.56,666.94,50.65
shot_0056,1494.5694,89.25,712.64,97.58
shot_0056,1494.5775,86.95,738.44,112.73
shot_0056,1494.5855,86.68,758.33,134.26
shot_0056,1494.5935,84.77,786.58,146.27
shot_0056,1494.6096,80.07,832.83,178.45
shot_0056,1494.6177,77.68,855.98,197.21
shot_0056,1494.6257,76.61,879.59,212.49
shot_0056,1494.6337,72.27,903.81,223.79
shot_0056,1494.6498,69.59,948.56,251.2
shot_0056,1494.6579,67.09,971.88,261.16
shot_0056,1494.6659,64.95,993.34,269.6
shot_0056,1494.6739,61.27,1016.68,282.05
shot_0056,1494.682,58.47,1040.06,288.65
shot_0056,1494.6981,53.34,1077.59,311.52
shot_0056,1494.7061,50.41,1102.92,312.29
shot_0056,1494.7141,47.93,1127.93,316.71
shot_0056,1494.7222,44.88,1145.46,326.7
shot_0056,1494.7302,40.56,1168.01,330.64
shot_0056,1494.7463,34.91,1217.98,329.62
shot_0057,1494.7543,31.53,1230.89,341.38
shot_0057,1494.7624,32.2,1214.94,350.71
shot_0057,1494.7785,35.9,1126.1,378.09
shot_0057,1494.7865,38.47,1085.1,388.38
shot_0057,1494.7945,38.92,1039.34,404.69
shot_0057,1494.8026,40.2,999.52,412.45
shot_0057,1494.8187,45.41,918.36,428.79
shot_0057,1494.8267,45.56,873.32,440.77
shot_0057,1494.8347,48.15,831.49,450.21
shot_0057,1494.8428,50.18,789.18,454.11
shot_0057,1494.8508,51.41,752.08,457.84
shot_0057,1494.8589,52.24,707.79,466.72
shot_0057,1494.8749,55.38,626.13,474.06
shot_0057,1494.883,56.63,585.74,476.85
shot_0057,1494.891,57.29,545.72,480.81
shot_0057,1494.8991,57.59,507.24,479.0
shot_0057,1494.9071,60.0,470.53,475.54
shot_0057,1494.9232,60.12,390.78,476.47
shot_0057,1494.9312,60.27,350.79,478.9
shot_0057,1494.9393,60.55,313.01,475.56
shot_0057,1494.9473,61.25,275.62,466.34
shot_0057,1494.9553,61.36,238.21,464.1
shot_0057,1494.9634,61.21,198.7,461.61
shot_0057,1494.9795,62.76,123.29,449.99
shot_0057,1494.9875,62.7,84.98,443.95
shot_0057,1494.9955,61.46,48.83,438.18
shot_0057,1495.0036,61.38,11.92,426.66
shot_0057,1495.0116,61.41,-24.51,418.24
shot_0057,1495.0277,61.26,-98.43,396.62
shot_0057,1495.0357,60.98,-133.99,385.79
shot_0057,1495.0438,60.2,-173.22,378.84
shot_0057,1495.0518,59.99,-208.31,361.07
shot_0057,1495.0599,59.82,-244.6,346.88
shot_0057,1495.0679,58.91,-277.11,332.95
shot_0057,1495.0759,57.14,-317.4,314.04
shot_0057,1495.084,56.84,-351.87,297.53
shot_0057,1495.1001,55.25,-421.28,267.4
shot_0057,1495.1081,53.45,-458.14,241.35
shot_0057,1495.1161,53.14,-489.19,233.07
shot_0057,1495.1242,51.45,-524.74,212.88
shot_0057,1495.1322,49.01,-560.6,188.34
shot_0057,1495.1403,48.22,-596.08,163.95
shot_0057,1495.1563,46.18,-659.42,129.13
shot_0057,1495.1644,44.8,-698.51,96.54
shot_0057,1495.1724,43.66,-725.86,84.47
shot_0057,1495.1805,41.39,-760.43,55.78
shot_0057,1495.1965,43.98,-811.36,92.49
shot_0057,1495.2046,44.31,-841.52,112.04
shot_0057,1495.2126,45.12,-867.68,130.4
shot_0057,1495.2207,46.36,-895.3,150.79
shot_0057,1495.2287,47.29,-922.42,168.85
shot_0057,1495.2448,47.61,-966.63,211.44
shot_0057,1495.2528,47.99,-998.83,218.79
shot_0057,1495.2609,49.59,-1025.91,236.31
shot_0057,1495.2769,48.64,-1076.59,268.2
shot_0057,1495.285,48.83,-1096.93,284.89
shot_0057,1495.293,48.45,-1126.95,293.43
shot_0057,1495.3011,48.83,-1155.89,299.32
shot_0057,1495.3171,47.77,-1202.0,324.31
shot_0057,1495.3252,47.36,-1234.43,324.28
shot_0057,1495.3332,47.54,-1255.97,336.03
shot_0057,1495.3413,47.27,-1274.31,350.1
shot_0057,1495.3493,46.77,-1296.23,357.12
shot_0057,1495.3654,46.12,-1338.9,372.83
shot_0057,1495.3734,44.94,-1375.25,369.46
shot_0057,1495.3815,44.23,-1387.17,382.8
shot_0057,1495.3895,41.27,-1423.2,374.48
shot_0057,1495.3975,41.08,-1441.1,382.48
shot_0058,1495.4136,40.73,-1462.19,388.51
shot_0058,1495.4217,43.19,-1424.18,405.24
shot_0058,1495.4297,44.33,-1386.52,419.74
shot_0058,1495.4377,44.12,-1360.35,423.44
shot_0058,1495.4458,47.3,-1321.18,439.79
shot_0058,1495.4538,49.36,-1285.92,452.21
shot_0058,1495.4699,51.16,-1216.15,473.63
shot_0058,1495.4779,53.11,-1181.94,480.25
shot_0058,1495.486,53.77,-1148.98,487.44
shot_0058,1495.494,56.42,-1107.59,499.21
shot_0058,1495.5021,56.98,-1082.64,501.74
shot_0058,1495.5101,58.93,-1047.6,512.14
shot_0058,1495.5181,59.87,-1012.62,516.73
shot_0058,1495.5262,61.88,-975.95,524.93
shot_0058,1495.5423,64.72,-911.8,529.04
shot_0058,1495.5503,66.42,-878.25,531.73
shot_0058,1495.5583,68.41,-843.55,536.56
shot_0058,1495.5664,69.48,-817.82,531.15
shot_0058,1495.5744,71.16,-783.28,535.05
shot_0058,1495.5825,72.72,-752.71,529.97
shot_0058,1495.5985,76.05,-684.74,530.87
shot_0058,1495.6066,78.49,-655.15,526.32
shot_0058,1495.6146,80.21,-624.09,523.49
shot_0058,1495.6227,81.3,-593.98,518.44
shot_0058,1495.6307,82.32,-564.15,512.62
shot_0058,1495.6387,84.56,-532.73,508.02
shot_0058,1495.6548,88.83,-472.65,491.04
shot_0058,1495.6629,90.82,-440.25,487.37
shot_0058,1495.6709,92.63,-411.57,478.78
shot_0058,1495.6789,94.02,-380.66,470.45
shot_0058,1495.687,95.13,-350.03,462.58
shot_0058,1495.7031,99.36,-294.02,435.43
shot_0058,1495.7111,101.99,-264.14,426.33
shot_0058,1495.7191,103.31,-234.41,412.06
shot_0058,1495.7272,105.23,-206.3,403.24
shot_0058,1495.7433,108.1,-149.24,373.9
shot_0058,1495.7513,110.25,-120.22,357.76
shot_0058,1495.7593,111.92,-92.22,340.12
shot_0058,1495.7674,113.92,-64.65,331.18
shot_0058,1495.7754,116.15,-37.2,309.42
shot_0058,1495.7835,117.93,-10.6,288.08
shot_0058,1495.7995,121.12,41.8,256.96
shot_0058,1495.8076,123.14,68.95,234.58
shot_0058,1495.8156,124.18,96.35,210.22
shot_0058,1495.8237,126.48,121.66,194.16
shot_0058,1495.8317,128.42,148.47,168.46
shot_0058,1495.8397,130.21,174.58,143.67
shot_0058,1495.8478,131.6,198.52,125.93
shot_0058,1495.8639,136.1,251.32,74.63
shot_0058,1495.8719,137.96,274.87,54.5
shot_0058,1495.8799,139.95,297.87,39.55
shot_0058,1495.888,143.35,318.18,55.39
shot_0058,1495.9041,153.73,361.1,98.45
shot_0058,1495.9121,157.7,380.31,120.16
shot_0058,1495.9201,161.82,403.77,134.42
shot_0058,1495.9282,165.88,421.68,157.34
shot_0058,1495.9362,170.51,442.2,176.4
shot_0058,1495.9523,179.3,481.9,209.35
shot_0058,1495.9603,183.24,502.32,224.01
shot_0058,1495.9684,188.45,523.97,237.28
shot_0058,1495.9764,194.3,543.06,252.4
shot_0058,1495.9845,197.4,561.24,265.81
shot_0058,1496.0005,206.82,601.7,286.42
shot_0058,1496.0086,210.21,620.7,297.39
shot_0058,1496.0166,215.58,642.15,304.72
shot_0058,1496.0247,218.15,658.76,316.14
shot_0058,1496.0327,224.09,677.91,326.65
shot_0058,1496.0488,231.17,717.46,337.27
shot_0058,1496.0568,235.02,732.0,350.61
shot_0058,1496.0649,238.53,750.29,357.75
shot_0058,1496.0729,243.39,772.97,356.68
shot_0058,1496.0809,247.03,790.9,362.21
shot_0058,1496.097,256.21,829.22,366.16
shot_0058,1496.1051,258.57,844.49,373.87
shot_0058,1496.1131,264.06,867.91,368.54
shot_0058,1496.1212,266.14,881.25,375.58
shot_0058,1496.1292,270.99,902.85,369.36
shot_0058,1496.1453,277.62,936.76,370.63
shot_0058,1496.1533,281.29,957.33,368.73
shot_0058,1496.1614,284.21,970.91,368.51
shot_0058,1496.1694,288.71,991.85,359.94
shot_0058,1496.1855,294.54,1028.97,351.35
shot_0058,1496.1935,298.73,1045.0,346.12
shot_0058,1496.2016,301.58,1060.66,343.79
shot_0058,1496.2176,308.43,1096.78,327.05
shot_0059,1496.2337,311.57,1116.36,319.38
shot_0059,1496.2498,298.15,1038.75,343.44
shot_0059,1496.2578,290.56,991.44,364.25
shot_0059,1496.2659,282.4,948.64,379.5
shot_0059,1496.2739,275.9,909.53,387.62
shot_0059,1496.29,261.85,824.28,410.64
shot_0059,1496.298,254.39,783.9,416.96
shot_0059,1496.3061,247.39,747.84,420.82
shot_0059,1496.3141,239.08,704.77,431.9
shot_0059,1496.3302,224.52,626.21,441.97
shot_0059,1496.3382,217.42,585.7,447.46
shot_0059,1496.3463,209.87,547.8,448.57
shot_0059,1496.3543,203.43,509.25,451.57
shot_0059,1496.3624,194.71,468.8,455.4
shot_0059,1496.3704,187.91,432.5,450.97
shot_0059,1496.3865,171.44,351.86,459.01
shot_0059,1496.3945,163.04,310.94,461.3
shot_0059,1496.4026,155.93,275.03,460.17
shot_0059,1496.4106,147.94,239.34,452.1
shot_0059,1496.4186,140.8,200.96,453.27
shot_0059,1496.4347,126.53,126.25,443.01
shot_0059,1496.4428,118.26,87.28,440.18
shot_0059,1496.4508,110.07,50.78,428.71
shot_0059,1496.4588,103.11,14.34,429.14
shot_0059,1496.4669,95.14,-20.34,419.89
shot_0059,1496.483,80.26,-94.36,398.88
shot_0059,1496.491,73.41,-127.05,390.59
shot_0059,1496.499,65.01,-165.32,378.72
shot_0059,1496.5071,58.48,-199.07,371.72
shot_0059,1496.5151,50.95,-233.3,357.42
shot_0059,1496.5232,44.06,-268.17,344.43
shot_0059,1496.5392,27.84,-337.54,315.99
shot_0059,1496.5473,20.36,-372.55,295.48
shot_0059,1496.5553,13.59,-402.84,286.75
shot_0059,1496.5634,5.55,-440.12,264.37
shot_0059,1496.5714,-1.94,-472.92,251.51
shot_0059,1496.5794,-9.65,-506.43,233.39
shot_0059,1496.5875,-17.51,-539.08,217.68
shot_0059,1496.5955,-25.05,-572.05,195.89
shot_0059,1496.6036,-33.68,-607.16,172.57
shot_0059,1496.6116,-40.96,-640.15,149.62
shot_0059,1496.6196,-55.67,-694.84,106.41
shot_0059,1496.6357,-63.7,-736.37,85.26
shot_0059,1496.6438,-69.98,-765.64,70.07
shot_0059,1496.6518,-75.65,-794.94,76.28
shot_0059,1496.6598,-77.96,-826.44,88.38
shot_0059,1496.6679,-81.79,-850.61,113.87
shot_0059,1496.6759,-83.17,-873.5,142.58
shot_0059,1496.684,-87.16,-902.83,156.4
shot_0059,1496.7,-90.48,-956.8,190.34
shot_0059,1496.7081,-93.96,-982.97,206.12
shot_0059,1496.7161,-96.33,-1002.41,231.21
shot_0059,1496.7242,-98.46,-1029.4,241.59
shot_0059,1496.7322,-99.71,-1053.28,257.72
shot_0059,1496.7402,-104.99,-1082.5,268.87
shot_0059,1496.7563,-111.57,-1136.75,290.49
shot_0059,1496.7644,-113.95,-1160.88,304.84
shot_0059,1496.7724,-115.91,-1188.47,310.23
shot_0059,1496.7804,-120.3,-1208.38,322.95
shot_0059,1496.7885,-121.35,-1230.41,335.71
shot_0059,1496.8046,-128.62,-1285.34,345.43
shot_0059,1496.8126,-132.07,-1307.27,352.02
shot_0059,1496.8206,-135.42,-1333.45,355.78
shot_0059,1496.8287,-139.39,-1361.35,359.89
shot_0059,1496.8367,-142.75,-1387.41,365.6
shot_0060,1496.8528,-149.29,-1416.95,375.97
shot_0060,1496.8689,-150.57,-1333.56,416.14
shot_0060,1496.8769,-149.4,-1290.21,437.82
shot_0060,1496.885,-149.82,-1246.08,456.52
shot_0060,1496.893,-150.63,-1196.72,476.7
shot_0060,1496.9091,-152.68,-1110.28,512.9
shot_0060,1496.9171,-153.84,-1070.87,527.01
shot_0060,1496.9252,-153.03,-1021.96,550.37
shot_0060,1496.9332,-154.14,-979.24,564.71
shot_0060,1496.9412,-153.51,-938.27,577.6
shot_0060,1496.9573,-154.99,-861.65,598.43
shot_0060,1496.9654,-154.88,-821.2,606.95
shot_0060,1496.9734,-155.55,-780.91,615.86
shot_0060,1496.9814,-154.39,-738.04,628.26
shot_0060,1496.9895,-154.26,-698.8,636.26
shot_0060,1497.0056,-154.17,-616.69,648.82
shot_0060,1497.0136,-153.11,-576.93,657.95
shot_0060,1497.0216,-155.15,-539.17,661.77
shot_0060,1497.0297,-154.13,-499.22,668.44
shot_0060,1497.0377,-154.65,-463.59,667.48
shot_0060,1497.0458,-153.83,-424.76,671.63
shot_0060,1497.0618,-153.45,-348.2,673.34
shot_0060,1497.0699,-152.38,-310.68,674.79
shot_0060,1497.0779,-153.92,-273.68,671.65
shot_0060,1497.086,-152.67,-235.67,673.97
shot_0060,1497.102,-150.7,-162.02,669.29
shot_0060,1497.1101,-152.04,-125.73,662.34
shot_0060,1497.1181,-150.82,-88.08,656.79
shot_0060,1497.1262,-149.99,-54.96,653.71
shot_0060,1497.1342,-149.38,-17.86,648.47
shot_0060,1497.1503,-149.61,51.71,631.3
shot_0060,1497.1583,-149.4,88.35,622.7
shot_0060,1497.1664,-149.43,122.66,614.23
shot_0060,1497.1744,-148.47,157.42,603.87
shot_0060,1497.1905,-146.49,222.1,586.47
shot_0060,1497.1985,-147.23,259.37,570.57
shot_0060,1497.2066,-147.14,292.05,557.5
shot_0060,1497.2146,-145.57,326.07,544.54
shot_0060,1497.2226,-144.23,355.75,536.43
shot_0060,1497.2387,-143.53,421.78,503.45
shot_0060,1497.2468,-145.43,457.07,482.24
shot_0060,1497.2628,-143.97,521.36,451.09
shot_0060,1497.2709,-144.53,554.58,431.18
shot_0060,1497.2789,-142.16,584.61,415.43
shot_0060,1497.287,-144.11,618.23,391.49
shot_0060,1497.303,-143.25,681.97,349.59
shot_0060,1497.3111,-142.62,711.53,332.22
shot_0060,1497.3191,-143.33,743.0,306.79
shot_0060,1497.3352,-141.72,803.11,264.49
shot_0060,1497.3432,-142.22,835.36,238.68
shot_0060,1497.3513,-141.53,863.75,216.76
shot_0060,1497.3593,-142.63,897.79,185.01
shot_0060,1497.3754,-143.71,954.87,133.74
shot_0060,1497.3834,-142.63,989.02,103.28
shot_0060,1497.3915,-142.36,1011.24,83.37
shot_0060,1497.3995,-142.24,1036.01,60.47
shot_0060,1497.4156,-138.7,1091.93,37.42
shot_0060,1497.4236,-132.92,1110.31,68.07
shot_0060,1497.4317,-130.44,1141.47,81.94
shot_0060,1497.4397,-127.23,1162.61,106.82
shot_0060,1497.4478,-121.67,1186.56,130.28
shot_0060,1497.4558,-117.8,1211.8,149.54
shot_0060,1497.4719,-110.88,1243.49,196.74
shot_0060,1497.4799,-108.28,1275.49,206.52
shot_0060,1497.488,-103.03,1291.41,225.71
shot_0060,1497.496,-96.09,1301.79,256.62
shot_0060,1497.504,-92.57,1328.18,274.96
shot_0060,1497.5201,-88.8,1378.03,295.96
shot_0060,1497.5282,-85.03,1404.43,313.47
shot_0060,1497.5362,-82.41,1425.94,335.85
shot_0060,1497.5442,-79.27,1453.38,353.87
shot_0060,1497.5603,-67.92,1476.39,421.74
shot_0060,1497.5684,-64.15,1509.45,445.28
shot_0060,1497.5764,-60.26,1528.02,492.26
shot_0061,1498.3724,-14.08,-1443.48,431.05
shot_0061,1498.3804,-13.49,-1419.27,435.78
shot_0061,1498.3965,-3.84,-1336.23,466.15
shot_0061,1498.4045,0.78,-1296.94,478.05
shot_0061,1498.4126,5.42,-1251.82,491.46
shot_0061,1498.4206,9.11,-1212.0,503.17
shot_0061,1498.4367,17.35,-1133.24,522.62
shot_0061,1498.4447,19.97,-1100.69,525.66
shot_0061,1498.4528,24.29,-1059.67,537.49
shot_0061,1498.4608,27.79,-1020.22,545.36
shot_0061,1498.4688,31.8,-985.38,548.31
shot_0061,1498.4769,35.1,-946.69,555.17
shot_0061,1498.493,42.42,-868.16,563.68
shot_0061,1498.501,44.98,-836.0,562.02
shot_0061,1498.509,49.56,-798.49,562.83
shot_0061,1498.5171,52.61,-761.2,565.84
shot_0061,1498.5251,55.6,-724.74,563.58
shot_0061,1498.5412,62.42,-652.4,561.23
shot_0061,1498.5492,66.07,-618.29,558.38
shot_0061,1498.5573,70.13,-582.87,554.71
shot_0061,1498.5653,73.26,-546.39,553.56
shot_0061,1498.5734,75.75,-512.05,546.99
shot_0061,1498.5814,78.83,-478.76,542.0
shot_0061,1498.5975,86.5,-408.68,527.55
shot_0061,1498.6055,88.73,-375.61,520.07
shot_0061,1498.6136,92.16,-340.48,515.79
shot_0061,1498.6216,95.29,-308.35,504.66
shot_0061,1498.6297,99.02,-275.47,491.63
shot_0061,1498.6377,102.66,-243.22,483.29
shot_0061,1498.6457,104.89,-210.26,471.61
shot_0061,1498.6538,107.47,-178.72,460.3
shot_0061,1498.6699,113.51,-113.28,438.54
shot_0061,1498.6779,116.6,-81.75,422.99
shot_0061,1498.6859,119.81,-50.02,404.44
shot_0061,1498.694,121.31,-20.0,393.41
shot_0061,1498.702,125.71,11.64,375.99
shot_0061,1498.7181,130.1,73.84,338.77
shot_0061,1498.7261,133.28,103.86,321.67
shot_0061,1498.7342,136.06,132.73,301.07
shot_0061,1498.7422,138.24,162.11,284.14
shot_0061,1498.7583,144.03,222.14,239.78
shot_0061,1498.7663,145.87,251.41,215.85
shot_0061,1498.7744,149.39,279.72,193.94
shot_0061,1498.7824,150.74,308.48,165.66
shot_0061,1498.7985,155.05,362.53,124.77
shot_0061,1498.8065,158.06,393.03,96.51
shot_0061,1498.8146,159.13,420.64,67.09
shot_0061,1498.8226,161.84,445.34,48.75
shot_0061,1498.8307,164.8,472.52,26.16
shot_0061,1498.8467,175.8,519.4,78.8
shot_0061,1498.8548,181.16,543.45,97.82
shot_0061,1498.8628,187.8,568.5,112.82
shot_0061,1498.8709,191.96,591.6,136.24
shot_0061,1498.8869,203.97,643.99,165.87
shot_0061,1498.895,209.02,662.41,188.33
shot_0061,1498.903,214.93,687.95,201.54
shot_0061,1498.9111,220.08,712.54,214.92
shot_0061,1498.9191,225.94,736.53,231.58
shot_0061,1498.9352,237.52,779.44,265.24
shot_0061,1498.9432,242.08,803.05,274.38
shot_0061,1498.9513,246.86,825.67,289.26
shot_0061,1498.9593,252.12,846.73,298.39
shot_0061,1498.9673,256.9,870.53,307.95
shot_0061,1498.9754,263.69,894.14,313.27
shot_0061,1498.9834,268.85,917.71,323.58
shot_0061,1498.9995,276.66,957.58,342.44
shot_0061,1499.0075,282.52,985.45,343.53
shot_0061,1499.0156,288.1,1010.03,344.34
shot_0061,1499.0236,292.96,1026.59,353.35
shot_0061,1499.0317,297.68,1051.68,355.38
shot_0061,1499.0397,302.49,1072.89,360.48
shot_0061,1499.0558,312.59,1118.17,360.97
shot_0061,1499.0638,316.8,1141.04,362.43
shot_0061,1499.0719,320.67,1161.05,363.09
shot_0061,1499.0799,325.58,1184.13,365.35
shot_0062,1500.4708,100.08,1280.57,202.84
shot_0062,1500.4789,100.55,1260.51,211.96
shot_0062,1500.4869,103.16,1213.1,229.47
shot_0062,1500.4949,103.33,1173.86,241.3
shot_0062,1500.511,105.51,1083.77,271.11
shot_0062,1500.5191,107.18,1042.26,278.02
shot_0062,1500.5271,108.88,1002.42,286.92
shot_0062,1500.5351,107.95,960.78,296.23
shot_0062,1500.5432,109.47,916.47,309.49
shot_0062,1500.5512,110.99,875.73,317.42
shot_0062,1500.5673,113.07,791.37,334.73
shot_0062,1500.5753,113.46,751.4,338.51
shot_0062,1500.5834,115.46,713.01,343.45
shot_0062,1500.5914,116.01,670.02,351.46
shot_0062,1500.6075,118.28,592.22,356.42
shot_0062,1500.6155,118.77,554.07,360.02
shot_0062,1500.6236,119.43,513.05,364.28
shot_0062,1500.6316,119.62,474.43,368.62
shot_0062,1500.6397,120.45,435.68,369.13
shot_0062,1500.6557,121.53,355.88,376.67
shot_0062,1500.6638,122.64,320.99,367.82
shot_0062,1500.6718,122.67,282.59,368.37
shot_0062,1500.6799,123.45,243.5,375.47
shot_0062,1500.6959,125.4,169.19,362.71
shot_0062,1500.704,126.07,129.9,368.08
shot_0062,1500.712,126.54,93.12,361.22
shot_0062,1500.7201,127.92,55.19,358.54
shot_0062,1500.7281,128.27,20.3,353.21
shot_0062,1500.7361,129.56,-17.59,343.01
shot_0062,1500.7522,130.2,-90.02,333.37
shot_0062,1500.7603,132.12,-126.48,327.64
shot_0062,1500.7683,132.4,-163.08,317.69
shot_0062,1500.7844,134.01,-233.98,302.61
shot_0062,1500.7924,135.15,-269.32,292.32
shot_0062,1500.8085,136.73,-342.64,271.73
shot_0062,1500.8165,139.16,-375.44,262.16
shot_0062,1500.8246,138.86,-413.87,239.31
shot_0062,1500.8326,140.65,-446.33,230.25
shot_0062,1500.8407,140.47,-482.9,214.96
shot_0062,1500.8567,142.81,-552.15,188.69
shot_0062,1500.8648,143.0,-585.96,175.64
shot_0062,1500.8728,144.33,-617.26,162.35
shot_0062,1500.8809,146.15,-653.34,147.21
shot_0062,1500.8889,146.69,-691.92,123.2
shot_0062,1500.905,148.51,-754.27,98.81
shot_0062,1500.913,148.96,-790.57,75.58
shot_0062,1500.9211,150.72,-823.48,57.3
shot_0062,1500.9291,152.84,-857.15,48.48
shot_0062,1500.9452,158.27,-907.65,93.33
shot_0062,1500.9532,161.53,-941.98,102.39
shot_0062,1500.9613,164.82,-964.99,123.85
shot_0062,1500.9773,170.31,-1021.91,150.92
shot_0062,1500.9854,173.89,-1052.95,161.45
shot_0062,1500.9934,176.3,-1073.09,179.92
shot_0062,1501.0015,179.71,-1100.4,193.19
shot_0062,1501.0175,185.34,-1158.8,208.66
shot_0062,1501.0256,186.17,-1178.15,227.0
shot_0062,1501.0336,190.54,-1210.61,229.3
shot_0062,1501.0417,193.23,-1234.12,240.22
shot_0062,1501.0578,198.69,-1278.3,260.44
shot_0062,1501.0658,202.28,-1313.02,257.55
shot_0062,1501.0819,205.52,-1353.9,274.71
shot_0062,1501.0899,208.6,-1387.21,272.55
shot_0062,1501.098,209.95,-1410.57,274.55
shot_0062,1501.106,214.64,-1448.89,268.64
shot_0062,1501.114,217.62,-1458.68,286.15
shot_0062,1501.1221,220.13,-1488.69,282.8
shot_0062,1501.1382,223.95,-1530.56,286.58
shot_0062,1501.1462,226.14,-1573.05,273.14
shot_0063,1503.4858,18.25,1389.35,229.06
shot_0063,1503.4939,22.55,1359.32,251.89
shot_0063,1503.5019,24.91,1323.63,270.51
shot_0063,1503.51,27.89,1284.95,292.41
shot_0063,1503.5261,36.98,1206.12,334.93
shot_0063,1503.5341,40.08,1167.24,356.92
shot_0063,1503.5421,43.73,1129.21,377.28
shot_0063,1503.5502,45.96,1091.23,394.07
shot_0063,1503.5582,50.47,1056.96,412.32
shot_0063,1503.5743,55.7,982.45,446.01
shot_0063,1503.5823,58.38,948.27,463.43
shot_0063,1503.5904,62.91,915.54,475.59
shot_0063,1503.5984,65.61,872.66,499.31
shot_0063,1503.6065,68.34,838.91,509.07
shot_0063,1503.6225,74.42,769.85,535.37
shot_0063,1503.6306,76.88,736.6,545.88
shot_0063,1503.6386,79.4,704.04,554.2
shot_0063,1503.6467,82.28,665.46,568.25
shot_0063,1503.6547,84.93,631.74,577.8
shot_0063,1503.6627,86.98,597.88,586.06
shot_0063,1503.6788,92.67,526.86,607.2
shot_0063,1503.6869,94.84,495.67,614.9
shot_0063,1503.6949,97.28,460.6,623.07
shot_0063,1503.7029,99.58,427.11,628.29
shot_0063,1503.711,102.51,395.45,633.64
shot_0063,1503.719,104.72,361.14,638.68
shot_0063,1503.7351,109.01,294.52,649.44
shot_0063,1503.7431,111.22,262.51,652.01
shot_0063,1503.7512,113.73,230.31,655.7
shot_0063,1503.7592,117.17,197.55,656.05
shot_0063,1503.7673,117.97,165.17,658.52
shot_0063,1503.7833,124.0,103.56,659.13
shot_0063,1503.7914,125.98,71.68,660.02
shot_0063,1503.7994,128.51,40.68,660.41
shot_0063,1503.8075,130.14,9.81,657.4
shot_0063,1503.8155,132.57,-21.45,657.38
shot_0063,1503.8235,134.5,-52.25,655.99
shot_0063,1503.8396,138.73,-114.18,648.27
shot_0063,1503.8477,141.27,-145.3,643.41
shot_0063,1503.8557,143.68,-176.3,638.1
shot_0063,1503.8637,145.8,-204.81,635.84
shot_0063,1503.8718,148.38,-237.38,625.22
shot_0063,1503.8879,152.55,-297.3,613.76
shot_0063,1503.8959,154.78,-327.02,606.11
shot_0063,1503.9039,157.44,-357.78,595.84
shot_0063,1503.912,160.06,-388.61,585.83
shot_0063,1503.92,161.43,-418.3,577.82
shot_0063,1503.9281,163.84,-450.19,565.33
shot_0063,1503.9361,165.91,-477.33,558.07
shot_0063,1503.9522,171.16,-537.73,535.82
shot_0063,1503.9602,173.49,-567.35,523.69
shot_0063,1503.9683,175.75,-596.11,509.54
shot_0063,1503.9763,177.84,-625.78,496.98
shot_0063,1503.9843,179.79,-654.37,483.91
shot_0063,1503.9924,181.28,-680.69,473.3
shot_0063,1504.0004,183.98,-710.45,457.07
shot_0063,1504.0165,187.71,-766.65,427.64
shot_0063,1504.0245,190.58,-796.84,410.74
shot_0063,1504.0326,191.14,-822.68,398.08
shot_0063,1504.0406,194.15,-850.1,381.57
shot_0063,1504.0487,195.94,-883.04,359.43
shot_0063,1504.0567,198.2,-909.41,343.66
shot_0063,1504.0728,202.98,-964.37,306.73
shot_0063,1504.0808,203.24,-989.52,290.75
shot_0063,1504.0889,206.67,-1015.58,271.6
shot_0063,1504.0969,208.77,-1047.47,245.46
shot_0063,1504.1049,210.42,-1070.42,228.73
shot_0063,1504.113,212.66,-1101.56,205.29
shot_0063,1504.1291,215.69,-1157.85,160.07
shot_0063,1504.1451,219.17,-1207.56,119.02
shot_0063,1504.1532,222.46,-1234.84,94.28
shot_0063,1504.1612,223.66,-1263.27,69.83
shot_0063,1504.1693,227.29,-1285.42,73.27
shot_0063,1504.1773,230.63,-1300.25,100.86
shot_0063,1504.1853,235.9,-1322.32,118.88
shot_0063,1504.2014,240.83,-1350.28,165.24
shot_0063,1504.2095,246.72,-1372.68,179.8
shot_0063,1504.2175,249.92,-1385.25,201.51
shot_0063,1504.2255,254.77,-1405.09,216.04
shot_0063,1504.2336,255.93,-1419.21,235.89
shot_0063,1504.2416,261.45,-1437.89,251.99
shot_0063,1504.2577,271.03,-1477.69,279.34
shot_0063,1504.2657,271.26,-1494.04,291.49
shot_0063,1504.2738,274.78,-1505.7,308.31
shot_0063,1504.2818,277.76,-1514.56,330.54
shot_0063,1504.2979,286.49,-1566.23,341.23
shot_0064,1504.3381,292.17,-1517.07,443.06
shot_0064,1504.3461,292.63,-1492.27,457.51
shot_0064,1504.3542,290.61,-1457.53,479.63
shot_0064,1504.3622,289.45,-1437.5,487.56
shot_0064,1504.3783,288.35,-1370.19,523.06
shot_0064,1504.3863,287.17,-1329.21,544.95
shot_0064,1504.3944,284.0,-1295.41,562.81
shot_0064,1504.4105,282.25,-1232.98,588.49
shot_0064,1504.4185,279.17,-1202.04,601.26
shot_0064,1504.4265,278.8,-1167.02,615.29
shot_0064,1504.4346,276.23,-1135.62,627.12
shot_0064,1504.4426,274.68,-1099.84,641.19
shot_0064,1504.4507,275.02,-1072.58,648.23
shot_0064,1504.4667,269.91,-1010.31,668.02
shot_0064,1504.4748,268.89,-979.72,675.99
shot_0064,1504.4909,264.68,-915.69,693.31
shot_0064,1504.4989,262.83,-883.62,699.91
shot_0064,1504.5069,261.99,-853.82,705.51
shot_0064,1504.515,260.27,-826.29,707.82
shot_0064,1504.5311,255.32,-763.88,717.76
shot_0064,1504.5391,253.98,-734.4,719.94
shot_0064,1504.5471,251.04,-704.03,721.58
shot_0064,1504.5552,250.18,-676.79,719.58
shot_0064,1504.5632,246.65,-644.53,722.37
shot_0064,1504.5713,244.85,-616.1,719.85
shot_0064,1504.5873,240.53,-557.45,714.55
shot_0064,1504.5954,237.79,-527.21,713.31
shot_0064,1504.6034,234.94,-497.27,711.15
shot_0064,1504.6115,232.81,-468.75,706.61
shot_0064,1504.6195,230.16,-437.73,701.21
shot_0064,1504.6275,228.9,-413.28,692.88
shot_0064,1504.6436,222.44,-353.17,682.48
shot_0064,1504.6517,220.31,-325.04,674.13
shot_0064,1504.6597,217.43,-297.14,668.44
shot_0064,1504.6677,215.61,-268.61,656.15
shot_0064,1504.6758,212.21,-241.36,649.74
shot_0064,1504.6838,209.64,-214.36,638.9
shot_0064,1504.6919,206.55,-186.12,627.55
shot_0064,1504.6999,204.46,-160.36,615.87
shot_0064,1504.716,198.62,-106.69,590.3
shot_0064,1504.724,195.76,-80.25,578.45
shot_0064,1504.7321,193.79,-54.36,563.85
shot_0064,1504.7401,191.1,-28.44,549.17
shot_0064,1504.7481,187.93,-2.46,530.24
shot_0064,1504.7642,182.81,48.62,497.08
shot_0064,1504.7723,179.51,72.92,485.64
shot_0064,1504.7803,176.6,97.89,466.44
shot_0064,1504.7883,173.69,122.99,446.65
shot_0064,1504.7964,171.36,147.41,424.32
shot_0064,1504.8044,168.93,172.06,407.95
shot_0064,1504.8125,165.98,197.28,381.14
shot_0064,1504.8205,162.73,221.99,358.74
shot_0064,1504.8366,157.36,268.62,317.45
shot_0064,1504.8446,154.16,291.55,295.35
shot_0064,1504.8527,151.03,315.21,268.66
shot_0064,1504.8607,148.37,337.01,250.92
shot_0064,1504.8687,145.26,360.65,222.31
shot_0064,1504.8768,143.06,385.54,190.69
shot_0064,1504.8848,139.07,403.85,173.7
shot_0064,1504.8929,137.19,426.33,147.49
shot_0064,1504.9009,132.79,447.18,120.02
shot_0064,1504.9089,129.49,470.5,92.58
shot_0064,1504.917,127.25,492.99,59.61
shot_0064,1504.925,123.23,511.04,42.13
shot_0064,1504.9411,124.17,562.41,67.59
shot_0064,1504.9572,122.66,610.44,118.08
shot_0064,1504.9652,123.72,635.7,136.99
shot_0064,1504.9733,121.9,658.72,162.61
shot_0064,1504.9813,121.3,680.66,186.89
shot_0064,1504.9893,121.47,700.72,213.81
shot_0064,1504.9974,120.69,722.72,230.7
shot_0064,1505.0054,120.46,750.19,245.78
shot_0064,1505.0135,120.13,770.15,268.51
shot_0064,1505.0295,118.22,819.89,299.57
shot_0064,1505.0376,118.01,841.98,315.0
shot_0064,1505.0456,117.54,864.6,329.04
shot_0064,1505.0537,116.98,885.55,345.38
shot_0064,1505.0617,115.13,909.05,359.11
shot_0064,1505.0697,114.2,932.09,369.56
shot_0064,1505.0778,113.92,955.7,378.16
shot_0064,1505.0858,112.29,975.82,392.87
shot_0064,1505.0939,110.87,998.87,401.62
shot_0064,1505.1019,109.65,1022.4,406.21
shot_0064,1505.118,107.37,1072.63,418.63
shot_0064,1505.126,106.74,1085.67,432.41
shot_0064,1505.1341,103.92,1108.08,438.02
shot_0064,1505.1421,103.35,1129.56,445.17
shot_0064,1505.1501,102.18,1153.35,448.1
shot_0064,1505.1582,101.93,1175.32,454.26
shot_0064,1505.1743,98.18,1213.6,468.85
shot_0065,1505.1823,96.6,1228.89,472.98
shot_0065,1505.1903,94.06,1202.83,480.67
shot_0065,1505.1984,92.41,1159.6,493.19
shot_0065,1505.2064,89.13,1105.12,508.94
shot_0065,1505.2145,88.04,1067.38,517.58
shot_0065,1505.2225,85.53,1027.74,524.73
shot_0065,1505.2305,83.41,983.53,535.72
shot_0065,1505.2466,77.37,895.34,556.77
shot_0065,1505.2547,75.12,854.13,564.6
shot_0065,1505.2627,73.38,817.88,567.93
shot_0065,1505.2707,71.53,773.94,576.38
shot_0065,1505.2788,68.65,728.87,584.7
shot_0065,1505.2949,62.8,647.02,590.16
shot_0065,1505.3029,61.08,605.71,595.44
shot_0065,1505.3109,58.08,566.12,594.98
shot_0065,1505.319,54.4,525.24,595.93
shot_0065,1505.3351,48.96,443.72,597.26
shot_0065,1505.3431,46.05,405.77,594.14
shot_0065,1505.3511,43.57,365.3,592.88
shot_0065,1505.3592,40.95,325.56,589.16
shot_0065,1505.3672,38.34,285.64,591.05
shot_0065,1505.3753,35.82,248.13,580.22
shot_0065,1505.3833,32.44,211.14,577.08
shot_0065,1505.3913,29.21,173.35,571.92
shot_0065,1505.3994,26.71,134.13,566.96
shot_0065,1505.4155,20.3,59.97,549.07
shot_0065,1505.4235,17.59,21.49,541.04
shot_0065,1505.4315,15.62,-15.9,534.15
shot_0065,1505.4396,12.97,-52.52,524.6
shot_0065,1505.4476,10.24,-87.92,513.95
shot_0065,1505.4557,5.89,-124.62,498.52
shot_0065,1505.4637,2.91,-162.18,484.91
shot_0065,1505.4717,1.35,-197.17,472.21
shot_0065,1505.4798,-3.21,-233.76,457.51
shot_0065,1505.4878,-5.65,-269.54,443.59
shot_0065,1505.4959,-9.63,-305.3,423.69
shot_0065,1505.5039,-11.93,-340.6,409.07
shot_0065,1505.52,-18.46,-411.71,371.41
shot_0065,1505.528,-21.27,-445.48,357.03
shot_0065,1505.5361,-25.7,-480.69,337.75
shot_0065,1505.5441,-28.73,-517.59,312.0
shot_0065,1505.5521,-31.47,-550.61,297.05
shot_0065,1505.5602,-36.28,-584.6,273.39
shot_0065,1505.5682,-37.67,-616.07,253.78
shot_0065,1505.5763,-42.3,-653.26,229.41
shot_0065,1505.5843,-45.22,-684.08,208.48
shot_0065,1505.6004,-50.72,-748.73,166.47
shot_0065,1505.6084,-55.65,-788.34,128.69
shot_0065,1505.6165,-59.82,-817.66,106.0
shot_0065,1505.6245,-62.59,-842.4,91.72
shot_0065,1505.6325,-66.08,-882.56,58.61
shot_0065,1505.6406,-66.87,-907.81,80.67
shot_0065,1505.6486,-67.4,-933.89,101.86
shot_0065,1505.6567,-64.88,-952.69,137.94
shot_0065,1505.6727,-65.57,-1000.86,183.41
shot_0065,1505.6808,-65.89,-1027.98,204.12
shot_0065,1505.6888,-67.49,-1059.49,215.58
shot_0065,1505.6969,-67.62,-1084.38,233.36
shot_0065,1505.7049,-68.84,-1105.81,254.15
shot_0065,1505.7129,-69.5,-1130.35,273.2
shot_0065,1505.721,-70.11,-1153.66,291.12
shot_0065,1505.729,-70.96,-1177.55,307.57
shot_0065,1505.7451,-72.34,-1224.34,335.8
shot_0065,1505.7531,-73.44,-1249.81,348.85
shot_0065,1505.7612,-73.81,-1271.12,361.67
shot_0065,1505.7692,-74.45,-1295.77,372.79
shot_0065,1505.7773,-75.08,-1320.19,382.24
shot_0065,1505.7853,-75.91,-1342.87,396.13
shot_0065,1505.7933,-76.53,-1363.86,407.42
shot_0065,1505.8014,-77.09,-1385.1,416.47
shot_0066,1505.8175,-79.29,-1403.2,429.96
shot_0066,1505.8255,-76.51,-1360.6,448.14
shot_0066,1505.8335,-74.25,-1319.86,458.66
shot_0066,1505.8416,-70.97,-1265.79,479.51
shot_0066,1505.8496,-68.21,-1227.77,487.53
shot_0066,1505.8577,-67.47,-1190.74,494.04
shot_0066,1505.8657,-62.46,-1140.56,509.24
shot_0066,1505.8737,-59.69,-1098.71,521.66
shot_0066,1505.8818,-57.61,-1065.32,525.46
shot_0066,1505.8979,-50.73,-976.54,547.6
shot_0066,1505.9059,-49.17,-937.63,554.56
shot_0066,1505.9139,-45.9,-899.96,557.78
shot_0066,1505.922,-41.86,-855.67,567.1
shot_0066,1505.93,-38.26,-814.14,573.1
shot_0066,1505.9381,-35.45,-776.05,575.64
shot_0066,1505.9541,-30.23,-695.92,578.88
shot_0066,1505.9622,-26.96,-660.06,578.01
shot_0066,1505.9702,-23.39,-616.2,585.11
shot_0066,1505.9783,-21.22,-581.29,580.56
shot_0066,1505.9863,-16.75,-544.57,577.27
shot_0066,1505.9944,-13.66,-503.22,578.84
shot_0066,1506.0024,-10.39,-466.31,576.63
shot_0066,1506.0104,-6.63,-426.88,577.27
shot_0066,1506.0265,0.17,-354.06,567.66
shot_0066,1506.0346,3.9,-317.73,563.89
shot_0066,1506.0426,6.49,-282.9,557.86
shot_0066,1506.0506,10.65,-245.4,549.33
shot_0066,1506.0587,13.7,-211.0,540.74
shot_0066,1506.0667,17.31,-177.61,530.24
shot_0066,1506.0748,21.46,-140.88,528.52
shot_0066,1506.0828,24.87,-105.57,516.56
shot_0066,1506.0989,32.25,-38.26,494.9
shot_0066,1506.1069,35.96,-4.03,481.17
shot_0066,1506.115,40.04,30.89,472.04
shot_0066,1506.123,43.77,63.25,456.38
shot_0066,1506.131,47.38,95.95,442.47
shot_0066,1506.1391,51.59,129.99,424.94
shot_0066,1506.1471,55.82,163.33,410.08
shot_0066,1506.1632,63.11,228.96,375.83
shot_0066,1506.1712,66.97,261.24,360.96
shot_0066,1506.1793,71.33,292.99,343.35
shot_0066,1506.1873,74.93,325.1,322.31
shot_0066,1506.1954,79.02,356.31,303.9
shot_0066,1506.2034,82.93,389.55,280.47
shot_0066,1506.2114,87.0,417.2,267.78
shot_0066,1506.2275,94.41,479.61,223.6
shot_0066,1506.2356,98.81,510.15,198.81
shot_0066,1506.2436,103.15,539.86,174.22
shot_0066,1506.2516,107.51,567.95,156.14
shot_0066,1506.2597,110.12,601.98,121.7
shot_0066,1506.2677,114.49,627.51,106.12
shot_0066,1506.2838,122.15,687.3,47.64
shot_0066,1506.2918,126.06,712.02,30.63
shot_0066,1506.2999,132.53,735.91,38.47
shot_0066,1506.3079,137.56,758.34,59.35
shot_0066,1506.316,142.68,776.48,85.48
shot_0066,1506.332,153.37,822.91,122.43
shot_0066,1506.3401,158.62,845.66,138.46
shot_0066,1506.3481,164.03,863.23,163.39
shot_0066,1506.3562,168.81,889.43,169.65
shot_0066,1506.3642,175.23,912.98,187.76
shot_0066,1506.3722,179.09,926.07,213.01
shot_0066,1506.3883,190.95,971.64,236.1
shot_0066,1506.3964,194.9,994.52,246.81
shot_0066,1506.4044,200.71,1011.39,263.85
shot_0066,1506.4124,206.72,1040.07,264.28
shot_0066,1506.4205,210.87,1051.72,284.8
shot_0066,1506.4285,217.49,1074.14,293.24
shot_0066,1506.4366,221.08,1091.15,306.52
shot_0066,1506.4446,226.96,1118.59,307.6
shot_0066,1506.4526,232.3,1133.7,317.8
shot_0066,1506.4687,242.92,1182.03,325.04
shot_0066,1506.4768,245.74,1192.89,339.91
shot_0066,1506.4848,251.9,1218.04,340.68
shot_0067,1506.5009,255.96,1233.78,352.59
shot_0067,1506.5089,244.56,1193.99,369.51
shot_0067,1506.525,225.49,1108.17,405.14
shot_0067,1506.533,214.72,1059.7,427.89
shot_0067,1506.5411,204.65,1021.24,440.9
shot_0067,1506.5491,194.61,989.87,446.2
shot_0067,1506.5572,185.11,946.37,466.15
shot_0067,1506.5652,176.02,905.04,481.98
shot_0067,1506.5732,165.34,863.91,494.63
shot_0067,1506.5813,155.29,828.56,502.22
shot_0067,1506.5893,144.51,790.32,509.97
shot_0067,1506.5974,134.56,749.5,520.54
shot_0067,1506.6054,125.2,711.35,528.45
shot_0067,1506.6215,104.39,637.92,537.58
shot_0067,1506.6295,94.17,596.46,545.5
shot_0067,1506.6376,83.75,560.26,547.93
shot_0067,1506.6456,72.98,519.7,554.7
shot_0067,1506.6536,63.06,479.56,562.06
shot_0067,1506.6617,52.9,446.47,556.38
shot_0067,1506.6697,44.01,406.85,561.88
shot_0067,1506.6778,34.03,368.59,563.73
shot_0067,1506.6858,23.46,332.64,560.93
shot_0067,1506.6938,13.64,296.36,564.59
shot_0067,1506.7019,3.81,256.83,564.2
shot_0067,1506.7099,-6.04,224.58,557.19
shot_0067,1506.726,-25.79,154.15,550.49
shot_0067,1506.734,-35.74,118.74,544.53
shot_0067,1506.7421,-45.39,84.82,537.9
shot_0067,1506.7582,-64.43,15.94,524.96
shot_0067,1506.7662,-74.96,-20.07,518.11
shot_0067,1506.7742,-84.06,-53.99,511.95
shot_0067,1506.7903,-103.07,-122.85,490.64
shot_0067,1506.7984,-114.35,-155.96,476.07
shot_0067,1506.8064,-122.06,-188.64,468.36
shot_0067,1506.8144,-133.32,-223.17,453.73
shot_0067,1506.8305,-152.65,-287.25,427.19
shot_0067,1506.8386,-161.95,-321.41,411.03
shot_0067,1506.8466,-172.85,-354.22,391.8
shot_0067,1506.8546,-181.96,-387.18,376.88
shot_0067,1506.8707,-201.31,-450.87,343.88
shot_0067,1506.8788,-212.27,-485.67,320.34
shot_0067,1506.8868,-219.52,-513.39,308.9
shot_0067,1506.8948,-231.9,-549.18,280.63
shot_0067,1506.9029,-242.4,-579.5,262.95
shot_0067,1506.919,-259.63,-641.64,223.32
shot_0067,1506.927,-269.86,-673.11,199.29
shot_0067,1506.935,-280.41,-704.2,176.29
shot_0067,1506.9511,-302.43,-770.83,120.16
shot_0067,1506.9592,-307.81,-794.1,101.56
shot_0067,1506.9752,-325.7,-850.38,76.65
shot_0067,1506.9833,-331.74,-877.27,96.08
shot_0067,1506.9994,-343.31,-928.67,141.34
shot_0067,1507.0074,-347.91,-951.96,158.17
shot_0067,1507.0154,-347.85,-967.83,192.18
shot_0067,1507.0235,-352.94,-991.88,210.85
shot_0067,1507.0315,-360.67,-1019.63,224.87
shot_0067,1507.0396,-360.96,-1034.23,252.94
shot_0067,1507.0556,-374.01,-1084.48,282.31
shot_0067,1507.0637,-378.8,-1107.76,299.91
shot_0067,1507.0717,-385.13,-1134.37,314.06
shot_0067,1507.0798,-391.03,-1155.09,328.93
shot_0067,1507.0878,-395.77,-1179.5,339.25
shot_0067,1507.1039,-407.27,-1225.91,359.1
shot_0067,1507.1119,-411.58,-1239.54,377.19
shot_0067,1507.12,-414.71,-1261.66,388.8
shot_0067,1507.128,-424.1,-1296.85,391.64
shot_0067,1507.136,-430.27,-1318.49,395.35
shot_0068,1514.4123,3.97,-1343.08,537.48
shot_0068,1514.4203,8.08,-1311.27,552.2
shot_0068,1514.4284,13.65,-1281.91,561.43
shot_0068,1514.4364,16.95,-1247.32,575.82
shot_0068,1514.4525,27.29,-1172.98,604.48
shot_0068,1514.4605,31.85,-1129.81,620.47
shot_0068,1514.4766,40.98,-1065.69,636.71
shot_0068,1514.4847,44.82,-1028.13,649.44
shot_0068,1514.4927,48.94,-988.36,662.61
shot_0068,1514.5007,52.32,-955.63,668.28
shot_0068,1514.5168,60.17,-884.79,685.35
shot_0068,1514.5249,64.25,-848.94,691.23
shot_0068,1514.5329,68.18,-814.27,698.68
shot_0068,1514.549,73.98,-746.28,707.26
shot_0068,1514.557,77.08,-712.53,709.59
shot_0068,1514.5651,80.06,-676.61,713.14
shot_0068,1514.5811,86.21,-609.31,715.1
shot_0068,1514.5972,90.65,-541.88,714.0
shot_0068,1514.6053,92.93,-509.47,713.06
shot_0068,1514.6133,95.19,-476.39,709.91
shot_0068,1514.6213,97.52,-443.37,708.63
shot_0068,1514.6374,101.54,-378.06,700.59
shot_0068,1514.6455,103.7,-345.56,695.28
shot_0068,1514.6535,105.98,-311.64,691.58
shot_0068,1514.6696,108.61,-248.75,681.91
shot_0068,1514.6776,109.46,-217.97,671.82
shot_0068,1514.6857,110.83,-187.42,665.52
shot_0068,1514.7017,114.16,-124.86,645.14
shot_0068,1514.7098,115.68,-94.12,633.86
shot_0068,1514.7259,117.34,-32.93,611.32
shot_0068,1514.7339,118.74,-2.13,599.69
shot_0068,1514.75,120.26,58.42,572.26
shot_0068,1514.758,119.93,89.26,555.09
shot_0068,1514.7741,120.48,146.67,522.17
shot_0068,1514.7821,122.4,175.14,508.23
shot_0068,1514.7902,122.38,203.57,492.2
shot_0068,1514.7982,122.92,233.1,470.64
shot_0068,1514.8143,122.74,289.25,438.84
shot_0068,1514.8223,123.24,320.23,409.96
shot_0068,1514.8384,122.43,375.7,373.61
shot_0068,1514.8465,122.53,402.7,350.99
shot_0068,1514.8545,121.88,428.31,327.96
shot_0068,1514.8625,121.25,456.3,307.26
shot_0068,1514.8786,120.68,508.51,263.92
shot_0068,1514.8867,119.62,536.97,236.27
shot_0068,1514.8947,119.41,561.76,212.98
shot_0068,1514.9108,116.72,615.95,156.77
shot_0068,1514.9188,117.73,636.12,140.82
shot_0068,1514.9269,114.9,666.92,102.6
shot_0068,1514.9349,114.66,694.59,71.51
shot_0068,1514.9429,114.29,712.22,56.94
shot_0068,1514.959,113.23,767.75,31.35
shot_0068,1514.9671,116.9,784.14,63.78
shot_0068,1514.9751,119.08,800.27,99.06
shot_0068,1514.9831,122.5,818.83,122.82
shot_0068,1514.9992,126.15,861.87,162.09
shot_0068,1515.0073,127.03,880.26,186.93
shot_0068,1515.0153,130.39,904.74,200.1
shot_0068,1515.0314,132.9,940.05,244.96
shot_0068,1515.0394,134.48,958.36,262.87
shot_0068,1515.0475,135.74,973.89,284.92
shot_0068,1515.0635,138.38,1016.91,309.99
shot_0068,1515.0716,139.44,1034.1,326.92
shot_0068,1515.0796,140.72,1059.54,333.65
shot_0068,1515.0957,141.77,1090.55,362.78
shot_0069,1515.8032,-19.49,-1571.07,516.05
shot_0069,1515.8193,-21.07,-1500.21,543.23
shot_0069,1515.8273,-21.01,-1458.34,553.99
shot_0069,1515.8434,-21.96,-1386.91,577.86
shot_0069,1515.8515,-21.79,-1345.91,594.56
shot_0069,1515.8595,-22.28,-1306.31,603.2
shot_0069,1515.8756,-23.77,-1239.11,621.58
shot_0069,1515.8836,-22.93,-1204.74,629.44
shot_0069,1515.8917,-23.22,-1171.17,636.71
shot_0069,1515.9078,-23.93,-1099.29,653.6
shot_0069,1515.9158,-24.48,-1064.56,660.4
shot_0069,1515.9238,-25.95,-1032.82,664.5
shot_0069,1515.9319,-25.86,-998.19,670.88
shot_0069,1515.9399,-27.8,-968.74,673.1
shot_0069,1515.956,-29.05,-898.35,684.53
shot_0069,1515.964,-29.3,-865.13,686.3
shot_0069,1515.9721,-31.52,-838.04,685.07
shot_0069,1515.9882,-32.57,-772.78,687.26
shot_0069,1515.9962,-33.93,-739.39,685.54
shot_0069,1516.0042,-34.99,-710.66,682.1
shot_0069,1516.0123,-37.61,-678.15,680.22
shot_0069,1516.0284,-39.03,-614.08,672.72
shot_0069,1516.0364,-40.19,-584.84,669.2
shot_0069,1516.0444,-42.26,-556.69,662.69
shot_0069,1516.0525,-43.48,-521.91,658.71
shot_0069,1516.0686,-45.66,-462.4,643.73
shot_0069,1516.0766,-46.98,-433.67,636.27
shot_0069,1516.0927,-49.94,-375.34,616.29
shot_0069,1516.1007,-50.97,-346.44,607.91
shot_0069,1516.1088,-52.38,-317.1,595.98
shot_0069,1516.1248,-55.0,-260.11,575.98
shot_0069,1516.1329,-57.19,-232.26,559.91
shot_0069,1516.1409,-58.54,-203.73,546.05
shot_0069,1516.157,-61.7,-148.15,517.95
shot_0069,1516.165,-63.47,-121.84,501.03
shot_0069,1516.1731,-64.75,-94.23,487.22
shot_0069,1516.1811,-67.78,-68.3,467.04
shot_0069,1516.1972,-71.38,-15.2,430.3
shot_0069,1516.2052,-73.14,10.83,412.28
shot_0069,1516.2133,-75.29,36.57,393.32
shot_0069,1516.2213,-76.27,63.62,369.8
shot_0069,1516.2294,-78.5,87.46,352.32
shot_0069,1516.2454,-82.82,138.55,304.87
shot_0069,1516.2535,-84.32,163.14,287.27
shot_0069,1516.2615,-85.89,186.47,263.47
shot_0069,1516.2696,-89.42,211.92,232.96
shot_0069,1516.2856,-91.55,259.43,190.64
shot_0069,1516.2937,-94.79,283.69,156.99
shot_0069,1516.3017,-95.94,305.55,139.27
shot_0069,1516.3098,-98.24,330.7,107.02
shot_0069,1516.3258,-101.92,373.31,58.87
shot_0069,1516.3339,-101.63,398.69,69.14
shot_0069,1516.3419,-100.05,428.16,91.76
shot_0069,1516.35,-95.79,454.26,121.49
shot_0069,1516.366,-94.71,507.55,155.65
shot_0069,1516.3741,-93.02,536.11,177.48
shot_0069,1516.3821,-91.47,562.26,196.78
shot_0069,1516.3902,-89.0,585.31,221.06
shot_0069,1516.4062,-88.08,642.15,247.65
shot_0069,1516.4143,-87.16,669.88,261.11
shot_0069,1516.4223,-84.65,691.94,279.43
shot_0069,1516.4304,-82.01,715.09,300.27
shot_0069,1516.4384,-82.74,745.79,307.92
shot_0069,1516.4545,-78.37,790.6,341.08
shot_0069,1516.4625,-78.5,819.97,345.6
shot_0069,1516.4706,-76.8,844.86,356.1
shot_0069,1516.4786,-75.63,867.5,368.12
shot_0069,1516.4866,-75.4,895.7,374.99
shot_0069,1516.5027,-72.15,941.15,394.45
shot_0069,1516.5108,-73.24,971.25,394.63
shot_0069,1516.5188,-72.91,994.78,398.67
shot_0069,1516.5268,-69.78,1011.44,414.02
shot_0069,1516.5349,-70.44,1036.12,417.53
shot_0069,1516.5429,-69.74,1061.94,419.56
shot_0069,1516.559,-67.86,1108.92,424.86
shot_0069,1516.567,-68.76,1138.32,420.86
shot_0069,1516.5751,-67.21,1164.37,422.16
shot_0070,1516.5831,-66.92,1176.76,432.05
shot_0070,1516.5912,-64.45,1155.42,443.05
shot_0070,1516.5992,-59.12,1115.9,455.51
shot_0070,1516.6072,-56.34,1079.24,465.96
shot_0070,1516.6233,-50.91,1007.57,485.46
shot_0070,1516.6314,-47.83,966.73,500.86
shot_0070,1516.6394,-44.25,929.64,510.68
shot_0070,1516.6474,-40.83,895.13,520.38
shot_0070,1516.6555,-37.79,859.0,526.65
shot_0070,1516.6635,-35.62,825.49,531.25
shot_0070,1516.6716,-30.71,784.76,543.51
shot_0070,1516.6876,-25.38,710.44,554.84
shot_0070,1516.6957,-22.09,675.51,559.16
shot_0070,1516.7037,-20.12,639.74,563.35
shot_0070,1516.7118,-16.76,602.18,564.67
shot_0070,1516.7198,-14.5,565.13,569.59
shot_0070,1516.7278,-12.63,534.47,567.49
shot_0070,1516.7359,-8.4,496.71,571.91
shot_0070,1516.752,-3.06,427.18,570.65
shot_0070,1516.76,-1.17,391.87,568.12
shot_0070,1516.768,2.01,356.97,566.96
shot_0070,1516.7761,3.87,323.54,564.15
shot_0070,1516.7841,6.28,288.07,560.02
shot_0070,1516.8002,10.63,220.13,549.4
shot_0070,1516.8082,12.99,188.39,545.21
shot_0070,1516.8163,15.03,153.87,538.63
shot_0070,1516.8243,17.1,119.94,528.94
shot_0070,1516.8324,19.65,86.19,522.25
shot_0070,1516.8404,21.84,51.66,512.57
shot_0070,1516.8565,25.51,-13.2,492.34
shot_0070,1516.8645,27.75,-44.03,480.73
shot_0070,1516.8726,29.98,-78.4,472.55
shot_0070,1516.8806,30.94,-108.28,455.28
shot_0070,1516.8967,34.84,-174.18,430.11
shot_0070,1516.9047,36.49,-204.99,416.61
shot_0070,1516.9128,37.87,-238.14,400.94
shot_0070,1516.9208,38.92,-270.69,382.3
shot_0070,1516.9288,40.71,-299.27,368.21
shot_0070,1516.9449,42.66,-363.94,329.03
shot_0070,1516.953,44.86,-394.43,308.68
shot_0070,1516.961,46.67,-423.94,290.07
shot_0070,1516.969,47.34,-454.28,272.62
shot_0070,1516.9851,49.84,-513.7,231.2
shot_0070,1516.9932,50.85,-544.69,209.87
shot_0070,1517.0012,51.2,-576.67,181.58
shot_0070,1517.0092,51.48,-606.88,155.87
shot_0070,1517.0173,52.56,-634.86,134.65
shot_0070,1517.0334,54.99,-694.24,81.15
shot_0070,1517.0414,55.98,-721.99,60.73
shot_0070,1517.0494,57.74,-749.1,63.97
shot_0070,1517.0575,63.19,-767.85,95.78
shot_0070,1517.0736,69.77,-815.22,137.8
shot_0070,1517.0816,73.91,-839.65,152.48
shot_0070,1517.0896,77.07,-856.99,182.91
shot_0070,1517.1057,84.49,-909.4,211.44
shot_0070,1517.1138,88.92,-926.32,237.94
shot_0070,1517.1218,91.41,-948.77,255.82
shot_0070,1517.1298,95.28,-968.44,270.4
shot_0070,1517.1379,99.36,-995.86,280.88
shot_0070,1517.1459,102.49,-1012.15,301.52
shot_0070,1517.162,109.2,-1057.83,328.36
shot_0070,1517.17,113.23,-1081.78,340.19
shot_0070,1517.1781,116.18,-1096.99,358.06
shot_0070,1517.1861,118.76,-1114.45,372.22
shot_0070,1517.2022,125.68,-1162.85,385.25
shot_0070,1517.2102,129.16,-1182.15,395.96
shot_0070,1517.2183,131.5,-1202.11,401.69
shot_0070,1517.2263,135.44,-1220.3,410.92
shot_0070,1517.2344,136.83,-1242.17,417.02
shot_0070,1517.2424,141.37,-1259.3,424.89
shot_0070,1517.2504,143.58,-1285.53,426.79
shot_0070,1517.2665,148.97,-1337.28,427.27
shot_0070,1517.2746,150.26,-1346.17,438.06
shot_0070,1517.2826,151.76,-1375.88,432.11
shot_0070,1517.2906,154.26,-1388.28,439.56
shot_0071,1517.2987,157.86,-1406.82,440.93
shot_0071,1517.3067,159.13,-1394.95,451.28
shot_0071,1517.3228,162.59,-1329.74,474.4
shot_0071,1517.3308,164.2,-1285.83,493.41
shot_0071,1517.3389,165.63,-1245.76,510.96
shot_0071,1517.3469,166.7,-1216.47,518.48
shot_0071,1517.355,169.31,-1183.99,526.01
shot_0071,1517.371,172.0,-1110.38,547.74
shot_0071,1517.3791,173.01,-1075.21,558.78
shot_0071,1517.3871,175.72,-1042.18,564.62
shot_0071,1517.4032,177.56,-972.81,580.74
shot_0071,1517.4112,180.0,-941.93,584.68
shot_0071,1517.4193,180.8,-905.73,593.44
shot_0071,1517.4273,181.98,-874.65,595.11
shot_0071,1517.4354,184.01,-841.89,598.63
shot_0071,1517.4514,187.28,-777.57,599.83
shot_0071,1517.4595,187.73,-741.44,605.08
shot_0071,1517.4675,188.85,-707.38,606.5
shot_0071,1517.4756,190.74,-677.29,601.46
shot_0071,1517.4836,192.48,-646.36,599.99
shot_0071,1517.4916,193.56,-612.57,599.72
shot_0071,1517.5077,195.93,-550.47,592.55
shot_0071,1517.5158,197.52,-515.21,591.78
shot_0071,1517.5238,198.79,-485.65,585.65
shot_0071,1517.5318,199.48,-454.79,578.72
shot_0071,1517.5399,201.3,-421.25,575.37
shot_0071,1517.5479,202.35,-390.9,569.72
shot_0071,1517.564,205.67,-329.18,550.68
shot_0071,1517.572,206.34,-296.43,542.98
shot_0071,1517.5801,206.64,-267.95,539.17
shot_0071,1517.5881,209.04,-238.49,525.4
shot_0071,1517.6042,211.27,-178.45,504.31
shot_0071,1517.6122,212.57,-148.77,491.98
shot_0071,1517.6203,213.68,-119.56,479.55
shot_0071,1517.6283,215.24,-90.3,464.57
shot_0071,1517.6364,215.77,-61.5,452.93
shot_0071,1517.6444,216.97,-32.48,436.57
shot_0071,1517.6605,218.78,23.41,401.95
shot_0071,1517.6685,220.95,51.81,389.09
shot_0071,1517.6766,222.67,80.66,367.66
shot_0071,1517.6846,223.11,108.41,348.64
shot_0071,1517.6926,223.28,136.22,330.31
shot_0071,1517.7007,225.24,164.74,310.18
shot_0071,1517.7168,225.76,218.87,273.67
shot_0071,1517.7248,226.57,246.06,250.17
shot_0071,1517.7328,228.2,272.33,229.43
shot_0071,1517.7409,229.52,296.55,206.22
shot_0071,1517.7489,229.74,324.75,180.15
shot_0071,1517.757,230.07,350.37,160.2
shot_0071,1517.773,232.02,402.57,106.8
shot_0071,1517.7811,231.8,428.92,80.48
shot_0071,1517.7891,232.5,451.88,61.98
shot_0071,1517.7972,233.07,478.61,30.21
shot_0071,1517.8052,237.25,505.01,60.18
shot_0071,1517.8213,243.14,538.99,79.06
shot_0071,1517.8293,248.0,561.8,99.15
shot_0071,1517.8374,250.73,581.0,123.26
shot_0071,1517.8454,255.0,599.2,145.73
shot_0071,1517.8534,258.82,621.16,163.43
shot_0071,1517.8695,266.96,659.07,196.68
shot_0071,1517.8776,270.69,677.25,216.45
shot_0071,1517.8856,273.49,694.55,236.52
shot_0071,1517.8936,276.9,716.38,247.88
shot_0071,1517.9017,281.59,734.76,264.16
shot_0071,1517.9097,284.76,751.97,281.79
shot_0071,1517.9178,288.85,775.21,289.52
shot_0071,1517.9338,295.76,811.42,317.13
shot_0071,1517.9419,299.44,832.91,324.85
shot_0071,1517.9499,301.81,848.8,338.96
shot_0071,1517.958,305.81,870.92,343.5
shot_0071,1517.966,310.19,890.4,350.8
shot_0071,1517.974,312.58,907.47,361.14
shot_0071,1517.9821,314.81,919.1,388.93
shot_0071,1517.9982,322.35,962.61,380.64
shot_0071,1518.0062,325.38,978.75,387.82
shot_0071,1518.0142,327.13,994.62,394.04
shot_0071,1518.0223,330.87,1014.17,395.17
shot_0071,1518.0303,333.77,1035.85,394.81
shot_0071,1518.0384,336.01,1050.22,398.85
shot_0071,1518.0544,342.39,1087.27,400.93
shot_0072,1518.6414,-39.25,-1467.52,370.42
shot_0072,1518.6494,-39.21,-1423.36,381.06
shot_0072,1518.6575,-42.03,-1384.02,387.09
shot_0072,1518.6655,-42.99,-1333.7,400.26
shot_0072,1518.6735,-46.37,-1291.9,405.41
shot_0072,1518.6816,-46.42,-1240.7,416.79
shot_0072,1518.6977,-50.55,-1164.16,424.85
shot_0072,1518.7057,-52.36,-1128.55,423.77
shot_0072,1518.7137,-54.25,-1087.12,430.13
shot_0072,1518.7218,-53.47,-1037.76,442.54
shot_0072,1518.7298,-55.19,-997.21,442.35
shot_0072,1518.7379,-57.65,-954.24,443.16
shot_0072,1518.7539,-59.29,-875.61,444.02
shot_0072,1518.762,-61.08,-836.67,439.72
shot_0072,1518.77,-61.94,-791.88,442.0
shot_0072,1518.7781,-62.13,-752.07,440.57
shot_0072,1518.7861,-63.25,-712.52,435.44
shot_0072,1518.7941,-64.74,-675.48,428.03
shot_0072,1518.8022,-63.84,-628.51,435.5
shot_0072,1518.8183,-67.49,-557.28,417.96
shot_0072,1518.8263,-68.24,-514.12,418.24
shot_0072,1518.8343,-70.11,-477.55,409.84
shot_0072,1518.8424,-70.18,-435.85,405.82
shot_0072,1518.8504,-70.21,-397.59,396.7
shot_0072,1518.8585,-71.25,-359.43,388.34
shot_0072,1518.8745,-72.22,-286.52,362.46
shot_0072,1518.8826,-73.39,-250.67,349.8
shot_0072,1518.8906,-75.13,-213.84,341.72
shot_0072,1518.8987,-74.97,-174.53,335.9
shot_0072,1518.9067,-75.83,-142.05,320.8
shot_0072,1518.9147,-75.95,-104.24,312.82
shot_0072,1518.9308,-78.18,-33.14,272.8
shot_0072,1518.9389,-78.34,3.32,262.84
shot_0072,1518.9469,-79.22,37.82,243.19
shot_0072,1518.9549,-78.39,71.71,229.33
shot_0072,1518.963,-79.58,107.32,203.11
shot_0072,1518.971,-80.64,142.86,184.47
shot_0072,1518.9791,-80.38,174.14,167.18
shot_0072,1518.9951,-82.18,242.64,128.06
shot_0072,1519.0032,-81.94,276.47,105.44
shot_0072,1519.0112,-82.24,307.31,92.56
shot_0072,1519.0193,-82.47,339.95,69.32
shot_0072,1519.0273,-83.02,373.05,52.26
shot_0072,1519.0353,-82.05,405.08,64.47
shot_0072,1519.0434,-78.5,433.11,88.01
shot_0072,1519.0595,-73.21,485.56,133.21
shot_0072,1519.0675,-72.33,522.47,134.57
shot_0072,1519.0755,-70.04,551.08,151.26
shot_0072,1519.0836,-67.74,577.63,170.19
shot_0072,1519.0916,-64.92,605.06,182.52
shot_0072,1519.0997,-63.02,635.86,189.37
shot_0072,1519.1077,-58.75,661.61,208.74
shot_0072,1519.1157,-58.53,692.4,211.55
shot_0072,1519.1318,-53.93,747.32,233.23
shot_0072,1519.1399,-52.41,774.53,246.03
shot_0072,1519.1479,-50.0,803.69,251.11
shot_0072,1519.1559,-46.49,824.31,270.25
shot_0072,1519.164,-45.28,859.82,263.64
shot_0072,1519.172,-44.02,883.68,271.53
shot_0072,1519.1801,-41.23,906.05,281.61
shot_0072,1519.1881,-38.78,934.34,283.62
shot_0072,1519.2042,-35.72,990.81,291.38
shot_0072,1519.2122,-33.72,1018.43,290.43
shot_0072,1519.2203,-31.76,1038.15,295.35
shot_0072,1519.2283,-31.12,1068.08,295.46
shot_0072,1519.2363,-28.97,1106.35,292.57
shot_0072,1519.2605,-24.13,1171.79,286.35
shot_0072,1519.2685,-23.11,1187.31,294.36
shot_0073,1519.2765,-23.65,1177.27,299.09
shot_0073,1519.2846,-25.64,1141.19,318.66
shot_0073,1519.3007,-30.25,1076.63,353.03
shot_0073,1519.3167,-32.83,1003.57,391.31
shot_0073,1519.3248,-34.33,967.03,411.64
shot_0073,1519.3328,-37.35,934.26,422.23
shot_0073,1519.3409,-38.08,898.98,440.59
shot_0073,1519.3489,-40.31,864.16,454.27
shot_0073,1519.3569,-43.19,834.45,462.91
shot_0073,1519.373,-47.6,766.25,487.88
shot_0073,1519.3811,-50.71,732.95,496.7
shot_0073,1519.3891,-53.03,699.17,508.08
shot_0073,1519.3971,-56.08,665.96,517.59
shot_0073,1519.4052,-58.16,634.91,521.49
shot_0073,1519.4132,-61.9,602.41,526.75
shot_0073,1519.4293,-67.65,538.88,536.15
shot_0073,1519.4373,-70.11,505.05,544.54
shot_0073,1519.4454,-72.17,475.2,547.23
shot_0073,1519.4534,-74.92,443.19,551.74
shot_0073,1519.4615,-77.47,411.41,553.85
shot_0073,1519.4775,-83.79,348.97,554.68
shot_0073,1519.4856,-86.61,317.87,554.54
shot_0073,1519.4936,-90.85,287.04,552.38
shot_0073,1519.5017,-93.77,255.72,549.86
shot_0073,1519.5097,-95.53,225.18,551.87
shot_0073,1519.5177,-98.6,193.67,548.84
shot_0073,1519.5258,-100.46,163.67,548.6
shot_0073,1519.5419,-108.58,103.14,536.37
shot_0073,1519.5499,-111.26,72.12,529.81
shot_0073,1519.5579,-114.66,44.31,524.14
shot_0073,1519.566,-119.47,13.76,512.06
shot_0073,1519.574,-123.09,-15.37,504.73
shot_0073,1519.5821,-125.66,-45.09,498.08
shot_0073,1519.5981,-132.65,-102.28,478.06
shot_0073,1519.6062,-137.2,-132.56,464.61
shot_0073,1519.6142,-139.68,-160.18,453.09
shot_0073,1519.6223,-142.83,-188.14,441.96
shot_0073,1519.6303,-147.59,-217.16,427.35
shot_0073,1519.6383,-152.38,-246.02,409.62
shot_0073,1519.6464,-156.02,-272.42,398.74
shot_0073,1519.6544,-158.85,-299.77,384.52
shot_0073,1519.6705,-167.35,-355.68,349.55
shot_0073,1519.6785,-170.77,-383.99,332.1
shot_0073,1519.6866,-175.67,-410.01,313.08
shot_0073,1519.6946,-179.62,-439.48,292.51
shot_0073,1519.7027,-182.05,-462.74,279.09
shot_0073,1519.7107,-186.09,-490.8,256.98
shot_0073,1519.7187,-191.01,-517.95,236.19
shot_0073,1519.7348,-200.15,-572.35,187.68
shot_0073,1519.7429,-204.18,-598.89,170.48
shot_0073,1519.7509,-207.66,-621.02,149.56
shot_0073,1519.7589,-213.45,-651.32,116.79
shot_0073,1519.767,-217.06,-673.24,97.7
shot_0073,1519.775,-220.18,-698.36,74.66
shot_0073,1519.7831,-222.11,-721.49,81.05
shot_0073,1519.7991,-224.43,-767.45,127.35
shot_0073,1519.8072,-222.41,-785.25,156.86
shot_0073,1519.8152,-225.85,-810.77,168.77
shot_0073,1519.8233,-227.29,-833.57,187.77
shot_0073,1519.8313,-228.74,-857.3,204.04
shot_0073,1519.8393,-227.58,-873.7,229.98
shot_0073,1519.8474,-228.19,-894.58,246.26
shot_0073,1519.8635,-230.46,-938.24,281.79
shot_0073,1519.8715,-233.28,-959.44,294.74
shot_0073,1519.8795,-233.65,-977.47,312.4
shot_0073,1519.8876,-234.86,-999.93,325.63
shot_0073,1519.8956,-237.38,-1023.88,332.73
shot_0073,1519.9037,-239.35,-1048.47,343.56
shot_0073,1519.9117,-238.67,-1064.7,359.45
shot_0073,1519.9278,-241.3,-1098.7,389.96
shot_0073,1519.9358,-244.07,-1121.73,395.38
shot_0073,1519.9439,-247.47,-1147.19,398.37
shot_0073,1519.9519,-248.81,-1167.1,407.28
shot_0073,1519.9599,-248.93,-1187.06,412.06
shot_0073,1519.968,-249.65,-1203.25,420.88
shot_0073,1519.9841,-256.42,-1257.02,421.91
shot_0073,1519.9921,-259.7,-1283.19,421.63
shot_0073,1520.0001,-261.02,-1296.82,428.53
shot_0073,1520.0082,-262.55,-1316.31,433.16
shot_0073,1520.0243,-265.27,-1352.31,442.94
shot_0074,1520.0403,-267.15,-1376.97,447.42
shot_0074,1520.0484,-260.64,-1342.36,458.66
shot_0074,1520.0645,-241.92,-1257.38,488.98
shot_0074,1520.0725,-233.44,-1219.93,499.47
shot_0074,1520.0805,-225.27,-1184.53,509.4
shot_0074,1520.0886,-217.21,-1144.02,521.05
shot_0074,1520.0966,-209.43,-1101.73,532.23
shot_0074,1520.1127,-193.75,-1026.81,551.0
shot_0074,1520.1207,-187.08,-991.8,558.98
shot_0074,1520.1288,-180.11,-955.73,565.04
shot_0074,1520.1368,-171.22,-917.22,576.06
shot_0074,1520.1529,-157.16,-846.94,580.94
shot_0074,1520.1609,-148.6,-805.77,587.83
shot_0074,1520.169,-141.97,-772.93,589.68
shot_0074,1520.177,-134.15,-736.55,593.08
shot_0074,1520.1851,-125.67,-697.88,596.18
shot_0074,1520.1931,-119.82,-665.83,592.97
shot_0074,1520.2011,-112.49,-631.39,592.33
shot_0074,1520.2172,-99.8,-563.25,588.09
shot_0074,1520.2253,-92.23,-527.13,588.84
shot_0074,1520.2333,-85.92,-494.26,583.58
shot_0074,1520.2413,-79.69,-462.05,578.27
shot_0074,1520.2494,-72.26,-426.57,575.58
shot_0074,1520.2574,-65.32,-393.29,570.08
shot_0074,1520.2655,-60.05,-361.57,557.77
shot_0074,1520.2735,-52.69,-329.48,557.75
shot_0074,1520.2896,-41.64,-267.06,534.04
shot_0074,1520.2976,-35.06,-235.67,526.1
shot_0074,1520.3057,-27.83,-202.57,518.53
shot_0074,1520.3137,-22.04,-172.1,506.71
shot_0074,1520.3217,-17.08,-143.75,495.6
shot_0074,1520.3378,-4.92,-82.27,469.73
shot_0074,1520.3459,1.14,-51.81,456.15
shot_0074,1520.3539,6.48,-23.54,440.24
shot_0074,1520.3619,12.36,5.9,425.86
shot_0074,1520.378,23.73,63.63,389.77
shot_0074,1520.3861,29.5,92.21,376.56
shot_0074,1520.3941,34.37,121.42,352.68
shot_0074,1520.4021,39.42,150.14,333.85
shot_0074,1520.4182,50.31,204.92,294.51
shot_0074,1520.4263,55.35,232.32,277.61
shot_0074,1520.4343,60.37,260.7,251.86
shot_0074,1520.4423,65.33,288.04,229.7
shot_0074,1520.4504,71.04,314.2,210.16
shot_0074,1520.4665,80.41,363.91,167.73
shot_0074,1520.4745,85.36,393.53,136.09
shot_0074,1520.4825,89.87,416.92,115.18
shot_0074,1520.4906,94.6,446.92,77.62
shot_0074,1520.4986,99.39,471.41,54.95
shot_0074,1520.5067,103.85,495.12,33.8
shot_0074,1520.5147,109.83,518.09,49.42
shot_0074,1520.5388,132.98,586.62,111.15
shot_0074,1520.5469,141.66,608.92,129.85
shot_0074,1520.5549,146.81,628.04,152.97
shot_0074,1520.5629,155.73,652.67,167.02
shot_0074,1520.579,170.88,693.65,204.3
shot_0074,1520.5871,176.63,713.09,222.01
shot_0074,1520.5951,184.17,735.98,236.74
shot_0074,1520.6031,191.33,756.01,251.58
shot_0074,1520.6112,198.47,778.78,263.98
shot_0074,1520.6192,206.49,800.51,276.27
shot_0074,1520.6273,213.34,822.13,290.22
shot_0074,1520.6353,220.4,843.02,298.67
shot_0074,1520.6514,233.3,883.51,320.51
shot_0074,1520.6594,239.74,908.74,323.46
shot_0074,1520.6675,246.24,925.93,337.76
shot_0074,1520.6755,252.52,943.59,347.52
shot_0074,1520.6835,260.54,970.86,347.42
shot_0074,1520.6916,265.8,989.26,356.22
shot_0074,1520.6996,272.46,1004.99,365.38
shot_0074,1520.7157,285.63,1049.43,367.01
shot_0074,1520.7237,291.45,1066.53,372.55
shot_0074,1520.7318,297.69,1086.06,375.24
shot_0074,1520.7398,301.64,1104.77,377.2
shot_0074,1520.7479,309.99,1127.5,378.43
shot_0075,1521.978,207.74,1359.83,183.77
shot_0075,1522.0021,194.65,1255.4,238.71
shot_0075,1522.0102,189.71,1211.99,265.45
shot_0075,1522.0262,182.06,1144.17,295.01
shot_0075,1522.0343,176.69,1099.81,319.31
shot_0075,1522.0423,173.21,1066.07,334.35
shot_0075,1522.0504,169.85,1026.47,340.81
shot_0075,1522.0664,161.68,964.46,373.4
shot_0075,1522.0745,156.88,926.15,390.0
shot_0075,1522.0825,153.91,890.72,400.18
shot_0075,1522.0986,145.18,824.53,419.26
shot_0075,1522.1066,141.17,786.23,435.36
shot_0075,1522.1147,137.79,750.32,446.09
shot_0075,1522.1227,133.29,717.77,452.99
shot_0075,1522.1308,129.89,682.26,465.75
shot_0075,1522.1468,123.42,617.22,475.17
shot_0075,1522.1549,118.67,581.45,484.91
shot_0075,1522.1629,114.99,545.01,494.29
shot_0075,1522.179,108.65,481.59,502.71
shot_0075,1522.187,104.73,450.35,502.04
shot_0075,1522.1951,100.94,416.94,505.87
shot_0075,1522.2031,98.34,383.78,510.8
shot_0075,1522.2192,89.77,315.73,518.21
shot_0075,1522.2272,86.76,283.27,521.77
shot_0075,1522.2353,83.75,252.93,516.8
shot_0075,1522.2433,80.0,219.74,519.34
shot_0075,1522.2514,77.29,186.96,522.19
shot_0075,1522.2674,69.88,124.38,515.63
shot_0075,1522.2755,66.73,92.31,511.03
shot_0075,1522.2835,63.77,60.47,509.17
shot_0075,1522.2996,57.36,-2.58,503.75
shot_0075,1522.3076,53.88,-32.87,498.2
shot_0075,1522.3157,50.88,-64.67,495.24
shot_0075,1522.3237,47.88,-97.01,483.96
shot_0075,1522.3398,40.63,-158.11,475.69
shot_0075,1522.3478,37.77,-187.53,465.26
shot_0075,1522.3559,35.17,-219.05,456.95
shot_0075,1522.3639,31.55,-247.53,447.91
shot_0075,1522.38,25.64,-310.75,427.13
shot_0075,1522.388,22.57,-339.29,416.3
shot_0075,1522.3961,19.89,-367.6,404.78
shot_0075,1522.4122,12.96,-430.61,376.83
shot_0075,1522.4202,9.89,-461.21,365.0
shot_0075,1522.4363,4.1,-521.15,337.91
shot_0075,1522.4443,0.76,-550.64,322.21
shot_0075,1522.4524,-3.54,-580.78,306.46
shot_0075,1522.4684,-9.25,-639.47,275.2
shot_0075,1522.4765,-13.42,-669.31,256.12
shot_0075,1522.4845,-15.41,-699.16,237.32
shot_0075,1522.4926,-19.28,-730.58,216.93
shot_0075,1522.5086,-26.81,-788.64,182.68
shot_0075,1522.5167,-28.9,-818.14,161.06
shot_0075,1522.5247,-32.35,-843.72,147.37
shot_0075,1522.5408,-38.91,-904.52,102.6
shot_0075,1522.5488,-41.87,-931.74,83.98
shot_0075,1522.5569,-43.8,-961.23,65.35
shot_0075,1522.573,-43.99,-1004.9,95.66
shot_0075,1522.581,-43.3,-1025.34,111.61
shot_0075,1522.589,-43.82,-1045.24,129.36
shot_0075,1522.6051,-43.71,-1090.45,158.74
shot_0075,1522.6132,-43.7,-1109.23,177.62
shot_0075,1522.6212,-44.26,-1131.66,189.32
shot_0075,1522.6292,-42.59,-1146.23,209.6
shot_0075,1522.6373,-41.5,-1167.88,220.96
shot_0075,1522.6534,-42.08,-1209.87,243.61
shot_0075,1522.6614,-40.32,-1223.2,261.86
shot_0075,1522.6694,-40.83,-1239.09,273.62
shot_0075,1522.6775,-39.69,-1258.4,281.96
shot_0075,1522.6855,-39.77,-1275.67,293.88
shot_0075,1522.7016,-39.61,-1315.53,309.06
shot_0075,1522.7096,-40.66,-1331.42,316.35
shot_0075,1522.7177,-42.97,-1366.05,313.35
shot_0075,1522.7338,-39.59,-1391.68,331.2
shot_0075,1522.7418,-40.87,-1413.52,334.37
shot_0076,1526.5769,333.24,-1376.53,290.85
shot_0076,1526.585,338.92,-1352.19,306.92
shot_0076,1526.593,341.4,-1309.1,339.75
shot_0076,1526.601,344.86,-1276.52,362.2
shot_0076,1526.6171,354.86,-1227.42,391.26
shot_0076,1526.6252,359.15,-1199.08,405.73
shot_0076,1526.6332,361.84,-1164.68,428.86
shot_0076,1526.6412,366.09,-1137.79,444.61
shot_0076,1526.6493,370.44,-1108.95,457.27
shot_0076,1526.6573,374.82,-1080.0,471.34
shot_0076,1526.6654,377.58,-1047.36,489.08
shot_0076,1526.6734,381.36,-1021.66,499.12
shot_0076,1526.6895,386.89,-962.63,524.93
shot_0076,1526.6975,390.54,-937.14,532.55
shot_0076,1526.7056,393.86,-905.17,546.13
shot_0076,1526.7136,396.63,-879.79,552.15
shot_0076,1526.7216,400.53,-850.61,560.37
shot_0076,1526.7377,406.68,-795.27,574.04
shot_0076,1526.7458,409.22,-765.82,581.76
shot_0076,1526.7538,411.84,-736.12,590.31
shot_0076,1526.7618,414.1,-709.97,593.0
shot_0076,1526.7779,420.19,-655.79,597.13
shot_0076,1526.786,421.94,-626.87,602.52
shot_0076,1526.794,424.73,-599.34,604.31
shot_0076,1526.802,427.52,-574.77,602.11
shot_0076,1526.8101,430.49,-548.55,600.35
shot_0076,1526.8262,435.08,-494.19,599.71
shot_0076,1526.8342,436.43,-467.49,599.32
shot_0076,1526.8422,439.24,-442.39,593.67
shot_0076,1526.8503,441.57,-415.61,591.1
shot_0076,1526.8583,443.42,-389.53,586.93
shot_0076,1526.8664,444.65,-362.91,584.67
shot_0076,1526.8824,449.54,-312.11,570.09
shot_0076,1526.8905,451.65,-287.11,562.59
shot_0076,1526.8985,453.04,-261.43,556.26
shot_0076,1526.9066,454.61,-237.61,545.6
shot_0076,1526.9146,456.69,-212.86,534.39
shot_0076,1526.9226,458.2,-187.15,528.59
shot_0076,1526.9307,459.9,-162.78,517.19
shot_0076,1526.9468,462.3,-114.24,493.47
shot_0076,1526.9548,464.92,-89.76,478.69
shot_0076,1526.9628,465.02,-65.86,469.81
shot_0076,1526.9709,465.97,-41.82,454.9
shot_0076,1526.987,468.57,4.91,425.42
shot_0076,1527.003,470.3,51.56,394.57
shot_0076,1527.0111,470.76,75.04,379.42
shot_0076,1527.0272,474.34,120.51,341.22
shot_0076,1527.0352,471.9,142.18,332.2
shot_0076,1527.0432,474.84,164.34,308.33
shot_0076,1527.0513,475.26,186.38,288.51
shot_0076,1527.0674,475.35,229.63,250.01
shot_0076,1527.0754,476.29,248.77,231.25
shot_0076,1527.0834,476.47,271.63,206.93
shot_0076,1527.0915,477.58,293.11,180.45
shot_0076,1527.0995,478.05,312.56,161.03
shot_0076,1527.1156,477.34,351.77,117.68
shot_0076,1527.1236,479.17,373.24,86.5
shot_0076,1527.1317,479.71,392.26,62.35
shot_0076,1527.1397,478.7,410.34,39.7
shot_0076,1527.1478,478.79,430.04,14.34
shot_0076,1527.1638,479.19,474.31,49.58
shot_0076,1527.1719,478.49,499.34,72.03
shot_0076,1527.1799,480.62,520.92,90.5
shot_0076,1527.188,478.9,541.93,117.0
shot_0076,1527.204,479.59,590.91,148.54
shot_0076,1527.2201,477.72,632.29,188.29
shot_0076,1527.2282,477.57,655.43,205.84
shot_0076,1527.2362,477.11,676.67,222.65
shot_0076,1527.2442,475.75,697.12,242.12
shot_0076,1527.2523,475.75,719.06,255.16
shot_0076,1527.2684,474.42,764.15,279.51
shot_0076,1527.2764,476.28,791.77,282.89
shot_0076,1527.2844,473.27,807.3,304.15
shot_0076,1527.2925,473.67,832.15,308.73
shot_0076,1527.3086,471.92,876.6,326.57
shot_0076,1527.3166,470.55,893.56,336.05
shot_0076,1527.3246,471.1,920.24,338.09
shot_0076,1527.3327,468.8,939.47,347.66
shot_0076,1527.3407,469.4,966.03,347.14
shot_0076,1527.3488,466.78,983.74,355.86
shot_0076,1527.3568,467.92,1005.82,357.71
shot_0076,1527.3648,465.96,1028.16,360.08
shot_0076,1527.3809,463.05,1066.43,369.16
shot_0076,1527.389,463.36,1088.96,364.71
shot_0076,1527.397,460.26,1105.44,373.3
shot_0076,1527.405,457.48,1122.44,379.21
shot_0077,1528.0161,-25.92,-1468.93,386.34
shot_0077,1528.0241,-23.2,-1434.18,396.91
shot_0077,1528.0402,-21.18,-1372.57,410.35
shot_0077,1528.0482,-17.61,-1320.65,430.2
shot_0077,1528.0563,-14.06,-1285.02,441.37
shot_0077,1528.0724,-9.7,-1202.67,464.94
shot_0077,1528.0804,-8.11,-1167.64,470.66
shot_0077,1528.0884,-7.87,-1139.42,471.33
shot_0077,1528.1045,-3.92,-1058.32,490.29
shot_0077,1528.1126,-2.88,-1024.48,494.24
shot_0077,1528.1206,-1.5,-980.71,507.13
shot_0077,1528.1286,-1.33,-952.35,501.68
shot_0077,1528.1367,0.09,-917.0,505.11
shot_0077,1528.1528,1.13,-842.24,510.54
shot_0077,1528.1608,0.16,-807.12,509.66
shot_0077,1528.1688,-0.1,-771.3,510.4
shot_0077,1528.1849,0.2,-700.63,508.66
shot_0077,1528.193,-0.61,-668.91,505.31
shot_0077,1528.201,-0.06,-628.74,509.26
shot_0077,1528.2171,-2.0,-562.22,499.42
shot_0077,1528.2251,-2.94,-527.9,493.24
shot_0077,1528.2332,-3.94,-491.69,494.2
shot_0077,1528.2493,-7.44,-430.22,477.99
shot_0077,1528.2573,-7.83,-394.87,473.57
shot_0077,1528.2653,-9.46,-361.26,466.78
shot_0077,1528.2734,-10.53,-329.75,456.93
shot_0077,1528.2895,-14.3,-264.18,438.9
shot_0077,1528.2975,-17.23,-231.23,430.41
shot_0077,1528.3055,-20.42,-201.53,415.07
shot_0077,1528.3136,-20.97,-167.43,408.47
shot_0077,1528.3216,-23.52,-136.81,393.37
shot_0077,1528.3377,-28.91,-75.27,367.2
shot_0077,1528.3457,-31.08,-43.56,355.29
shot_0077,1528.3538,-34.89,-14.37,337.36
shot_0077,1528.3618,-37.93,16.24,320.54
shot_0077,1528.3699,-40.59,47.66,304.98
shot_0077,1528.3779,-44.0,78.21,284.1
shot_0077,1528.394,-49.89,137.96,250.65
shot_0077,1528.402,-53.18,165.71,234.08
shot_0077,1528.4101,-56.61,195.53,212.22
shot_0077,1528.4181,-60.89,226.44,188.04
shot_0077,1528.4261,-64.74,253.05,168.17
shot_0077,1528.4342,-68.4,280.52,149.12
shot_0077,1528.4503,-77.17,339.01,98.32
shot_0077,1528.4583,-80.34,368.07,76.6
shot_0077,1528.4663,-85.35,395.2,53.48
shot_0077,1528.4744,-89.04,421.89,46.5
shot_0077,1528.4824,-88.45,442.48,83.78
shot_0077,1528.4985,-92.65,494.24,114.18
shot_0077,1528.5065,-94.37,518.5,128.35
shot_0077,1528.5146,-94.56,540.98,154.02
shot_0077,1528.5226,-98.4,568.89,161.4
shot_0077,1528.5307,-99.97,589.02,181.98
shot_0077,1528.5387,-101.85,612.91,197.85
shot_0077,1528.5467,-102.01,634.68,214.66
shot_0077,1528.5548,-105.7,659.26,224.08
shot_0077,1528.5709,-110.82,705.84,251.76
shot_0077,1528.5789,-114.5,729.63,263.41
shot_0077,1528.5869,-116.08,751.6,275.81
shot_0077,1528.595,-118.89,772.24,285.68
shot_0077,1528.603,-121.97,796.24,294.04
shot_0077,1528.6111,-124.1,816.3,308.9
shot_0077,1528.6191,-127.25,840.23,315.73
shot_0077,1528.6271,-130.57,866.36,317.12
shot_0077,1528.6432,-136.92,908.52,332.91
shot_0077,1528.6513,-140.33,932.28,336.36
shot_0077,1528.6593,-144.56,956.61,337.47
shot_0077,1528.6673,-146.85,973.88,348.68
shot_0077,1528.6754,-151.42,998.59,344.18
shot_0077,1528.6834,-155.21,1017.87,350.43
shot_0077,1528.6915,-159.01,1043.48,348.83
shot_0077,1528.6995,-161.89,1058.07,357.46
shot_0077,1528.7075,-166.42,1081.44,352.32
shot_0078,1528.7317,-171.15,1090.73,364.26
shot_0078,1528.7397,-166.83,1052.42,373.45
shot_0078,1528.7477,-158.92,998.95,397.74
shot_0078,1528.7558,-154.38,955.45,410.15
shot_0078,1528.7638,-150.49,910.84,419.82
shot_0078,1528.7719,-145.65,867.63,428.09
shot_0078,1528.7799,-140.95,823.53,440.82
shot_0078,1528.7879,-134.47,775.29,454.49
shot_0078,1528.796,-131.76,734.7,459.01
shot_0078,1528.804,-125.22,686.96,474.38
shot_0078,1528.8201,-117.42,598.98,487.13
shot_0078,1528.8281,-115.74,559.97,485.98
shot_0078,1528.8362,-109.22,515.02,498.24
shot_0078,1528.8442,-105.66,471.69,498.26
shot_0078,1528.8523,-101.9,428.59,500.24
shot_0078,1528.8603,-98.04,386.42,505.98
shot_0078,1528.8683,-94.74,346.15,506.29
shot_0078,1528.8764,-91.19,302.43,510.06
shot_0078,1528.8925,-84.56,221.61,512.11
shot_0078,1528.9005,-82.17,181.48,505.21
shot_0078,1528.9085,-80.38,142.38,498.93
shot_0078,1528.9166,-76.23,99.48,503.39
shot_0078,1528.9246,-73.23,59.25,496.38
shot_0078,1528.9327,-71.2,20.08,488.3
shot_0078,1528.9407,-67.75,-19.31,485.0
shot_0078,1528.9487,-65.05,-57.89,481.7
shot_0078,1528.9648,-59.47,-137.06,469.99
shot_0078,1528.9729,-57.93,-173.77,455.39
shot_0078,1528.9809,-55.62,-213.15,449.95
shot_0078,1528.9889,-53.29,-251.6,436.36
shot_0078,1528.997,-49.37,-289.23,431.6
shot_0078,1529.0131,-46.05,-364.84,404.08
shot_0078,1529.0211,-43.34,-403.47,388.56
shot_0078,1529.0291,-40.86,-439.35,378.53
shot_0078,1529.0372,-39.53,-478.26,365.06
shot_0078,1529.0452,-37.48,-515.65,346.68
shot_0078,1529.0533,-36.55,-552.99,329.03
shot_0078,1529.0693,-32.72,-627.76,298.81
shot_0078,1529.0774,-30.81,-661.39,282.99
shot_0078,1529.0854,-30.05,-701.18,259.28
shot_0078,1529.0935,-28.24,-736.2,243.1
shot_0078,1529.1015,-27.31,-768.96,225.46
shot_0078,1529.1095,-24.07,-805.23,203.94
shot_0078,1529.1176,-23.32,-841.95,180.89
shot_0078,1529.1337,-22.04,-914.82,133.18
shot_0078,1529.1417,-19.69,-947.9,115.15
shot_0078,1529.1497,-19.04,-982.28,89.68
shot_0078,1529.1578,-18.18,-1012.54,72.17
shot_0078,1529.1658,-16.3,-1049.18,64.56
shot_0078,1529.1739,-10.28,-1063.48,102.01
shot_0078,1529.1819,-10.61,-1096.03,119.51
shot_0078,1529.1899,-7.68,-1129.55,133.58
shot_0078,1529.206,-2.53,-1182.98,173.94
shot_0078,1529.2141,0.2,-1207.16,193.15
shot_0078,1529.2221,1.86,-1238.28,208.61
shot_0078,1529.2301,3.19,-1257.16,231.99
shot_0078,1529.2462,6.41,-1319.96,252.58
shot_0078,1529.2543,10.38,-1332.52,278.03
shot_0078,1529.2623,11.15,-1366.54,279.19
shot_0078,1529.2703,14.89,-1382.22,300.77
shot_0078,1529.2784,15.96,-1419.79,306.46
shot_0078,1529.2864,15.93,-1447.23,315.25
shot_0078,1529.2945,16.81,-1475.66,322.51
shot_0079,1529.3105,20.11,-1506.62,348.69
shot_0079,1529.3186,14.58,-1477.89,358.84
shot_0079,1529.3266,12.77,-1433.85,377.3
shot_0079,1529.3347,9.68,-1386.64,395.81
shot_0079,1529.3427,7.67,-1339.43,411.67
shot_0079,1529.3588,-1.35,-1262.53,430.73
shot_0079,1529.3668,-4.75,-1217.0,442.62
shot_0079,1529.3749,-8.74,-1172.7,456.9
shot_0079,1529.3909,-13.6,-1092.01,476.27
shot_0079,1529.399,-17.27,-1056.53,479.64
shot_0079,1529.407,-20.54,-1016.45,487.77
shot_0079,1529.4151,-23.43,-973.56,495.2
shot_0079,1529.4231,-26.86,-934.21,498.69
shot_0079,1529.4392,-32.21,-850.62,512.52
shot_0079,1529.4472,-34.52,-810.56,515.96
shot_0079,1529.4553,-37.6,-770.36,520.03
shot_0079,1529.4633,-38.93,-730.7,523.17
shot_0079,1529.4794,-44.53,-647.28,530.49
shot_0079,1529.4874,-47.07,-607.35,533.58
shot_0079,1529.4955,-50.19,-571.78,526.18
shot_0079,1529.5035,-52.11,-529.19,529.81
shot_0079,1529.5115,-52.75,-492.58,528.08
shot_0079,1529.5276,-58.04,-417.8,518.69
shot_0079,1529.5357,-59.45,-376.85,519.63
shot_0079,1529.5437,-62.26,-341.34,509.58
shot_0079,1529.5517,-64.1,-305.66,504.26
shot_0079,1529.5598,-65.26,-265.97,502.33
shot_0079,1529.5678,-68.09,-231.48,493.74
shot_0079,1529.5759,-69.05,-195.48,487.73
shot_0079,1529.5839,-70.6,-156.42,477.88
shot_0079,1529.6,-73.81,-86.27,460.73
shot_0079,1529.608,-75.48,-51.95,449.6
shot_0079,1529.6161,-76.57,-14.83,438.51
shot_0079,1529.6241,-78.3,17.81,427.81
shot_0079,1529.6321,-80.33,53.53,412.71
shot_0079,1529.6402,-80.26,87.5,398.98
shot_0079,1529.6482,-81.69,121.02,387.42
shot_0079,1529.6563,-83.28,155.55,369.3
shot_0079,1529.6643,-84.28,189.63,355.86
shot_0079,1529.6804,-86.49,257.3,324.55
shot_0079,1529.6884,-87.03,288.04,309.86
shot_0079,1529.6965,-88.29,321.52,290.5
shot_0079,1529.7045,-89.5,355.44,268.1
shot_0079,1529.7125,-90.08,386.71,250.13
shot_0079,1529.7206,-91.3,418.9,231.38
shot_0079,1529.7286,-93.88,455.05,201.81
shot_0079,1529.7447,-95.52,519.17,155.25
shot_0079,1529.7527,-93.84,546.78,146.86
shot_0079,1529.7608,-95.49,579.06,118.84
shot_0079,1529.7688,-96.45,610.7,97.21
shot_0079,1529.7769,-96.6,638.85,74.72
shot_0079,1529.7849,-97.62,670.45,44.56
shot_0079,1529.7929,-96.5,698.87,43.78
shot_0079,1529.801,-92.68,722.25,65.99
shot_0079,1529.809,-92.83,754.19,85.02
shot_0079,1529.8171,-89.54,774.12,109.01
shot_0079,1529.8251,-88.76,803.49,119.73
shot_0079,1529.8331,-86.38,845.44,144.72
shot_0079,1529.8492,-84.54,886.42,166.36
shot_0079,1529.8573,-80.48,908.69,185.9
shot_0079,1529.8653,-78.73,927.73,206.72
shot_0079,1529.8733,-76.35,955.0,218.68
shot_0079,1529.8814,-75.89,979.94,227.98
shot_0079,1529.8894,-73.49,1001.35,246.0
shot_0079,1529.8975,-70.82,1026.97,257.46
shot_0079,1529.9055,-70.15,1053.37,265.01
shot_0079,1529.9135,-69.98,1079.3,272.39
shot_0079,1529.9296,-65.41,1129.17,287.32
shot_0079,1529.9377,-62.76,1145.19,300.81
shot_0079,1529.9457,-61.33,1169.47,310.49
shot_0080,1537.3345,262.18,-1556.44,257.67
shot_0080,1537.3426,264.9,-1527.76,274.12
shot_0080,1537.3506,266.51,-1477.33,303.24
shot_0080,1537.3667,275.24,-1412.48,336.19
shot_0080,1537.3747,277.48,-1366.63,359.51
shot_0080,1537.3828,281.82,-1328.63,380.16
shot_0080,1537.3908,287.4,-1295.07,393.39
shot_0080,1537.3988,289.15,-1256.58,409.42
shot_0080,1537.4069,291.33,-1217.23,427.22
shot_0080,1537.4149,295.01,-1184.37,438.27
shot_0080,1537.431,301.4,-1107.52,468.39
shot_0080,1537.439,303.62,-1069.93,482.38
shot_0080,1537.4471,305.78,-1034.37,492.86
shot_0080,1537.4551,308.31,-1000.01,503.36
shot_0080,1537.4632,311.06,-962.45,513.78
shot_0080,1537.4792,315.66,-890.44,529.69
shot_0080,1537.4873,317.2,-852.25,540.4
shot_0080,1537.4953,319.23,-816.84,546.52
shot_0080,1537.5034,322.01,-784.28,547.65
shot_0080,1537.5194,326.02,-712.97,558.6
shot_0080,1537.5275,327.56,-680.72,558.74
shot_0080,1537.5355,328.74,-644.08,562.1
shot_0080,1537.5436,330.36,-610.51,563.66
shot_0080,1537.5516,332.26,-576.59,562.46
shot_0080,1537.5596,333.6,-543.3,560.7
shot_0080,1537.5677,333.32,-508.27,563.77
shot_0080,1537.5838,336.69,-442.13,558.57
shot_0080,1537.5918,337.24,-408.11,556.29
shot_0080,1537.5998,339.01,-376.93,548.5
shot_0080,1537.6079,339.18,-343.77,545.23
shot_0080,1537.6159,339.32,-309.92,542.52
shot_0080,1537.624,340.05,-278.43,538.96
shot_0080,1537.632,340.75,-245.7,529.62
shot_0080,1537.64,341.73,-214.23,521.21
shot_0080,1537.6481,341.77,-182.81,513.15
shot_0080,1537.6642,342.6,-120.15,493.15
shot_0080,1537.6722,342.44,-88.17,484.72
shot_0080,1537.6802,343.99,-57.28,472.16
shot_0080,1537.6883,343.7,-27.22,460.66
shot_0080,1537.6963,342.89,3.51,450.47
shot_0080,1537.7044,344.06,32.63,435.25
shot_0080,1537.7124,343.85,63.43,421.46
shot_0080,1537.7204,343.58,92.33,410.02
shot_0080,1537.7365,343.33,150.76,377.5
shot_0080,1537.7446,343.01,179.71,361.65
shot_0080,1537.7526,342.72,208.38,344.38
shot_0080,1537.7606,341.48,234.49,327.0
shot_0080,1537.7687,341.35,264.03,307.0
shot_0080,1537.7848,341.27,318.68,267.71
shot_0080,1537.7928,338.65,343.9,255.34
shot_0080,1537.8008,339.31,372.97,228.57
shot_0080,1537.8089,337.78,397.05,212.43
shot_0080,1537.8169,338.32,426.49,185.03
shot_0080,1537.825,336.11,452.54,165.9
shot_0080,1537.833,335.96,475.48,142.7
shot_0080,1537.841,335.62,504.85,115.98
shot_0080,1537.8571,333.33,554.73,68.38
shot_0080,1537.8652,333.79,580.8,38.95
shot_0080,1537.8732,330.71,603.09,20.35
shot_0080,1537.8812,330.52,629.5,27.36
shot_0080,1537.8893,330.28,657.8,49.01
shot_0080,1537.8973,329.51,683.73,67.07
shot_0080,1537.9054,328.07,709.8,93.13
shot_0080,1537.9134,326.21,738.84,111.93
shot_0080,1537.9214,325.8,766.34,125.7
shot_0080,1537.9375,322.65,813.78,174.92
shot_0080,1537.9456,320.71,841.25,187.02
shot_0080,1537.9536,320.0,867.07,205.31
shot_0080,1537.9616,319.44,895.88,215.15
shot_0080,1537.9697,316.11,915.63,235.49
shot_0080,1537.9858,314.37,972.79,256.42
shot_0080,1537.9938,312.74,996.74,265.59
shot_0080,1538.0018,310.65,1025.24,278.59
shot_0080,1538.0099,308.6,1049.85,287.37
shot_0080,1538.0179,306.57,1073.78,297.59
shot_0080,1538.034,301.82,1122.34,316.49
shot_0080,1538.042,302.13,1152.87,316.06
shot_0080,1538.0501,299.83,1177.01,324.14
shot_0080,1538.0581,297.59,1203.77,330.95
shot_0080,1538.0742,291.01,1241.14,350.53
shot_0080,1538.0823,289.73,1265.99,354.89
shot_0080,1538.0903,288.47,1300.33,353.16
shot_0080,1538.0983,285.29,1322.47,359.04
shot_0081,1538.1144,280.19,1354.3,372.29
shot_0081,1538.1225,271.76,1306.4,382.69
shot_0081,1538.1305,265.58,1256.56,393.43
shot_0081,1538.1466,253.09,1168.88,407.55
shot_0081,1538.1546,247.03,1128.03,408.79
shot_0081,1538.1627,239.32,1075.85,420.74
shot_0081,1538.1707,233.9,1029.17,431.37
shot_0081,1538.1787,229.0,987.73,439.86
shot_0081,1538.1868,223.43,943.2,448.13
shot_0081,1538.1948,217.99,893.49,460.39
shot_0081,1538.2109,208.02,814.86,461.04
shot_0081,1538.2189,202.02,764.53,474.46
shot_0081,1538.227,196.44,724.18,477.41
shot_0081,1538.235,191.88,683.4,478.11
shot_0081,1538.2431,186.6,639.69,483.86
shot_0081,1538.2511,181.42,598.64,485.72
shot_0081,1538.2672,170.5,512.33,489.92
shot_0081,1538.2752,165.87,473.31,487.86
shot_0081,1538.2833,162.45,431.05,489.86
shot_0081,1538.2913,158.25,391.08,487.39
shot_0081,1538.3074,147.12,305.8,491.21
shot_0081,1538.3154,142.33,266.28,490.61
shot_0081,1538.3235,138.18,227.07,485.39
shot_0081,1538.3315,134.5,188.11,483.01
shot_0081,1538.3395,130.35,148.36,481.05
shot_0081,1538.3556,120.73,68.3,469.28
shot_0081,1538.3637,116.8,28.25,467.5
shot_0081,1538.3797,109.14,-49.15,453.93
shot_0081,1538.3878,105.85,-84.99,447.88
shot_0081,1538.4039,97.46,-165.29,428.12
shot_0081,1538.4119,93.92,-202.27,420.07
shot_0081,1538.4199,90.95,-240.76,411.12
shot_0081,1538.428,87.53,-276.49,403.18
shot_0081,1538.436,83.71,-315.78,392.88
shot_0081,1538.4521,77.91,-390.15,368.01
shot_0081,1538.4601,74.27,-430.23,347.64
shot_0081,1538.4682,70.44,-465.01,344.45
shot_0081,1538.4762,67.17,-503.36,331.31
shot_0081,1538.4843,65.47,-536.14,323.82
shot_0081,1538.5003,58.45,-615.85,285.13
shot_0081,1538.5084,56.29,-649.96,272.24
shot_0081,1538.5164,53.29,-687.77,255.38
shot_0081,1538.5245,51.42,-720.28,246.33
shot_0081,1538.5405,46.0,-790.88,213.34
shot_0081,1538.5486,44.05,-830.57,191.17
shot_0081,1538.5566,42.19,-866.75,172.86
shot_0081,1538.5647,39.61,-896.01,165.22
shot_0081,1538.5807,35.21,-968.62,124.09
shot_0081,1538.5888,33.78,-1001.49,106.75
shot_0081,1538.5968,30.15,-1038.86,84.87
shot_0081,1538.6049,28.34,-1074.38,63.45
shot_0081,1538.6129,28.08,-1106.97,66.37
shot_0081,1538.6209,29.17,-1140.58,80.08
shot_0081,1538.629,30.46,-1162.52,107.19
shot_0081,1538.6451,30.01,-1217.28,140.41
shot_0081,1538.6531,32.8,-1242.02,162.3
shot_0081,1538.6611,32.75,-1272.88,174.71
shot_0081,1538.6692,33.02,-1299.49,191.04
shot_0081,1538.6772,33.08,-1331.91,197.38
shot_0081,1538.6853,33.56,-1359.43,207.85
shot_0081,1538.7013,37.31,-1409.25,236.17
shot_0081,1538.7094,36.7,-1429.28,251.02
shot_0081,1538.7174,37.97,-1469.74,251.53
shot_0081,1538.7255,37.8,-1491.39,263.1
shot_0081,1538.7335,38.47,-1522.32,270.11
shot_0082,1538.7496,40.3,-1557.86,293.21
shot_0082,1538.7657,43.77,-1475.66,319.94
shot_0082,1538.7737,44.09,-1440.9,322.1
shot_0082,1538.7817,45.59,-1393.75,333.81
shot_0082,1538.7898,46.43,-1348.07,342.77
shot_0082,1538.7978,48.01,-1310.61,347.06
shot_0082,1538.8059,50.77,-1261.38,360.08
shot_0082,1538.8139,51.49,-1225.24,361.34
shot_0082,1538.83,55.32,-1141.02,371.06
shot_0082,1538.838,56.18,-1099.2,377.64
shot_0082,1538.8461,58.11,-1058.21,379.44
shot_0082,1538.8541,60.03,-1012.5,387.24
shot_0082,1538.8621,62.52,-971.22,387.98
shot_0082,1538.8702,62.95,-936.81,384.05
shot_0082,1538.8782,66.77,-890.86,389.48
shot_0082,1538.8863,69.27,-850.96,388.57
shot_0082,1538.8943,70.15,-815.86,384.14
shot_0082,1538.9104,75.34,-734.72,383.66
shot_0082,1538.9184,78.37,-694.52,378.98
shot_0082,1538.9265,79.62,-656.0,375.63
shot_0082,1538.9345,82.29,-616.87,374.17
shot_0082,1538.9425,85.96,-577.48,368.58
shot_0082,1538.9506,88.7,-538.69,365.3
shot_0082,1538.9667,92.9,-463.38,355.61
shot_0082,1538.9747,96.16,-427.11,346.29
shot_0082,1538.9827,99.07,-387.95,336.84
shot_0082,1538.9908,102.23,-351.91,329.44
shot_0082,1538.9988,104.89,-313.27,322.64
shot_0082,1539.0069,107.99,-276.88,310.92
shot_0082,1539.0229,114.22,-204.25,291.16
shot_0082,1539.031,116.6,-168.78,277.02
shot_0082,1539.039,120.67,-133.53,262.51
shot_0082,1539.0471,123.49,-97.81,255.8
shot_0082,1539.0551,127.08,-62.8,240.27
shot_0082,1539.0631,130.92,-28.14,229.74
shot_0082,1539.0712,134.44,5.54,203.23
shot_0082,1539.0792,137.4,39.73,194.15
shot_0082,1539.0953,144.16,108.64,160.53
shot_0082,1539.1033,147.88,140.68,144.31
shot_0082,1539.1114,151.72,176.13,122.27
shot_0082,1539.1194,155.4,208.72,102.25
shot_0082,1539.1275,159.17,240.88,86.59
shot_0082,1539.1355,163.86,276.32,59.75
shot_0082,1539.1435,166.78,305.78,46.32
shot_0082,1539.1516,172.07,338.09,36.96
shot_0082,1539.1596,176.56,365.06,51.69
shot_0082,1539.1757,187.99,420.79,88.15
shot_0082,1539.1837,193.71,449.71,100.78
shot_0082,1539.1918,198.85,478.89,111.16
shot_0082,1539.1998,204.59,505.31,120.75
shot_0082,1539.2079,210.77,531.69,137.12
shot_0082,1539.2159,216.62,559.21,152.41
shot_0082,1539.2239,220.64,584.69,167.73
shot_0082,1539.24,232.63,641.63,177.95
shot_0082,1539.2481,238.08,666.68,191.62
shot_0082,1539.2561,243.19,691.74,200.19
shot_0082,1539.2641,248.53,715.97,211.42
shot_0082,1539.2802,259.42,772.57,218.47
shot_0082,1539.2883,264.94,798.82,221.42
shot_0082,1539.2963,270.12,821.39,234.01
shot_0082,1539.3043,275.43,847.22,236.07
shot_0082,1539.3124,279.77,870.95,241.03
shot_0082,1539.3204,287.09,901.78,254.25
shot_0082,1539.3365,297.26,949.02,243.44
shot_0082,1539.3445,300.0,973.78,243.43
shot_0082,1539.3526,306.58,992.19,249.98
shot_0082,1539.3606,312.68,1019.47,244.94
shot_0082,1539.3687,318.85,1046.15,239.08
shot_0082,1539.3767,322.17,1067.24,241.33
shot_0082,1539.3847,328.2,1092.89,237.68
shot_0082,1539.3928,332.92,1120.63,227.93
shot_0082,1539.4089,344.34,1169.82,215.75
shot_0082,1539.4169,348.12,1187.67,214.07
shot_0082,1539.4249,354.9,1215.81,202.05
shot_0083,1539.433,353.91,1215.16,209.04
shot_0083,1539.441,344.01,1175.05,223.2
shot_0083,1539.4491,334.47,1136.53,235.0
shot_0083,1539.4571,323.86,1099.07,246.36
shot_0083,1539.4732,303.2,1019.93,271.72
shot_0083,1539.4812,290.85,975.13,286.52
shot_0083,1539.4893,282.27,933.62,299.92
shot_0083,1539.4973,272.67,902.99,298.73
shot_0083,1539.5053,262.55,859.99,312.14
shot_0083,1539.5134,252.18,820.7,320.75
shot_0083,1539.5295,234.78,744.85,335.98
shot_0083,1539.5375,225.2,711.14,332.49
shot_0083,1539.5455,216.12,672.17,341.89
shot_0083,1539.5536,206.48,634.5,346.55
shot_0083,1539.5616,197.68,599.42,346.36
shot_0083,1539.5697,187.54,559.19,352.77
shot_0083,1539.5777,179.7,525.51,353.67
shot_0083,1539.5938,161.94,447.35,363.85
shot_0083,1539.6018,153.3,413.41,355.89
shot_0083,1539.6099,144.74,377.53,357.9
shot_0083,1539.6179,135.25,340.11,361.55
shot_0083,1539.6259,127.78,304.7,358.96
shot_0083,1539.634,119.44,268.13,351.83
shot_0083,1539.642,111.36,234.16,353.42
shot_0083,1539.6581,94.6,163.28,345.03
shot_0083,1539.6661,87.06,126.93,345.85
shot_0083,1539.6742,79.39,91.68,340.06
shot_0083,1539.6822,71.49,57.93,333.54
shot_0083,1539.6903,63.07,21.34,328.68
shot_0083,1539.6983,56.28,-12.56,317.95
shot_0083,1539.7063,47.64,-48.85,310.36
shot_0083,1539.7144,39.76,-83.33,303.57
shot_0083,1539.7224,32.02,-116.79,295.42
shot_0083,1539.7385,16.66,-185.35,272.98
shot_0083,1539.7465,9.41,-220.1,263.68
shot_0083,1539.7546,2.28,-254.36,258.44
shot_0083,1539.7626,-6.44,-288.56,242.17
shot_0083,1539.7707,-13.06,-320.89,228.8
shot_0083,1539.7787,-19.51,-354.39,225.82
shot_0083,1539.7867,-28.28,-389.38,203.34
shot_0083,1539.8028,-42.64,-456.37,176.54
shot_0083,1539.8109,-49.31,-489.44,163.41
shot_0083,1539.8189,-57.47,-523.31,141.98
shot_0083,1539.8269,-64.63,-558.13,128.46
shot_0083,1539.835,-72.71,-591.26,102.7
shot_0083,1539.843,-78.4,-621.25,95.26
shot_0083,1539.8511,-91.37,-674.29,58.61
shot_0083,1539.8671,-96.18,-714.84,75.34
shot_0083,1539.8752,-99.81,-746.09,88.07
shot_0083,1539.8832,-102.06,-771.83,109.44
shot_0083,1539.8913,-104.06,-795.14,134.15
shot_0083,1539.8993,-109.84,-826.06,141.11
shot_0083,1539.9073,-111.99,-850.79,155.88
shot_0083,1539.9154,-116.82,-881.19,167.74
shot_0083,1539.9315,-121.49,-936.23,194.72
shot_0083,1539.9395,-127.52,-969.04,195.31
shot_0083,1539.9475,-128.48,-994.56,210.48
shot_0083,1539.9556,-129.73,-1011.43,230.31
shot_0083,1539.9636,-136.11,-1048.35,229.18
shot_0083,1539.9717,-137.4,-1070.16,242.28
shot_0083,1539.9797,-143.16,-1105.41,241.39
shot_0083,1539.9877,-145.24,-1125.87,251.71
shot_0083,1540.0038,-149.78,-1177.51,266.39
shot_0083,1540.0119,-154.18,-1208.71,264.69
shot_0083,1540.0199,-154.92,-1228.86,273.81
shot_0083,1540.0279,-157.36,-1251.08,280.35
shot_0083,1540.036,-163.02,-1288.59,272.81
shot_0083,1540.044,-167.24,-1320.02,266.96
shot_0083,1540.0601,-170.98,-1359.26,280.44
shot_0083,1540.0681,-173.49,-1384.7,279.7
shot_0083,1540.0762,-177.81,-1418.4,272.13
shot_0083,1540.0842,-179.3,-1437.11,277.16
shot_0083,1540.0923,-180.98,-1459.35,276.82
shot_0084,1540.1003,-185.63,-1492.98,269.96
shot_0084,1540.1164,-164.51,-1443.91,299.31
shot_0084,1540.1244,-153.38,-1408.59,317.39
shot_0084,1540.1325,-138.44,-1369.5,338.75
shot_0084,1540.1405,-125.5,-1338.52,351.81
shot_0084,1540.1566,-100.88,-1273.84,378.12
shot_0084,1540.1646,-86.58,-1231.69,397.19
shot_0084,1540.1727,-75.5,-1201.89,406.02
shot_0084,1540.1807,-62.83,-1167.55,422.71
shot_0084,1540.1968,-38.78,-1104.61,441.47
shot_0084,1540.2048,-25.63,-1069.14,453.61
shot_0084,1540.2129,-13.26,-1038.63,460.25
shot_0084,1540.2209,-1.43,-1008.07,466.87
shot_0084,1540.2289,11.25,-977.02,473.17
shot_0084,1540.237,22.25,-945.43,478.96
shot_0084,1540.245,34.45,-916.63,480.39
shot_0084,1540.2611,58.5,-852.16,492.13
shot_0084,1540.2691,70.29,-818.89,496.79
shot_0084,1540.2772,81.77,-788.31,498.11
shot_0084,1540.2852,92.97,-762.13,495.5
shot_0084,1540.2933,103.33,-729.92,498.59
shot_0084,1540.3013,115.54,-701.53,496.53
shot_0084,1540.3093,126.68,-671.32,498.18
shot_0084,1540.3174,138.25,-643.62,492.16
shot_0084,1540.3254,149.19,-614.72,489.66
shot_0084,1540.3415,171.57,-553.55,486.09
shot_0084,1540.3495,182.06,-526.49,480.72
shot_0084,1540.3576,193.54,-497.28,476.2
shot_0084,1540.3656,203.52,-470.45,469.77
shot_0084,1540.3817,225.09,-413.71,455.79
shot_0084,1540.3897,235.8,-385.12,446.73
shot_0084,1540.3978,245.65,-359.68,437.43
shot_0084,1540.4058,255.87,-332.03,429.32
shot_0084,1540.4139,266.65,-304.43,418.99
shot_0084,1540.4219,276.73,-278.64,406.27
shot_0084,1540.4299,287.44,-251.16,393.29
shot_0084,1540.446,306.3,-199.65,368.43
shot_0084,1540.4541,315.73,-173.42,355.19
shot_0084,1540.4621,325.98,-147.19,338.69
shot_0084,1540.4701,335.38,-122.17,322.22
shot_0084,1540.4782,344.04,-97.93,312.0
shot_0084,1540.4862,354.08,-72.3,289.62
shot_0084,1540.5023,373.17,-22.45,255.47
shot_0084,1540.5103,380.77,1.91,239.89
shot_0084,1540.5184,388.98,25.2,222.54
shot_0084,1540.5264,398.46,49.18,197.96
shot_0084,1540.5345,407.73,74.07,176.87
shot_0084,1540.5506,423.9,120.02,132.47
shot_0084,1540.5586,432.15,143.11,114.85
shot_0084,1540.5666,440.14,165.77,95.36
shot_0084,1540.5747,448.84,188.94,63.28
shot_0084,1540.5827,455.76,212.81,38.55
shot_0084,1540.5988,470.52,253.85,37.45
shot_0084,1540.6068,486.52,276.58,41.09
shot_0084,1540.6149,498.34,298.73,60.42
shot_0084,1540.6229,509.03,316.72,86.29
shot_0084,1540.639,532.93,358.06,121.11
shot_0084,1540.647,543.49,376.37,142.73
shot_0084,1540.6551,555.55,396.92,159.09
shot_0084,1540.6631,568.58,418.58,166.73
shot_0084,1540.6712,578.07,434.58,190.54
shot_0084,1540.6792,591.47,456.38,198.62
shot_0084,1540.6872,600.93,473.95,213.63
shot_0084,1540.6953,613.3,494.26,226.97
shot_0084,1540.7033,624.37,512.52,238.59
shot_0084,1540.7194,645.61,548.96,264.39
shot_0085,1594.509,80.37,-1434.59,416.63
shot_0085,1594.517,82.28,-1421.27,423.24
shot_0085,1594.5251,83.93,-1378.2,442.45
shot_0085,1594.5331,84.37,-1341.8,456.92
shot_0085,1594.5412,85.68,-1303.89,472.88
shot_0085,1594.5492,86.44,-1275.59,482.54
shot_0085,1594.5572,87.51,-1238.14,498.26
shot_0085,1594.5653,88.36,-1194.06,518.02
shot_0085,1594.5733,89.34,-1167.78,521.29
shot_0085,1594.5814,89.03,-1130.73,530.92
shot_0085,1594.5894,89.88,-1092.07,544.83
shot_0085,1594.5974,89.53,-1055.62,556.03
shot_0085,1594.6055,89.28,-1022.06,564.51
shot_0085,1594.6135,89.09,-988.62,570.15
shot_0085,1594.6216,88.61,-954.0,578.23
shot_0085,1594.6296,89.34,-920.24,585.51
shot_0085,1594.6376,89.54,-884.4,593.27
shot_0085,1594.6457,88.55,-852.32,594.64
shot_0085,1594.6537,89.0,-817.57,598.71
shot_0085,1594.6618,87.93,-787.64,597.36
shot_0085,1594.6698,87.4,-752.85,599.29
shot_0085,1594.6778,86.98,-717.18,605.59
shot_0085,1594.6859,87.26,-686.75,602.35
shot_0085,1594.6939,87.03,-652.68,605.4
shot_0085,1594.702,86.75,-620.15,603.64
shot_0085,1594.71,85.71,-589.87,597.55
shot_0085,1594.718,85.1,-557.67,595.56
shot_0085,1594.7261,84.03,-525.29,594.8
shot_0085,1594.7341,83.84,-494.0,588.59
shot_0085,1594.7422,83.05,-461.78,587.4
shot_0085,1594.7502,81.5,-429.53,581.37
shot_0085,1594.7582,79.83,-397.6,577.59
shot_0085,1594.7663,80.31,-368.0,567.07
shot_0085,1594.7743,79.38,-336.94,562.44
shot_0085,1594.7824,78.22,-307.8,551.11
shot_0085,1594.7904,76.94,-276.08,545.0
shot_0085,1594.7984,75.94,-245.31,532.89
shot_0085,1594.8065,74.39,-217.38,523.12
shot_0085,1594.8145,73.3,-187.05,516.02
shot_0085,1594.8226,71.49,-156.88,501.34
shot_0085,1594.8306,71.08,-128.81,494.25
shot_0085,1594.8386,68.9,-98.22,476.6
shot_0085,1594.8467,67.59,-70.1,464.5
shot_0085,1594.8547,65.38,-42.74,447.39
shot_0085,1594.8628,64.93,-13.74,437.37
shot_0085,1594.8708,63.1,14.93,418.51
shot_0085,1594.8788,61.68,42.96,399.3
shot_0085,1594.8869,59.76,71.23,381.28
shot_0085,1594.8949,58.72,98.94,366.32
shot_0085,1594.903,57.56,124.87,346.91
shot_0085,1594.911,55.68,151.84,327.78
shot_0085,1594.919,54.23,181.0,307.21
shot_0085,1594.9271,51.86,206.31,287.07
shot_0085,1594.9351,50.75,233.39,264.6
shot_0085,1594.9432,47.89,258.86,237.99
shot_0085,1594.9512,47.18,282.97,222.73
shot_0085,1594.9592,45.7,311.34,193.83
shot_0085,1594.9673,43.53,335.54,175.1
shot_0085,1594.9753,40.83,360.44,150.92
shot_0085,1594.9834,39.41,387.34,122.4
shot_0085,1594.9914,36.9,409.59,97.49
shot_0085,1594.9994,35.66,436.38,68.7
shot_0085,1595.0075,33.64,459.91,42.55
shot_0085,1595.0155,33.25,482.83,51.56
shot_0085,1595.0236,34.58,509.32,68.35
shot_0085,1595.0316,32.27,533.96,83.12
shot_0085,1595.0396,34.23,556.24,113.09
shot_0085,1595.0477,34.45,578.45,138.83
shot_0085,1595.0557,34.44,606.58,147.06
shot_0085,1595.0638,34.69,629.78,168.68
shot_0085,1595.0718,34.87,652.51,186.22
shot_0085,1595.0798,33.7,676.9,202.63
shot_0085,1595.0879,32.66,702.53,221.48
shot_0085,1595.0959,32.97,723.77,236.56
shot_0085,1595.104,32.72,748.58,249.93
shot_0085,1595.112,32.65,774.06,260.04
shot_0085,1595.12,31.29,796.01,273.8
shot_0085,1595.1281,30.69,817.09,290.48
shot_0085,1595.1361,30.39,841.83,301.27
shot_0085,1595.1442,29.93,867.78,307.77
shot_0085,1595.1522,30.06,883.21,325.53
shot_0085,1595.1602,29.19,910.13,329.14
shot_0085,1595.1683,27.85,935.91,337.14
shot_0085,1595.1763,26.98,956.7,346.38
shot_0085,1595.1844,26.11,977.31,353.87
shot_0085,1595.1924,24.5,1000.42,361.29
shot_0085,1595.2004,24.37,1019.38,368.94
shot_0085,1595.2085,23.46,1037.33,373.0
shot_0085,1595.2165,22.0,1059.6,378.31
shot_0085,1595.2246,20.93,1087.93,375.17
shot_0085,1595.2326,18.75,1109.65,376.91
shot_0085,1595.2406,18.91,1130.79,379.38
shot_0085,1595.2487,17.98,1147.98,384.2
shot_0086,1595.2567,15.59,1165.78,387.79
shot_0086,1595.2648,14.47,1140.65,391.73
shot_0086,1595.2728,12.83,1090.93,402.95
shot_0086,1595.2808,12.04,1037.02,414.22
shot_0086,1595.2889,11.49,989.86,421.95
shot_0086,1595.2969,9.84,945.56,428.69
shot_0086,1595.305,8.43,888.64,441.38
shot_0086,1595.313,7.42,839.92,447.09
shot_0086,1595.321,5.37,793.6,450.32
shot_0086,1595.3291,4.37,742.02,459.34
shot_0086,1595.3371,2.8,693.46,464.52
shot_0086,1595.3452,0.63,649.31,462.57
shot_0086,1595.3532,-0.9,597.21,470.38
shot_0086,1595.3612,-1.08,551.69,470.52
shot_0086,1595.3693,-1.57,500.96,474.04
shot_0086,1595.3773,-3.47,457.09,473.14
shot_0086,1595.3854,-4.02,410.4,471.71
shot_0086,1595.3934,-5.96,364.79,473.63
shot_0086,1595.4014,-8.04,317.92,471.83
shot_0086,1595.4095,-10.24,272.8,466.47
shot_0086,1595.4175,-10.69,229.08,468.82
shot_0086,1595.4256,-12.95,186.06,458.7
shot_0086,1595.4336,-14.16,137.63,459.27
shot_0086,1595.4416,-16.16,96.49,450.92
shot_0086,1595.4497,-17.67,50.67,447.04
shot_0086,1595.4577,-17.93,8.6,439.96
shot_0086,1595.4658,-20.09,-35.59,431.48
shot_0086,1595.4738,-21.27,-78.61,422.3
shot_0086,1595.4818,-22.39,-117.4,415.69
shot_0086,1595.4899,-25.23,-162.57,400.89
shot_0086,1595.4979,-25.78,-206.27,390.12
shot_0086,1595.506,-27.08,-249.98,380.25
shot_0086,1595.514,-29.29,-292.05,365.95
shot_0086,1595.522,-29.89,-333.07,353.17
shot_0086,1595.5301,-31.47,-375.51,334.73
shot_0086,1595.5381,-33.62,-416.12,324.93
shot_0086,1595.5462,-34.29,-457.15,313.15
shot_0086,1595.5542,-37.77,-503.53,287.64
shot_0086,1595.5622,-38.36,-543.28,270.12
shot_0086,1595.5703,-38.93,-581.98,259.36
shot_0086,1595.5783,-41.13,-623.98,233.04
shot_0086,1595.5864,-41.97,-660.17,223.78
shot_0086,1595.5944,-44.53,-711.19,185.69
shot_0086,1595.6024,-46.29,-746.45,176.5
shot_0086,1595.6105,-47.12,-782.34,160.65
shot_0086,1595.6185,-47.69,-823.16,136.59
shot_0086,1595.6266,-50.9,-864.61,108.4
shot_0086,1595.6426,-53.64,-945.11,62.08
shot_0086,1595.6587,-52.85,-1011.24,81.42
shot_0086,1595.6668,-49.69,-1034.04,112.59
shot_0086,1595.6828,-45.78,-1103.7,147.72
shot_0086,1595.6909,-45.53,-1135.34,165.56
shot_0086,1595.6989,-44.53,-1169.61,180.49
shot_0086,1595.707,-43.61,-1198.1,199.15
shot_0086,1595.715,-39.88,-1219.16,225.29
shot_0086,1595.723,-39.28,-1254.45,228.56
shot_0086,1595.7311,-37.87,-1284.07,247.85
shot_0086,1595.7391,-36.73,-1315.94,258.46
shot_0086,1595.7472,-35.73,-1343.01,272.3
shot_0086,1595.7552,-35.38,-1371.63,285.99
shot_0086,1595.7632,-32.69,-1399.77,297.01
shot_0086,1595.7713,-31.65,-1433.93,305.15
shot_0086,1595.7793,-30.41,-1459.55,314.84
shot_0086,1595.7874,-30.4,-1489.38,323.38
shot_0086,1595.7954,-28.99,-1521.56,330.02
shot_0087,1595.8034,-26.88,-1519.66,340.16
shot_0087,1595.8195,-22.61,-1436.33,379.2
shot_0087,1595.8276,-20.64,-1399.46,395.92
shot_0087,1595.8356,-18.61,-1364.12,411.04
shot_0087,1595.8436,-16.73,-1335.04,419.76
shot_0087,1595.8517,-14.84,-1292.48,437.67
shot_0087,1595.8597,-13.31,-1255.86,450.76
shot_0087,1595.8758,-10.02,-1192.65,466.6
shot_0087,1595.8838,-8.56,-1154.93,479.21
shot_0087,1595.8999,-4.78,-1080.69,498.79
shot_0087,1595.908,-4.78,-1053.05,501.64
shot_0087,1595.916,-2.37,-1014.96,512.45
shot_0087,1595.924,-1.78,-980.94,518.47
shot_0087,1595.9321,1.48,-946.35,522.88
shot_0087,1595.9401,2.53,-912.86,527.13
shot_0087,1595.9482,3.53,-880.35,529.51
shot_0087,1595.9562,6.08,-847.22,533.32
shot_0087,1595.9642,6.9,-809.55,538.94
shot_0087,1595.9723,9.21,-774.73,541.76
shot_0087,1595.9803,9.85,-745.66,537.41
shot_0087,1595.9884,12.96,-710.95,540.06
shot_0087,1595.9964,14.32,-674.46,540.78
shot_0087,1596.0044,14.83,-642.04,538.45
shot_0087,1596.0125,16.22,-611.32,535.52
shot_0087,1596.0205,18.75,-578.27,532.19
shot_0087,1596.0286,20.56,-542.91,531.29
shot_0087,1596.0366,22.01,-509.38,527.11
shot_0087,1596.0446,23.95,-479.85,520.19
shot_0087,1596.0527,24.09,-448.88,518.31
shot_0087,1596.0607,25.91,-416.22,509.12
shot_0087,1596.0688,27.36,-386.48,500.71
shot_0087,1596.0768,29.03,-353.34,495.57
shot_0087,1596.0848,30.2,-322.13,489.54
shot_0087,1596.0929,32.52,-290.19,483.45
shot_0087,1596.1009,33.3,-258.16,474.62
shot_0087,1596.109,34.63,-229.6,461.71
shot_0087,1596.117,36.0,-199.62,451.24
shot_0087,1596.125,37.77,-168.8,439.4
shot_0087,1596.1331,37.74,-137.71,425.0
shot_0087,1596.1411,39.83,-108.58,416.01
shot_0087,1596.1492,41.17,-79.1,403.61
shot_0087,1596.1572,42.31,-50.36,387.65
shot_0087,1596.1652,43.89,-22.76,372.92
shot_0087,1596.1733,44.42,8.57,357.92
shot_0087,1596.1813,45.92,36.51,342.52
shot_0087,1596.1894,47.15,65.54,325.77
shot_0087,1596.1974,48.15,95.54,302.39
shot_0087,1596.2054,48.81,123.81,290.9
shot_0087,1596.2135,50.78,151.91,271.12
shot_0087,1596.2215,52.53,179.87,251.55
shot_0087,1596.2296,52.28,208.57,228.59
shot_0087,1596.2376,53.98,236.98,205.68
shot_0087,1596.2456,54.63,265.83,181.73
shot_0087,1596.2537,55.83,291.43,168.91
shot_0087,1596.2617,57.02,318.56,144.56
shot_0087,1596.2698,57.96,345.91,119.57
shot_0087,1596.2778,59.04,374.2,92.67
shot_0087,1596.2858,59.21,399.77,68.09
shot_0087,1596.2939,60.17,427.46,41.83
shot_0087,1596.3019,61.69,450.98,42.48
shot_0087,1596.31,65.57,475.95,63.39
shot_0087,1596.326,71.35,517.15,101.18
shot_0087,1596.3421,77.87,559.09,139.14
shot_0087,1596.3502,80.4,578.7,155.78
shot_0087,1596.3582,82.51,598.85,172.23
shot_0087,1596.3662,85.43,621.66,184.22
shot_0087,1596.3743,88.43,642.76,200.43
shot_0087,1596.3823,90.47,665.01,212.91
shot_0087,1596.3904,94.03,681.58,231.93
shot_0087,1596.3984,97.4,702.48,243.52
shot_0087,1596.4065,100.5,726.46,245.67
shot_0087,1596.4145,102.55,746.84,260.23
shot_0087,1596.4225,104.31,766.41,271.01
shot_0087,1596.4306,106.67,786.18,280.15
shot_0087,1596.4386,108.98,808.0,289.35
shot_0087,1596.4467,111.77,826.82,299.02
shot_0087,1596.4547,114.5,851.13,300.62
shot_0087,1596.4627,116.34,871.54,306.08
shot_0087,1596.4708,119.12,886.32,316.88
shot_0087,1596.4788,121.44,907.21,319.74
shot_0087,1596.4869,123.61,924.43,327.27
shot_0087,1596.4949,126.52,945.79,330.83
shot_0087,1596.5029,128.16,961.99,336.37
shot_0087,1596.511,130.92,983.47,336.14
shot_0087,1596.519,131.94,1001.95,337.32
shot_0087,1596.5271,132.82,1018.64,341.65
shot_0087,1596.5351,136.17,1042.91,334.55
shot_0087,1596.5431,138.83,1064.58,330.4
shot_0087,1596.5512,141.12,1082.94,330.98
shot_0087,1596.5592,141.88,1097.97,332.83
shot_0087,1596.5673,144.27,1116.91,328.94
shot_0087,1596.5753,146.33,1135.31,328.71
shot_0087,1596.5833,146.95,1149.85,326.19
shot_0088,1596.5914,150.34,1171.41,318.87
shot_0088,1596.5994,146.32,1150.07,325.52
shot_0088,1596.6075,140.85,1096.76,339.31
shot_0088,1596.6155,135.66,1047.68,353.24
shot_0088,1596.6235,130.87,999.92,365.65
shot_0088,1596.6316,125.5,948.92,374.04
shot_0088,1596.6396,120.9,898.57,388.81
shot_0088,1596.6477,114.62,852.51,391.77
shot_0088,1596.6557,110.97,798.48,405.97
shot_0088,1596.6637,105.29,753.62,408.54
shot_0088,1596.6718,99.59,704.0,417.6
shot_0088,1596.6798,95.55,657.02,419.22
shot_0088,1596.6879,89.42,609.52,426.55
shot_0088,1596.6959,85.27,561.35,428.72
shot_0088,1596.7039,79.42,512.2,432.41
shot_0088,1596.712,73.15,465.53,432.78
shot_0088,1596.72,69.63,416.83,439.75
shot_0088,1596.7281,63.45,370.82,439.18
shot_0088,1596.7361,59.29,327.44,438.1
shot_0088,1596.7441,54.47,281.61,435.91
shot_0088,1596.7522,48.93,236.75,434.41
shot_0088,1596.7602,44.27,191.74,433.12
shot_0088,1596.7683,40.17,148.07,431.21
shot_0088,1596.7763,34.23,102.51,428.67
shot_0088,1596.7843,29.11,60.16,417.49
shot_0088,1596.7924,23.42,16.05,410.47
shot_0088,1596.8004,18.84,-26.5,406.38
shot_0088,1596.8085,14.17,-70.08,401.13
shot_0088,1596.8165,11.18,-111.56,393.96
shot_0088,1596.8245,6.45,-151.51,383.48
shot_0088,1596.8326,0.42,-197.56,368.5
shot_0088,1596.8406,-4.26,-237.89,353.32
shot_0088,1596.8487,-7.16,-278.38,351.49
shot_0088,1596.8567,-12.72,-323.99,332.12
shot_0088,1596.8647,-18.72,-364.18,313.36
shot_0088,1596.8728,-22.14,-402.53,306.09
shot_0088,1596.8808,-25.95,-442.77,289.66
shot_0088,1596.8889,-31.47,-487.14,268.91
shot_0088,1596.8969,-36.32,-527.04,256.2
shot_0088,1596.9049,-39.4,-563.3,246.53
shot_0088,1596.913,-45.03,-607.69,221.63
shot_0088,1596.921,-49.5,-644.57,205.5
shot_0088,1596.9291,-54.28,-686.44,184.1
shot_0088,1596.9371,-59.46,-728.88,159.72
shot_0088,1596.9451,-65.03,-766.84,139.19
shot_0088,1596.9532,-66.77,-801.68,121.6
shot_0088,1596.9612,-72.43,-841.85,96.38
shot_0088,1596.9693,-75.17,-876.46,80.57
shot_0088,1596.9773,-78.08,-913.06,65.4
shot_0088,1596.9853,-79.51,-949.27,79.72
shot_0088,1596.9934,-81.38,-977.89,103.26
shot_0088,1597.0014,-81.19,-1007.53,125.02
shot_0088,1597.0095,-81.27,-1039.04,144.13
shot_0088,1597.0175,-81.86,-1068.85,162.54
shot_0088,1597.0255,-80.9,-1100.27,182.14
shot_0088,1597.0336,-83.24,-1129.59,195.17
shot_0088,1597.0416,-82.66,-1157.43,214.88
shot_0088,1597.0497,-83.46,-1184.79,230.81
shot_0088,1597.0577,-84.79,-1219.86,240.06
shot_0088,1597.0657,-85.84,-1249.42,252.82
shot_0088,1597.0738,-86.3,-1275.87,267.67
shot_0088,1597.0818,-87.06,-1307.6,277.06
shot_0088,1597.0899,-87.66,-1331.72,290.21
shot_0088,1597.0979,-88.1,-1370.72,292.2
shot_0088,1597.1059,-89.29,-1398.25,302.24
shot_0088,1597.114,-89.37,-1419.86,319.46
shot_0088,1597.122,-90.29,-1453.71,322.85
shot_0089,1597.1381,-88.96,-1451.6,354.16
shot_0089,1597.1461,-87.9,-1415.85,367.44
shot_0089,1597.1542,-86.3,-1374.43,383.68
shot_0089,1597.1622,-85.92,-1332.36,404.66
shot_0089,1597.1703,-84.99,-1287.51,419.4
shot_0089,1597.1783,-81.95,-1243.87,435.72
shot_0089,1597.1863,-82.12,-1196.35,455.58
shot_0089,1597.1944,-80.61,-1152.55,471.04
shot_0089,1597.2024,-78.34,-1107.43,487.93
shot_0089,1597.2105,-76.97,-1062.58,505.03
shot_0089,1597.2185,-75.96,-1019.3,520.96
shot_0089,1597.2265,-73.99,-979.33,531.97
shot_0089,1597.2346,-72.36,-940.94,540.65
shot_0089,1597.2426,-70.09,-898.25,551.56
shot_0089,1597.2507,-68.79,-856.36,563.02
shot_0089,1597.2587,-67.66,-815.82,571.03
shot_0089,1597.2667,-65.49,-771.4,583.69
shot_0089,1597.2748,-63.4,-731.05,589.74
shot_0089,1597.2828,-60.98,-689.87,597.54
shot_0089,1597.2909,-60.62,-651.36,602.42
shot_0089,1597.2989,-58.26,-611.27,606.39
shot_0089,1597.3069,-55.74,-571.23,614.08
shot_0089,1597.315,-53.71,-530.19,618.2
shot_0089,1597.323,-53.73,-495.2,617.33
shot_0089,1597.3311,-52.46,-454.69,617.22
shot_0089,1597.3391,-50.23,-414.84,623.31
shot_0089,1597.3471,-48.52,-376.14,623.92
shot_0089,1597.3552,-47.82,-338.68,622.69
shot_0089,1597.3632,-45.91,-301.0,619.77
shot_0089,1597.3713,-43.83,-262.94,621.08
shot_0089,1597.3793,-40.44,-224.91,617.07
shot_0089,1597.3873,-39.29,-187.4,619.05
shot_0089,1597.3954,-37.98,-150.51,615.68
shot_0089,1597.4034,-37.7,-114.4,605.44
shot_0089,1597.4115,-36.09,-77.01,601.27
shot_0089,1597.4195,-33.11,-40.75,596.37
shot_0089,1597.4275,-31.81,-5.43,588.78
shot_0089,1597.4356,-30.36,30.83,578.95
shot_0089,1597.4436,-27.56,64.93,573.6
shot_0089,1597.4517,-26.62,102.16,561.07
shot_0089,1597.4597,-24.58,135.64,551.29
shot_0089,1597.4677,-22.97,170.44,540.5
shot_0089,1597.4758,-21.51,204.47,527.69
shot_0089,1597.4838,-19.92,240.09,513.95
shot_0089,1597.4919,-18.67,272.68,502.26
shot_0089,1597.4999,-17.42,308.33,485.46
shot_0089,1597.5079,-14.53,339.85,473.48
shot_0089,1597.516,-13.63,373.63,459.36
shot_0089,1597.524,-11.82,405.68,442.2
shot_0089,1597.5321,-10.5,438.22,429.42
shot_0089,1597.5401,-9.06,471.09,412.11
shot_0089,1597.5481,-9.07,504.35,392.7
shot_0089,1597.5562,-6.93,535.06,376.83
shot_0089,1597.5642,-5.64,569.51,354.41
shot_0089,1597.5723,-4.79,602.58,332.45
shot_0089,1597.5803,-2.46,631.6,313.53
shot_0089,1597.5883,-2.43,668.55,285.98
shot_0089,1597.5964,-1.0,695.69,271.0
shot_0089,1597.6044,1.32,725.45,251.16
shot_0089,1597.6125,1.44,757.86,224.79
shot_0089,1597.6205,2.59,789.76,198.92
shot_0089,1597.6285,3.5,817.88,178.72
shot_0089,1597.6366,4.26,854.28,145.22
shot_0089,1597.6446,5.99,878.96,125.13
shot_0089,1597.6527,6.1,903.33,109.94
shot_0089,1597.6607,8.26,933.47,83.12
shot_0089,1597.6687,8.53,964.01,51.98
shot_0089,1597.6768,8.16,992.22,25.3
shot_0089,1597.6848,12.31,1021.48,28.26
shot_0089,1597.6929,15.27,1042.64,54.23
shot_0089,1597.7009,21.41,1069.23,73.87
shot_0089,1597.7089,25.19,1086.03,100.28
shot_0089,1597.717,28.79,1115.05,115.52
shot_0089,1597.725,31.81,1135.81,132.98
shot_0089,1597.7331,36.94,1157.86,156.5
shot_0089,1597.7411,40.38,1183.97,169.84
shot_0089,1597.7491,45.13,1199.76,192.47
shot_0089,1597.7572,47.84,1221.02,210.02
shot_0089,1597.7652,52.68,1239.11,228.27
shot_0089,1597.7733,57.57,1260.02,243.67
shot_0090,1597.7813,60.58,1287.25,254.19
shot_0090,1597.7893,64.74,1273.78,275.73
shot_0090,1597.7974,63.24,1238.15,294.27
shot_0090,1597.8054,61.51,1209.69,304.5
shot_0090,1597.8135,62.81,1162.06,334.69
shot_0090,1597.8215,61.36,1125.81,348.18
shot_0090,1597.8295,61.88,1086.18,368.43
shot_0090,1597.8376,62.48,1052.26,380.64
shot_0090,1597.8456,61.42,1015.28,396.94
shot_0090,1597.8537,62.81,974.87,415.02
shot_0090,1597.8617,61.33,937.61,429.53
shot_0090,1597.8697,62.38,904.95,437.8
shot_0090,1597.8778,62.34,867.74,452.62
shot_0090,1597.8858,62.67,829.52,465.82
shot_0090,1597.8939,63.29,791.72,480.26
shot_0090,1597.9019,63.53,755.0,491.36
shot_0090,1597.9099,63.58,723.99,495.8
shot_0090,1597.918,63.88,685.1,507.1
shot_0090,1597.926,63.36,650.21,515.75
shot_0090,1597.9341,63.93,613.13,526.09
shot_0090,1597.9421,63.91,579.07,530.66
shot_0090,1597.9501,64.1,542.84,535.9
shot_0090,1597.9582,64.52,508.35,543.53
shot_0090,1597.9662,65.55,474.87,547.03
shot_0090,1597.9743,65.35,438.3,553.13
shot_0090,1597.9823,65.76,402.91,555.54
shot_0090,1597.9903,66.21,370.83,555.91
shot_0090,1597.9984,66.55,334.68,560.19
shot_0090,1598.0064,67.09,300.58,560.13
shot_0090,1598.0145,68.08,265.37,563.26
shot_0090,1598.0225,68.47,233.3,564.49
shot_0090,1598.0305,68.51,199.27,560.06
shot_0090,1598.0386,68.89,165.87,560.44
shot_0090,1598.0466,70.28,133.01,558.64
shot_0090,1598.0547,70.41,99.75,554.59
shot_0090,1598.0627,71.48,66.01,553.14
shot_0090,1598.0707,72.2,33.41,548.78
shot_0090,1598.0788,72.49,1.13,545.01
shot_0090,1598.0868,72.92,-31.93,537.29
shot_0090,1598.0949,74.38,-65.06,535.43
shot_0090,1598.1029,74.88,-96.81,525.56
shot_0090,1598.1109,75.39,-128.39,519.82
shot_0090,1598.119,76.22,-161.54,509.63
shot_0090,1598.127,77.06,-193.42,500.91
shot_0090,1598.1351,77.73,-226.9,492.37
shot_0090,1598.1431,78.32,-257.47,483.12
shot_0090,1598.1511,78.81,-289.19,471.5
shot_0090,1598.1592,79.85,-320.04,460.62
shot_0090,1598.1672,80.47,-350.85,448.73
shot_0090,1598.1753,82.56,-383.69,433.67
shot_0090,1598.1833,82.08,-416.2,418.72
shot_0090,1598.1913,83.06,-446.7,405.47
shot_0090,1598.1994,84.32,-478.75,389.6
shot_0090,1598.2074,85.01,-508.39,375.51
shot_0090,1598.2155,85.04,-540.83,357.58
shot_0090,1598.2235,85.35,-570.49,343.38
shot_0090,1598.2315,86.19,-599.28,327.52
shot_0090,1598.2396,87.3,-632.43,307.68
shot_0090,1598.2476,88.82,-661.66,293.25
shot_0090,1598.2557,87.92,-692.35,270.48
shot_0090,1598.2637,89.43,-721.8,255.33
shot_0090,1598.2717,89.79,-753.85,230.54
shot_0090,1598.2798,91.29,-780.73,216.32
shot_0090,1598.2878,91.23,-815.42,184.98
shot_0090,1598.2959,92.2,-840.79,171.89
shot_0090,1598.3039,93.2,-874.52,143.65
shot_0090,1598.3119,94.1,-905.17,119.9
shot_0090,1598.32,95.13,-929.32,102.99
shot_0090,1598.328,96.02,-956.05,81.17
shot_0090,1598.3361,95.79,-987.95,56.9
shot_0090,1598.3441,98.93,-1007.93,72.99
shot_0090,1598.3521,102.37,-1031.85,90.13
shot_0090,1598.3602,106.33,-1055.39,111.34
shot_0090,1598.3682,110.95,-1072.67,139.19
shot_0090,1598.3843,117.14,-1109.12,179.7
shot_0090,1598.3923,121.97,-1134.85,197.98
shot_0090,1598.4004,124.4,-1156.0,211.77
shot_0090,1598.4084,129.82,-1171.5,235.05
shot_0090,1598.4165,130.44,-1196.56,245.13
shot_0090,1598.4245,135.79,-1206.57,273.68
shot_0090,1598.4325,139.14,-1234.1,276.29
shot_0090,1598.4406,142.71,-1249.78,296.69
shot_0090,1598.4486,144.3,-1275.45,304.95
shot_0090,1598.4567,148.99,-1292.17,316.92
shot_0090,1598.4647,151.69,-1310.03,331.93
shot_0090,1598.4727,156.37,-1326.65,343.69
shot_0090,1598.4808,158.43,-1342.78,355.82
shot_0091,1598.4969,164.64,-1376.67,368.96
shot_0091,1598.5049,162.5,-1330.98,386.28
shot_0091,1598.5129,163.33,-1286.97,398.14
shot_0091,1598.521,162.91,-1242.78,413.83
shot_0091,1598.529,162.79,-1202.73,423.13
shot_0091,1598.5371,162.9,-1163.13,430.06
shot_0091,1598.5531,162.9,-1075.48,453.8
shot_0091,1598.5612,161.23,-1036.38,461.38
shot_0091,1598.5692,161.19,-994.33,467.78
shot_0091,1598.5773,161.22,-953.67,473.88
shot_0091,1598.5853,160.97,-909.84,483.82
shot_0091,1598.5933,160.83,-869.66,487.08
shot_0091,1598.6094,161.29,-791.64,493.94
shot_0091,1598.6175,162.04,-753.34,493.76
shot_0091,1598.6255,161.64,-709.13,501.72
shot_0091,1598.6335,161.85,-673.78,497.42
shot_0091,1598.6416,162.09,-632.35,502.91
shot_0091,1598.6496,162.55,-591.62,502.46
shot_0091,1598.6577,163.49,-552.55,502.22
shot_0091,1598.6657,164.95,-514.6,502.75
shot_0091,1598.6737,165.67,-475.51,498.96
shot_0091,1598.6818,165.82,-439.42,494.17
shot_0091,1598.6898,166.8,-398.54,496.44
shot_0091,1598.6979,167.74,-360.49,494.08
shot_0091,1598.7059,169.26,-323.24,488.96
shot_0091,1598.7139,169.48,-284.98,486.7
shot_0091,1598.722,171.29,-248.21,480.79
shot_0091,1598.73,173.34,-211.86,476.42
shot_0091,1598.7381,175.03,-174.61,468.59
shot_0091,1598.7461,175.08,-136.73,463.66
shot_0091,1598.7541,176.79,-99.34,456.35
shot_0091,1598.7622,178.27,-63.97,445.04
shot_0091,1598.7702,180.56,-27.71,438.42
shot_0091,1598.7783,181.64,7.44,428.5
shot_0091,1598.7863,184.31,44.38,417.35
shot_0091,1598.7943,186.25,78.81,405.2
shot_0091,1598.8024,187.76,113.96,396.07
shot_0091,1598.8104,188.78,149.04,383.42
shot_0091,1598.8185,191.23,182.62,373.59
shot_0091,1598.8265,193.31,215.68,359.32
shot_0091,1598.8345,195.01,253.36,341.37
shot_0091,1598.8426,198.46,287.51,323.08
shot_0091,1598.8506,200.22,321.23,307.94
shot_0091,1598.8587,202.39,354.44,290.96
shot_0091,1598.8667,205.15,388.49,274.72
shot_0091,1598.8748,207.57,420.54,256.55
shot_0091,1598.8828,209.57,451.81,244.75
shot_0091,1598.8908,213.1,485.29,223.48
shot_0091,1598.8989,215.13,517.1,209.44
shot_0091,1598.9069,219.12,549.4,184.27
shot_0091,1598.915,221.16,584.5,162.62
shot_0091,1598.923,223.05,614.38,143.47
shot_0091,1598.931,226.37,646.97,119.91
shot_0091,1598.9391,228.63,677.65,101.77
shot_0091,1598.9471,231.22,708.63,79.12
shot_0091,1598.9552,233.18,739.44,57.28
shot_0091,1598.9632,237.48,769.31,33.16
shot_0091,1598.9712,241.25,797.43,15.61
shot_0091,1598.9793,246.93,826.76,27.92
shot_0091,1598.9873,251.14,856.71,41.04
shot_0091,1598.9954,256.9,876.75,69.01
shot_0091,1599.0034,262.09,903.84,88.62
shot_0091,1599.0114,267.13,929.94,105.43
shot_0091,1599.0195,270.76,957.31,119.18
shot_0091,1599.0275,277.95,980.76,136.52
shot_0091,1599.0356,283.02,1013.0,144.87
shot_0091,1599.0436,289.02,1035.28,160.85
shot_0091,1599.0516,293.2,1060.42,172.91
shot_0091,1599.0597,299.17,1077.09,196.19
shot_0091,1599.0677,303.64,1109.07,200.53
shot_0091,1599.0758,307.43,1123.14,224.12
shot_0091,1599.0838,312.36,1148.89,231.29
shot_0091,1599.0918,319.23,1176.49,237.75
shot_0091,1599.0999,325.16,1205.38,239.3
shot_0091,1599.1079,328.35,1229.12,248.24
shot_0091,1599.116,335.06,1262.76,247.04
shot_0091,1599.124,339.85,1280.85,260.78
shot_0091,1599.132,343.05,1291.69,281.45
shot_0091,1599.1401,350.5,1324.27,280.17
shot_0091,1599.1481,356.21,1350.04,287.99
shot_0092,1599.1562,357.25,1355.92,298.9
shot_0092,1599.1642,346.79,1317.83,306.85
shot_0092,1599.1722,332.72,1272.37,314.48
shot_0092,1599.1803,320.12,1225.52,329.04
shot_0092,1599.1883,308.41,1184.46,339.57
shot_0092,1599.1964,298.03,1146.5,345.22
shot_0092,1599.2044,285.87,1097.32,358.62
shot_0092,1599.2124,275.15,1049.83,375.4
shot_0092,1599.2205,264.14,1010.62,380.0
shot_0092,1599.2285,253.56,972.47,388.64
shot_0092,1599.2366,241.48,928.68,392.27
shot_0092,1599.2446,231.25,884.03,404.28
shot_0092,1599.2526,221.1,846.5,408.84
shot_0092,1599.2607,211.41,803.7,415.87
shot_0092,1599.2687,200.21,762.85,419.53
shot_0092,1599.2768,191.13,722.12,424.59
shot_0092,1599.2848,181.8,682.56,426.98
shot_0092,1599.2928,171.7,641.66,427.41
shot_0092,1599.3009,160.61,602.38,423.97
shot_0092,1599.3089,151.02,557.01,437.16
shot_0092,1599.317,142.57,521.96,434.47
shot_0092,1599.325,132.5,482.03,435.79
shot_0092,1599.333,124.08,442.53,438.02
shot_0092,1599.3411,115.44,405.35,430.87
shot_0092,1599.3491,105.87,364.16,437.66
shot_0092,1599.3572,96.38,325.6,427.37
shot_0092,1599.3652,87.21,287.06,427.71
shot_0092,1599.3732,80.05,247.36,429.84
shot_0092,1599.3813,71.22,210.35,426.62
shot_0092,1599.3893,62.14,172.08,418.79
shot_0092,1599.3974,54.1,134.27,415.35
shot_0092,1599.4054,46.72,97.15,411.48
shot_0092,1599.4134,37.92,58.9,404.37
shot_0092,1599.4215,30.59,19.6,402.6
shot_0092,1599.4295,21.54,-17.55,389.57
shot_0092,1599.4376,14.52,-55.33,386.69
shot_0092,1599.4456,5.65,-90.31,379.22
shot_0092,1599.4536,-0.12,-127.13,371.65
shot_0092,1599.4697,-15.41,-200.94,348.09
shot_0092,1599.4778,-24.54,-240.48,333.86
shot_0092,1599.4858,-30.7,-275.41,326.2
shot_0092,1599.4938,-38.0,-310.32,315.45
shot_0092,1599.5019,-46.05,-348.39,297.1
shot_0092,1599.5099,-51.84,-383.35,289.4
shot_0092,1599.518,-59.03,-418.77,273.84
shot_0092,1599.526,-66.49,-454.56,258.14
shot_0092,1599.534,-71.99,-487.07,248.54
shot_0092,1599.5421,-79.75,-522.05,235.38
shot_0092,1599.5501,-87.74,-562.46,213.33
shot_0092,1599.5582,-93.41,-597.52,196.26
shot_0092,1599.5662,-99.66,-631.13,182.11
shot_0092,1599.5742,-106.97,-671.6,156.48
shot_0092,1599.5823,-111.82,-701.61,146.16
shot_0092,1599.5903,-120.39,-738.27,123.04
shot_0092,1599.5984,-124.44,-767.13,112.09
shot_0092,1599.6064,-131.81,-808.89,83.95
shot_0092,1599.6144,-139.1,-847.81,57.09
shot_0092,1599.6225,-142.61,-877.98,63.66
shot_0092,1599.6305,-144.12,-900.39,92.65
shot_0092,1599.6386,-146.22,-929.04,111.65
shot_0092,1599.6466,-149.48,-963.65,121.36
shot_0092,1599.6546,-150.58,-987.6,144.14
shot_0092,1599.6627,-154.66,-1018.77,153.36
shot_0092,1599.6707,-155.64,-1038.95,179.89
shot_0092,1599.6868,-161.28,-1101.47,198.23
shot_0092,1599.6948,-162.23,-1126.32,215.25
shot_0092,1599.7029,-164.42,-1155.16,226.63
shot_0092,1599.7109,-165.35,-1178.82,241.95
shot_0092,1599.719,-168.1,-1212.77,246.49
shot_0092,1599.727,-169.89,-1237.21,257.43
shot_0092,1599.735,-172.82,-1264.57,264.43
shot_0092,1599.7431,-174.83,-1291.43,272.22
shot_0092,1599.7511,-175.33,-1311.11,285.27
shot_0092,1599.7592,-177.97,-1344.85,283.09
shot_0092,1599.7672,-178.17,-1360.18,300.5
shot_0092,1599.7752,-182.93,-1402.87,291.38
shot_0093,1602.3159,259.25,-1274.41,350.89
shot_0093,1602.3239,254.5,-1238.59,366.88
shot_0093,1602.332,251.52,-1197.46,385.77
shot_0093,1602.34,246.95,-1165.03,396.54
shot_0093,1602.3481,243.47,-1122.2,415.05
shot_0093,1602.3561,238.16,-1086.04,429.61
shot_0093,1602.3641,234.43,-1051.44,442.36
shot_0093,1602.3802,225.6,-978.74,462.57
shot_0093,1602.3883,220.23,-944.82,469.82
shot_0093,1602.3963,215.53,-906.04,482.46
shot_0093,1602.4043,210.45,-868.96,491.7
shot_0093,1602.4124,206.34,-835.92,496.74
shot_0093,1602.4204,200.72,-799.69,502.32
shot_0093,1602.4285,195.84,-765.25,506.9
shot_0093,1602.4365,190.17,-731.47,512.19
shot_0093,1602.4445,185.33,-696.64,515.87
shot_0093,1602.4526,180.97,-662.74,516.53
shot_0093,1602.4606,175.13,-624.5,522.6
shot_0093,1602.4687,169.77,-589.23,527.47
shot_0093,1602.4767,164.55,-556.67,525.21
shot_0093,1602.4847,159.92,-524.3,525.33
shot_0093,1602.5008,148.19,-453.93,525.47
shot_0093,1602.5089,142.91,-423.75,520.21
shot_0093,1602.5169,137.32,-388.55,521.4
shot_0093,1602.5249,131.79,-354.74,520.37
shot_0093,1602.533,126.25,-321.33,516.05
shot_0093,1602.541,121.47,-288.94,511.96
shot_0093,1602.5491,114.82,-256.8,505.16
shot_0093,1602.5571,109.29,-226.07,497.47
shot_0093,1602.5651,103.98,-193.63,492.38
shot_0093,1602.5732,99.05,-160.92,484.66
shot_0093,1602.5812,92.49,-130.61,474.74
shot_0093,1602.5893,86.92,-98.12,467.47
shot_0093,1602.5973,81.66,-68.34,455.55
shot_0093,1602.6053,75.69,-36.42,443.14
shot_0093,1602.6134,70.62,-7.19,435.96
shot_0093,1602.6214,64.85,23.9,425.82
shot_0093,1602.6295,59.16,53.62,410.38
shot_0093,1602.6375,52.98,83.84,396.34
shot_0093,1602.6455,47.3,112.58,381.33
shot_0093,1602.6536,42.61,143.24,365.61
shot_0093,1602.6616,36.02,173.02,348.47
shot_0093,1602.6697,30.79,201.64,333.16
shot_0093,1602.6777,24.56,228.06,318.88
shot_0093,1602.6857,19.68,256.52,307.13
shot_0093,1602.6938,14.34,284.47,284.17
shot_0093,1602.7018,7.94,314.39,260.87
shot_0093,1602.7099,2.5,341.87,240.57
shot_0093,1602.7179,-3.42,368.18,221.43
shot_0093,1602.7259,-7.33,393.78,206.13
shot_0093,1602.734,-14.41,421.97,183.3
shot_0093,1602.742,-19.74,448.58,160.32
shot_0093,1602.7501,-26.41,477.02,134.69
shot_0093,1602.7581,-31.05,500.35,115.63
shot_0093,1602.7661,-37.46,526.23,89.32
shot_0093,1602.7742,-43.31,553.86,64.15
shot_0093,1602.7822,-48.83,580.27,36.76
shot_0093,1602.7903,-54.54,603.11,50.82
shot_0093,1602.7983,-57.52,625.31,77.85
shot_0093,1602.8063,-64.02,653.23,94.93
shot_0093,1602.8144,-69.5,674.5,120.1
shot_0093,1602.8224,-73.63,701.91,136.59
shot_0093,1602.8305,-80.97,723.05,157.29
shot_0093,1602.8385,-85.35,745.02,178.56
shot_0093,1602.8465,-90.6,771.15,192.58
shot_0093,1602.8546,-95.05,791.19,214.8
shot_0093,1602.8707,-107.06,835.75,247.66
shot_0093,1602.8787,-113.02,865.87,253.35
shot_0093,1602.8867,-118.51,887.27,271.44
shot_0093,1602.8948,-125.11,913.63,276.38
shot_0093,1602.9028,-131.23,935.12,289.76
shot_0093,1602.9109,-135.76,952.46,306.08
shot_0093,1602.9189,-140.82,973.69,320.08
shot_0093,1602.9269,-146.78,998.86,326.13
shot_0093,1602.935,-154.37,1027.12,325.61
shot_0093,1602.943,-159.75,1043.59,345.51
shot_0093,1602.9511,-165.67,1065.14,348.92
shot_0093,1602.9591,-173.55,1093.88,349.88
shot_0093,1602.9671,-176.78,1105.7,362.63
shot_0093,1602.9752,-184.04,1130.76,364.53
shot_0093,1602.9832,-186.52,1141.19,375.94
shot_0093,1602.9913,-193.89,1167.1,375.09
shot_0093,1602.9993,-198.03,1186.32,387.69
shot_0093,1603.0073,-203.84,1209.88,388.12
shot_0093,1603.0154,-211.76,1235.44,390.55
shot_0093,1603.0234,-216.55,1250.37,397.14
shot_0093,1603.0315,-222.46,1270.07,396.66
shot_0093,1603.0395,-225.85,1283.09,405.47
shot_0093,1603.0475,-230.7,1302.57,409.71
shot_0093,1603.0556,-238.09,1327.49,408.36
shot_0093,1603.0636,-242.26,1330.69,421.93
shot_0093,1603.0717,-247.22,1353.64,420.81
shot_0093,1603.0797,-252.82,1369.51,426.27
shot_0093,1603.0877,-257.07,1380.64,432.75
shot_0093,1603.0958,-262.99,1404.24,431.04
shot_0093,1603.1038,-269.58,1423.34,431.42
shot_0093,1603.1119,-270.08,1425.44,447.49
shot_0093,1603.1199,-279.39,1457.34,437.74
shot_0093,1603.1279,-284.91,1471.99,436.57
shot_0093,1603.144,-293.52,1502.82,438.6
shot_0093,1603.1521,-301.41,1528.59,429.42
shot_0094,1603.8998,-175.74,-1505.93,433.94
shot_0094,1603.9078,-177.13,-1478.03,445.03
shot_0094,1603.9159,-177.26,-1432.07,465.15
shot_0094,1603.9239,-180.83,-1399.23,473.6
shot_0094,1603.932,-183.33,-1367.81,480.15
shot_0094,1603.94,-186.38,-1330.73,489.15
shot_0094,1603.948,-186.7,-1294.07,500.99
shot_0094,1603.9561,-191.35,-1258.08,508.82
shot_0094,1603.9641,-191.56,-1218.97,522.87
shot_0094,1603.9722,-193.95,-1185.34,526.14
shot_0094,1603.9802,-196.29,-1152.94,530.85
shot_0094,1603.9882,-198.73,-1116.41,536.49
shot_0094,1603.9963,-200.54,-1077.03,543.6
shot_0094,1604.0043,-203.29,-1039.17,550.89
shot_0094,1604.0124,-205.3,-1005.74,557.2
shot_0094,1604.0204,-206.72,-971.12,559.9
shot_0094,1604.0284,-211.34,-941.18,558.31
shot_0094,1604.0365,-212.44,-905.06,561.07
shot_0094,1604.0445,-214.31,-871.28,562.31
shot_0094,1604.0526,-216.2,-832.46,566.48
shot_0094,1604.0606,-217.56,-798.33,568.07
shot_0094,1604.0686,-220.11,-764.16,566.31
shot_0094,1604.0767,-220.52,-725.23,570.54
shot_0094,1604.0847,-224.79,-694.49,562.03
shot_0094,1604.0928,-226.35,-661.22,558.71
shot_0094,1604.1008,-227.63,-626.98,556.72
shot_0094,1604.1088,-230.77,-593.46,549.05
shot_0094,1604.1169,-231.36,-560.34,546.95
shot_0094,1604.1249,-234.19,-528.48,540.37
shot_0094,1604.133,-236.55,-498.12,532.42
shot_0094,1604.141,-238.28,-464.67,526.46
shot_0094,1604.149,-242.74,-434.22,513.52
shot_0094,1604.1571,-243.08,-399.95,509.22
shot_0094,1604.1651,-245.43,-368.41,500.12
shot_0094,1604.1732,-247.76,-338.07,487.27
shot_0094,1604.1812,-250.1,-306.12,479.12
shot_0094,1604.1892,-252.16,-275.08,467.28
shot_0094,1604.1973,-253.68,-243.21,454.32
shot_0094,1604.2053,-257.89,-213.51,437.22
shot_0094,1604.2134,-258.01,-182.47,428.45
shot_0094,1604.2214,-260.72,-153.76,411.72
shot_0094,1604.2294,-261.24,-121.2,400.41
shot_0094,1604.2375,-266.36,-92.82,378.24
shot_0094,1604.2536,-269.33,-33.84,349.09
shot_0094,1604.2616,-270.41,-3.54,333.12
shot_0094,1604.2696,-275.99,24.73,308.05
shot_0094,1604.2777,-277.27,54.84,291.6
shot_0094,1604.2857,-278.81,82.12,272.39
shot_0094,1604.2938,-282.41,112.01,245.72
shot_0094,1604.3018,-284.19,138.17,225.4
shot_0094,1604.3098,-286.36,168.36,203.45
shot_0094,1604.3179,-288.06,196.06,182.6
shot_0094,1604.3259,-289.83,223.42,160.96
shot_0094,1604.334,-293.49,250.79,136.49
shot_0094,1604.342,-294.47,278.46,114.42
shot_0094,1604.35,-297.07,303.96,92.94
shot_0094,1604.3581,-301.32,332.78,59.43
shot_0094,1604.3661,-301.55,357.1,69.07
shot_0094,1604.3742,-299.03,377.67,89.55
shot_0094,1604.3822,-299.91,401.37,113.71
shot_0094,1604.3902,-297.18,424.07,135.98
shot_0094,1604.3983,-297.89,445.97,156.42
shot_0094,1604.4063,-296.79,466.97,174.74
shot_0094,1604.4144,-299.41,494.98,186.45
shot_0094,1604.4224,-299.27,516.75,203.91
shot_0094,1604.4304,-295.82,534.01,226.87
shot_0094,1604.4385,-294.48,552.95,245.89
shot_0094,1604.4465,-294.74,577.59,259.03
shot_0094,1604.4546,-296.43,602.75,269.45
shot_0094,1604.4626,-295.75,623.99,280.01
shot_0094,1604.4706,-295.08,646.31,296.04
shot_0094,1604.4787,-294.49,666.06,309.71
shot_0094,1604.4867,-295.01,687.45,316.87
shot_0094,1604.4948,-294.5,709.64,327.69
shot_0094,1604.5028,-293.49,731.24,339.62
shot_0094,1604.5108,-295.71,752.91,348.22
shot_0094,1604.5189,-294.11,772.28,356.35
shot_0094,1604.5269,-296.15,795.33,360.5
shot_0094,1604.535,-295.92,814.01,370.41
shot_0094,1604.543,-295.08,832.54,376.17
shot_0094,1604.551,-298.43,857.57,376.23
shot_0094,1604.5591,-296.8,876.39,384.19
shot_0094,1604.5671,-295.75,895.5,390.35
shot_0094,1604.5752,-295.08,913.14,396.48
shot_0094,1604.5832,-298.32,939.3,391.65
shot_0094,1604.5912,-301.18,963.72,386.06
shot_0094,1604.5993,-299.69,977.2,393.47
shot_0094,1604.6154,-299.86,1019.43,391.66
shot_0094,1604.6234,-299.22,1034.25,396.07
shot_0094,1604.6314,-300.95,1055.0,390.16
shot_0094,1604.6395,-299.87,1069.85,392.97
shot_0094,1604.6475,-301.22,1092.47,385.16
shot_0094,1604.6636,-302.66,1128.61,380.18
shot_0094,1604.6716,-304.11,1151.9,370.57
shot_0094,1604.6797,-303.2,1162.11,373.88
shot_0094,1604.6877,-303.58,1182.53,363.23
shot_0094,1604.6958,-304.98,1205.32,354.27
shot_0095,1604.744,-309.69,1305.68,302.71
shot_0095,1604.752,-302.97,1265.42,315.77
shot_0095,1604.7601,-297.37,1226.87,327.87
shot_0095,1604.7681,-286.59,1179.01,343.74
shot_0095,1604.7762,-282.9,1139.06,351.38
shot_0095,1604.7842,-274.06,1092.47,367.78
shot_0095,1604.7922,-269.02,1056.74,372.93
shot_0095,1604.8003,-260.61,1008.93,386.77
shot_0095,1604.8083,-255.07,964.21,395.97
shot_0095,1604.8164,-245.77,917.85,408.37
shot_0095,1604.8244,-241.69,880.8,409.93
shot_0095,1604.8324,-234.58,833.32,424.67
shot_0095,1604.8405,-227.83,788.45,433.41
shot_0095,1604.8485,-223.56,745.87,436.85
shot_0095,1604.8566,-217.55,705.96,440.83
shot_0095,1604.8646,-212.72,662.29,444.45
shot_0095,1604.8726,-207.8,620.27,447.22
shot_0095,1604.8807,-202.49,578.76,451.6
shot_0095,1604.8887,-196.6,533.23,458.05
shot_0095,1604.8968,-194.5,495.34,454.02
shot_0095,1604.9048,-188.23,450.56,460.89
shot_0095,1604.9128,-182.57,408.01,463.14
shot_0095,1604.9209,-179.96,367.84,460.44
shot_0095,1604.9289,-173.75,326.24,465.68
shot_0095,1604.937,-172.82,287.46,455.79
shot_0095,1604.945,-169.13,246.31,455.0
shot_0095,1604.953,-166.36,206.71,450.87
shot_0095,1604.9611,-164.87,168.35,441.27
shot_0095,1604.9691,-159.83,126.84,443.16
shot_0095,1604.9772,-157.38,85.57,439.65
shot_0095,1604.9852,-153.68,48.53,434.79
shot_0095,1604.9932,-151.74,8.92,426.27
shot_0095,1605.0013,-149.35,-28.93,418.23
shot_0095,1605.0093,-146.69,-68.14,413.05
shot_0095,1605.0174,-146.06,-103.92,399.14
shot_0095,1605.0254,-143.85,-144.8,392.79
shot_0095,1605.0334,-140.69,-180.76,384.29
shot_0095,1605.0415,-139.71,-220.52,368.9
shot_0095,1605.0495,-138.0,-258.04,358.05
shot_0095,1605.0576,-138.04,-295.09,345.87
shot_0095,1605.0656,-133.81,-330.6,344.18
shot_0095,1605.0736,-134.9,-367.79,321.71
shot_0095,1605.0817,-133.73,-408.03,302.77
shot_0095,1605.0897,-131.83,-443.25,291.25
shot_0095,1605.0978,-130.73,-478.03,279.86
shot_0095,1605.1058,-132.1,-518.42,255.29
shot_0095,1605.1138,-131.52,-553.8,241.22
shot_0095,1605.1219,-130.63,-588.68,224.65
shot_0095,1605.1299,-131.07,-628.96,200.9
shot_0095,1605.138,-131.88,-666.56,178.34
shot_0095,1605.146,-131.48,-699.82,163.72
shot_0095,1605.154,-131.11,-736.38,141.15
shot_0095,1605.1621,-132.88,-774.32,115.68
shot_0095,1605.1701,-133.0,-810.38,94.55
shot_0095,1605.1782,-132.88,-841.55,77.72
shot_0095,1605.1862,-131.98,-874.1,65.36
shot_0095,1605.1942,-131.64,-908.3,78.22
shot_0095,1605.2023,-129.34,-932.59,103.53
shot_0095,1605.2103,-130.64,-966.43,115.97
shot_0095,1605.2184,-126.95,-987.1,144.16
shot_0095,1605.2264,-125.9,-1018.22,156.49
shot_0095,1605.2344,-125.42,-1050.14,170.58
shot_0095,1605.2425,-126.1,-1076.01,185.96
shot_0095,1605.2586,-123.07,-1129.34,217.22
shot_0095,1605.2666,-119.86,-1155.0,236.48
shot_0095,1605.2746,-120.2,-1179.88,249.67
shot_0095,1605.2827,-120.53,-1215.17,254.38
shot_0095,1605.2907,-118.73,-1236.42,271.37
shot_0095,1605.2988,-119.95,-1263.9,278.56
shot_0095,1605.3068,-118.38,-1288.54,291.68
shot_0095,1605.3148,-118.82,-1311.02,302.11
shot_0095,1605.3229,-119.33,-1341.52,308.93
shot_0095,1605.3309,-120.16,-1367.62,316.27
shot_0095,1605.339,-120.58,-1394.46,320.89
shot_0095,1605.347,-119.45,-1422.94,325.33
shot_0095,1605.355,-119.9,-1443.65,335.84
shot_0095,1605.3631,-121.28,-1477.13,334.85
shot_0095,1605.3711,-121.35,-1495.69,346.43
shot_0096,1605.3792,-121.38,-1503.17,352.56
shot_0096,1605.3872,-115.42,-1463.57,370.36
shot_0096,1605.3952,-110.97,-1423.79,383.35
shot_0096,1605.4033,-106.58,-1382.22,399.02
shot_0096,1605.4113,-103.22,-1343.0,409.07
shot_0096,1605.4194,-97.05,-1295.08,423.56
shot_0096,1605.4274,-91.4,-1246.88,439.89
shot_0096,1605.4354,-86.22,-1204.45,453.08
shot_0096,1605.4435,-81.93,-1165.77,464.58
shot_0096,1605.4515,-76.19,-1120.29,478.41
shot_0096,1605.4596,-72.64,-1085.44,483.16
shot_0096,1605.4676,-67.9,-1040.72,494.48
shot_0096,1605.4756,-63.72,-1001.98,503.29
shot_0096,1605.4837,-58.44,-959.54,510.4
shot_0096,1605.4917,-54.09,-917.07,517.8
shot_0096,1605.4998,-48.85,-875.5,524.63
shot_0096,1605.5078,-44.89,-840.19,525.52
shot_0096,1605.5158,-39.3,-800.06,530.21
shot_0096,1605.5239,-35.47,-758.95,535.79
shot_0096,1605.5319,-30.82,-722.59,535.08
shot_0096,1605.54,-25.97,-682.87,537.64
shot_0096,1605.548,-22.14,-642.79,537.62
shot_0096,1605.556,-17.57,-604.45,540.21
shot_0096,1605.5641,-12.09,-566.08,538.41
shot_0096,1605.5721,-7.43,-527.31,540.12
shot_0096,1605.5802,-4.16,-488.81,537.22
shot_0096,1605.5882,0.68,-453.75,528.52
shot_0096,1605.5962,5.19,-417.35,522.66
shot_0096,1605.6043,10.03,-381.35,517.69
shot_0096,1605.6123,14.29,-341.88,518.85
shot_0096,1605.6204,18.23,-306.92,508.01
shot_0096,1605.6284,23.66,-269.8,505.67
shot_0096,1605.6364,27.85,-231.92,500.12
shot_0096,1605.6445,32.16,-198.33,493.9
shot_0096,1605.6525,36.2,-160.78,485.04
shot_0096,1605.6606,40.77,-127.53,475.75
shot_0096,1605.6686,45.48,-90.85,464.7
shot_0096,1605.6766,49.68,-56.06,450.96
shot_0096,1605.6847,54.03,-21.34,437.71
shot_0096,1605.6927,57.55,9.74,426.94
shot_0096,1605.7008,61.99,44.0,413.91
shot_0096,1605.7088,66.88,79.55,400.74
shot_0096,1605.7168,71.44,111.82,387.33
shot_0096,1605.7249,76.34,144.27,371.75
shot_0096,1605.7329,79.68,178.43,353.52
shot_0096,1605.741,84.63,209.72,336.91
shot_0096,1605.749,88.54,243.75,323.94
shot_0096,1605.757,93.22,275.58,303.17
shot_0096,1605.7651,97.26,311.73,281.46
shot_0096,1605.7731,101.93,342.92,262.0
shot_0096,1605.7812,106.37,372.8,244.39
shot_0096,1605.7892,109.59,402.55,229.16
shot_0096,1605.7972,114.8,436.17,202.27
shot_0096,1605.8053,118.43,465.87,188.29
shot_0096,1605.8133,124.11,498.66,158.78
shot_0096,1605.8214,125.98,529.57,139.5
shot_0096,1605.8294,131.69,564.88,108.22
shot_0096,1605.8374,135.09,591.93,89.58
shot_0096,1605.8455,139.07,623.07,62.25
shot_0096,1605.8535,144.21,653.66,34.49
shot_0096,1605.8616,148.82,679.69,26.09
shot_0096,1605.8696,153.1,703.42,50.04
shot_0096,1605.8776,159.2,732.24,65.2
shot_0096,1605.8857,164.41,757.59,86.39
shot_0096,1605.8937,170.34,782.16,107.19
shot_0096,1605.9018,175.87,811.53,116.96
shot_0096,1605.9098,180.84,831.19,144.78
shot_0096,1605.9178,184.56,854.39,161.14
shot_0096,1605.9259,190.4,875.8,180.08
shot_0096,1605.9339,196.2,903.36,193.46
shot_0096,1605.942,200.87,921.42,214.93
shot_0096,1605.95,207.15,954.21,217.44
shot_0096,1605.958,212.46,972.97,236.57
shot_0096,1605.9661,217.6,1003.39,240.83
shot_0096,1605.9741,221.84,1021.85,258.59
shot_0096,1605.9822,227.91,1048.27,264.29
shot_0096,1605.9902,231.1,1069.71,278.2
shot_0096,1605.9982,236.84,1086.86,291.72
shot_0096,1606.0063,240.84,1109.49,296.4
shot_0096,1606.0143,247.62,1142.04,296.52
shot_0096,1606.0224,250.25,1160.68,306.7
shot_0096,1606.0304,256.66,1179.99,314.13
shot_0096,1606.0384,260.14,1202.47,320.8
shot_0096,1606.0465,266.48,1230.98,321.71
shot_0097,1606.0626,271.89,1247.32,325.64
shot_0097,1606.0706,266.83,1193.34,347.1
shot_0097,1606.0786,260.92,1150.76,359.33
shot_0097,1606.0867,255.65,1100.59,376.78
shot_0097,1606.0947,251.6,1060.17,382.6
shot_0097,1606.1028,246.7,1014.98,399.61
shot_0097,1606.1108,241.95,968.04,412.26
shot_0097,1606.1269,233.51,886.1,426.91
shot_0097,1606.1349,228.8,844.0,433.55
shot_0097,1606.143,224.78,798.68,444.09
shot_0097,1606.151,219.26,757.02,450.51
shot_0097,1606.159,215.86,716.62,450.4
shot_0097,1606.1671,211.46,679.28,447.42
shot_0097,1606.1751,207.36,631.97,458.63
shot_0097,1606.1832,202.64,590.9,461.61
shot_0097,1606.1912,198.77,552.81,459.14
shot_0097,1606.1992,194.95,511.14,459.0
shot_0097,1606.2073,190.86,468.63,460.46
shot_0097,1606.2234,182.57,389.56,457.88
shot_0097,1606.2314,178.72,350.42,453.57
shot_0097,1606.2394,174.2,308.94,452.08
shot_0097,1606.2475,170.66,269.0,445.8
shot_0097,1606.2555,166.52,229.6,439.19
shot_0097,1606.2636,162.13,191.96,434.54
shot_0097,1606.2716,158.53,151.71,432.12
shot_0097,1606.2797,154.16,113.45,425.05
shot_0097,1606.2877,150.08,74.88,415.64
shot_0097,1606.2957,145.5,36.8,408.25
shot_0097,1606.3038,142.63,-2.46,398.32
shot_0097,1606.3118,139.0,-40.73,390.69
shot_0097,1606.3199,134.08,-77.8,381.97
shot_0097,1606.3279,130.08,-115.8,366.45
shot_0097,1606.3359,126.26,-152.68,352.29
shot_0097,1606.344,122.06,-187.86,340.29
shot_0097,1606.352,118.77,-225.34,325.83
shot_0097,1606.3601,115.18,-261.72,312.99
shot_0097,1606.3681,111.35,-299.68,296.9
shot_0097,1606.3761,108.04,-332.75,285.1
shot_0097,1606.3842,104.25,-371.8,263.66
shot_0097,1606.3922,99.95,-406.73,246.44
shot_0097,1606.4003,96.73,-443.04,224.95
shot_0097,1606.4083,91.28,-479.0,206.25
shot_0097,1606.4163,90.29,-513.15,186.95
shot_0097,1606.4244,86.22,-547.68,169.23
shot_0097,1606.4324,82.21,-582.41,146.15
shot_0097,1606.4405,78.42,-616.38,129.41
shot_0097,1606.4485,74.78,-653.52,102.56
shot_0097,1606.4565,71.5,-686.9,82.69
shot_0097,1606.4646,68.06,-719.62,62.61
shot_0097,1606.4726,64.87,-752.06,61.81
shot_0097,1606.4807,64.5,-778.9,81.46
shot_0097,1606.4887,64.88,-804.89,107.32
shot_0097,1606.4967,65.28,-835.86,126.27
shot_0097,1606.5048,64.24,-863.69,141.61
shot_0097,1606.5128,64.65,-888.67,163.36
shot_0097,1606.5209,63.38,-920.11,178.61
shot_0097,1606.5289,63.34,-947.23,199.78
shot_0097,1606.5369,62.52,-970.71,217.72
shot_0097,1606.545,61.95,-999.23,229.16
shot_0097,1606.553,62.68,-1020.99,250.36
shot_0097,1606.5611,61.17,-1050.59,260.59
shot_0097,1606.5691,61.28,-1072.5,278.95
shot_0097,1606.5771,62.0,-1092.82,298.6
shot_0097,1606.5852,60.29,-1121.91,306.34
shot_0097,1606.5932,58.4,-1150.19,314.45
shot_0097,1606.6013,59.77,-1178.35,321.37
shot_0097,1606.6093,57.81,-1202.05,331.53
shot_0097,1606.6173,57.08,-1226.18,340.18
shot_0097,1606.6254,56.45,-1247.05,351.45
shot_0097,1606.6334,54.67,-1271.76,355.82
shot_0097,1606.6415,55.33,-1305.38,355.61
shot_0097,1606.6495,55.46,-1319.72,367.18
shot_0097,1606.6575,54.73,-1341.48,377.28
shot_0097,1606.6656,52.64,-1375.21,373.12
shot_0097,1606.6736,51.64,-1402.93,371.56
shot_0098,1606.6817,50.53,-1414.35,379.25
shot_0098,1606.6897,50.04,-1391.09,389.81
shot_0098,1606.6977,50.56,-1347.75,403.76
shot_0098,1606.7058,51.18,-1295.76,425.96
shot_0098,1606.7138,50.64,-1257.63,436.91
shot_0098,1606.7219,52.05,-1214.15,451.31
shot_0098,1606.7299,51.91,-1172.77,463.41
shot_0098,1606.7379,50.97,-1127.86,478.49
shot_0098,1606.746,50.99,-1089.71,486.08
shot_0098,1606.754,52.92,-1044.47,498.73
shot_0098,1606.7621,53.48,-1005.73,507.19
shot_0098,1606.7701,53.76,-963.3,518.01
shot_0098,1606.7781,54.2,-924.76,521.44
shot_0098,1606.7862,53.74,-883.41,529.4
shot_0098,1606.7942,55.86,-841.01,538.63
shot_0098,1606.8023,55.73,-800.89,544.98
shot_0098,1606.8103,56.79,-761.35,546.54
shot_0098,1606.8183,55.85,-721.0,551.34
shot_0098,1606.8264,56.36,-685.09,550.55
shot_0098,1606.8344,57.66,-641.39,558.48
shot_0098,1606.8425,58.27,-604.27,559.73
shot_0098,1606.8505,58.35,-565.47,558.71
shot_0098,1606.8585,59.35,-528.99,553.72
shot_0098,1606.8666,61.17,-488.0,560.34
shot_0098,1606.8746,62.39,-449.72,558.63
shot_0098,1606.8827,62.31,-413.08,555.22
shot_0098,1606.8907,63.71,-375.11,555.18
shot_0098,1606.8987,64.21,-334.97,554.55
shot_0098,1606.9068,65.18,-301.4,545.95
shot_0098,1606.9148,67.07,-262.49,546.38
shot_0098,1606.9229,67.68,-227.67,534.95
shot_0098,1606.9309,68.6,-190.84,529.21
shot_0098,1606.9389,70.75,-152.92,524.23
shot_0098,1606.947,71.95,-116.55,516.59
shot_0098,1606.955,73.21,-81.62,510.26
shot_0098,1606.9631,74.62,-46.45,498.23
shot_0098,1606.9711,75.72,-12.01,492.62
shot_0098,1606.9791,77.12,25.39,480.85
shot_0098,1606.9872,78.3,60.1,470.01
shot_0098,1606.9952,80.24,95.75,455.09
shot_0098,1607.0033,81.46,129.66,445.54
shot_0098,1607.0113,84.07,163.06,432.09
shot_0098,1607.0193,85.74,197.6,418.9
shot_0098,1607.0274,86.94,231.99,398.1
shot_0098,1607.0354,88.74,263.64,385.32
shot_0098,1607.0435,90.27,296.32,373.98
shot_0098,1607.0515,91.56,331.12,356.07
shot_0098,1607.0595,94.34,364.77,339.68
shot_0098,1607.0676,95.37,397.18,320.41
shot_0098,1607.0756,97.34,429.69,300.84
shot_0098,1607.0837,99.76,461.05,284.28
shot_0098,1607.0917,102.1,493.49,265.03
shot_0098,1607.0997,103.26,524.75,243.27
shot_0098,1607.1078,104.76,559.6,219.88
shot_0098,1607.1158,107.09,589.35,198.74
shot_0098,1607.1239,108.3,619.12,184.32
shot_0098,1607.1319,110.3,648.11,162.06
shot_0098,1607.1399,112.07,684.19,131.4
shot_0098,1607.148,113.58,711.3,112.36
shot_0098,1607.156,116.56,746.66,80.95
shot_0098,1607.1641,119.08,769.34,67.24
shot_0098,1607.1721,120.39,801.29,38.65
shot_0098,1607.1801,125.11,830.66,21.94
shot_0098,1607.1882,129.6,856.97,39.35
shot_0098,1607.1962,134.23,882.12,64.63
shot_0098,1607.2043,139.8,908.26,85.85
shot_0098,1607.2123,143.41,933.87,100.95
shot_0098,1607.2203,149.34,961.69,115.81
shot_0098,1607.2284,153.99,979.81,141.84
shot_0098,1607.2364,159.54,1008.25,152.96
shot_0098,1607.2445,164.73,1026.35,178.34
shot_0098,1607.2525,169.22,1052.3,190.04
shot_0098,1607.2605,174.01,1074.82,209.03
shot_0098,1607.2686,178.09,1105.0,212.55
shot_0098,1607.2847,189.15,1157.54,229.98
shot_0098,1607.2927,193.9,1172.27,249.26
shot_0098,1607.3007,197.49,1194.19,261.12
shot_0098,1607.3088,202.6,1222.17,266.43
shot_0098,1607.3168,206.38,1239.67,280.89
shot_0098,1607.3249,212.7,1266.0,285.65
shot_0098,1607.3329,218.02,1294.8,292.8
shot_0098,1607.3409,222.71,1311.54,303.88
shot_0099,1607.349,227.02,1334.34,306.85
shot_0099,1607.357,220.91,1293.6,328.5
shot_0099,1607.3651,214.66,1262.84,330.46
shot_0099,1607.3731,208.27,1216.59,342.76
shot_0099,1607.3811,200.73,1171.31,360.35
shot_0099,1607.3892,194.19,1121.34,375.6
shot_0099,1607.3972,187.02,1078.2,389.05
shot_0099,1607.4053,181.06,1035.64,400.67
shot_0099,1607.4133,173.15,990.45,414.25
shot_0099,1607.4213,168.31,951.85,421.0
shot_0099,1607.4294,160.57,902.38,438.01
shot_0099,1607.4374,154.87,862.65,442.19
shot_0099,1607.4535,142.77,780.62,457.1
shot_0099,1607.4615,136.52,733.32,470.3
shot_0099,1607.4696,131.37,695.49,471.78
shot_0099,1607.4776,125.8,657.99,473.43
shot_0099,1607.4857,119.33,614.98,478.19
shot_0099,1607.4937,113.86,570.08,487.73
shot_0099,1607.5017,109.82,531.63,489.21
shot_0099,1607.5098,104.16,491.25,493.75
shot_0099,1607.5178,99.98,451.23,494.35
shot_0099,1607.5259,94.75,408.17,502.48
shot_0099,1607.5339,90.24,372.5,493.29
shot_0099,1607.5419,84.8,331.2,499.51
shot_0099,1607.55,80.0,290.13,500.11
shot_0099,1607.558,75.95,251.63,497.34
shot_0099,1607.5661,72.31,214.18,501.06
shot_0099,1607.5741,68.46,174.87,497.69
shot_0099,1607.5821,63.92,137.1,492.84
shot_0099,1607.5902,60.36,100.38,483.38
shot_0099,1607.5982,55.73,60.35,484.09
shot_0099,1607.6143,49.37,-17.95,477.51
shot_0099,1607.6223,45.75,-54.68,470.84
shot_0099,1607.6304,42.84,-91.73,465.34
shot_0099,1607.6384,40.29,-128.42,458.4
shot_0099,1607.6465,36.07,-165.52,446.73
shot_0099,1607.6545,32.58,-201.69,442.37
shot_0099,1607.6625,30.85,-241.12,432.94
shot_0099,1607.6706,28.1,-277.28,422.33
shot_0099,1607.6786,25.28,-313.7,410.87
shot_0099,1607.6867,21.63,-350.35,397.44
shot_0099,1607.6947,20.85,-387.59,383.78
shot_0099,1607.7027,17.55,-420.42,373.43
shot_0099,1607.7108,16.14,-456.24,366.39
shot_0099,1607.7188,11.83,-498.11,343.96
shot_0099,1607.7269,10.61,-531.26,332.67
shot_0099,1607.7349,9.65,-565.66,318.24
shot_0099,1607.7429,6.6,-597.78,307.73
shot_0099,1607.759,2.16,-669.32,273.26
shot_0099,1607.7671,0.41,-704.61,257.8
shot_0099,1607.7751,-0.66,-743.16,235.17
shot_0099,1607.7831,-1.98,-772.17,225.17
shot_0099,1607.7912,-3.95,-807.98,206.1
shot_0099,1607.7992,-6.48,-846.66,179.36
shot_0099,1607.8073,-7.11,-876.91,162.43
shot_0099,1607.8153,-8.67,-910.83,144.74
shot_0099,1607.8233,-9.2,-947.25,123.42
shot_0099,1607.8314,-10.92,-981.82,102.73
shot_0099,1607.8394,-10.91,-1016.15,80.72
shot_0099,1607.8475,-12.51,-1048.22,61.51
shot_0099,1607.8555,-8.5,-1068.55,82.51
shot_0099,1607.8635,-9.74,-1103.11,96.16
shot_0099,1607.8716,-7.55,-1135.84,104.11
shot_0099,1607.8796,-5.54,-1154.65,131.28
shot_0099,1607.8877,-1.0,-1186.85,145.24
shot_0099,1607.8957,0.88,-1205.33,171.19
shot_0099,1607.9037,2.81,-1228.25,187.92
shot_0099,1607.9118,5.04,-1255.86,203.32
shot_0099,1607.9198,7.65,-1280.03,216.2
shot_0099,1607.9279,9.75,-1307.9,226.05
shot_0099,1607.9359,12.53,-1329.99,242.18
shot_0099,1607.9439,15.46,-1349.96,258.88
shot_0099,1607.952,17.24,-1375.46,270.4
shot_0099,1607.96,19.73,-1404.66,273.31
shot_0099,1607.9681,23.77,-1429.13,286.96
shot_0099,1607.9761,23.9,-1447.23,300.33
shot_0100,1607.9922,28.64,-1479.36,315.35
shot_0100,1608.0002,31.08,-1434.42,340.1
shot_0100,1608.0163,38.08,-1344.22,383.48
shot_0100,1608.0243,40.53,-1301.13,402.79
shot_0100,1608.0324,41.31,-1257.34,421.44
shot_0100,1608.0404,43.26,-1213.55,443.2
shot_0100,1608.0485,45.15,-1166.47,466.51
shot_0100,1608.0565,47.78,-1130.0,477.75
shot_0100,1608.0645,49.71,-1085.56,496.78
shot_0100,1608.0726,51.59,-1045.92,510.68
shot_0100,1608.0806,53.87,-997.5,532.34
shot_0100,1608.0887,55.79,-957.21,547.68
shot_0100,1608.0967,59.57,-912.73,565.03
shot_0100,1608.1047,62.27,-875.61,573.0
shot_0100,1608.1128,64.25,-837.27,583.1
shot_0100,1608.1208,67.3,-793.65,595.66
shot_0100,1608.1289,70.16,-754.88,603.42
shot_0100,1608.1369,72.83,-711.5,615.48
shot_0100,1608.1449,74.43,-671.84,624.18
shot_0100,1608.153,77.59,-636.18,629.93
shot_0100,1608.1691,82.23,-553.37,646.53
shot_0100,1608.1771,84.46,-515.28,654.47
shot_0100,1608.1851,87.65,-476.61,658.56
shot_0100,1608.1932,91.28,-437.47,659.51
shot_0100,1608.2012,94.17,-398.64,663.05
shot_0100,1608.2093,96.21,-360.92,666.26
shot_0100,1608.2173,98.75,-321.59,670.76
shot_0100,1608.2253,101.84,-282.97,673.6
shot_0100,1608.2334,104.12,-244.8,677.92
shot_0100,1608.2414,107.05,-209.0,671.32
shot_0100,1608.2495,109.46,-171.33,673.04
shot_0100,1608.2575,113.01,-135.37,668.16
shot_0100,1608.2655,116.33,-96.52,666.65
shot_0100,1608.2736,118.04,-62.08,663.99
shot_0100,1608.2816,121.74,-24.75,661.03
shot_0100,1608.2897,124.46,11.13,655.28
shot_0100,1608.2977,127.12,47.37,649.64
shot_0100,1608.3057,129.75,83.37,643.58
shot_0100,1608.3138,133.44,118.28,638.02
shot_0100,1608.3218,136.27,156.56,625.42
shot_0100,1608.3299,139.33,190.04,619.74
shot_0100,1608.3379,141.59,224.25,606.38
shot_0100,1608.3459,144.59,259.24,598.32
shot_0100,1608.354,147.79,294.44,588.42
shot_0100,1608.362,151.26,328.05,578.72
shot_0100,1608.3701,153.5,362.84,565.6
shot_0100,1608.3781,157.01,398.96,552.03
shot_0100,1608.3861,159.78,432.44,535.76
shot_0100,1608.3942,162.74,464.82,522.73
shot_0100,1608.4022,165.05,495.65,511.95
shot_0100,1608.4103,167.5,528.57,496.87
shot_0100,1608.4183,170.66,563.55,477.69
shot_0100,1608.4344,175.96,626.73,446.14
shot_0100,1608.4424,179.67,663.34,420.76
shot_0100,1608.4505,182.2,693.02,407.41
shot_0100,1608.4585,184.0,721.63,390.62
shot_0100,1608.4665,186.89,751.4,371.52
shot_0100,1608.4746,190.38,781.33,351.83
shot_0100,1608.4826,191.47,811.92,332.42
shot_0100,1608.4907,193.93,846.96,305.03
shot_0100,1608.4987,196.63,871.35,289.11
shot_0100,1608.5067,199.41,904.63,262.29
shot_0100,1608.5148,203.24,936.88,235.73
shot_0100,1608.5228,203.94,957.12,224.09
shot_0100,1608.5309,205.88,989.73,196.1
shot_0100,1608.5389,208.99,1024.75,161.79
shot_0100,1608.5469,209.8,1044.17,147.83
shot_0100,1608.555,212.66,1087.28,106.17
shot_0100,1608.563,213.45,1108.06,85.92
shot_0100,1608.5711,215.37,1128.09,68.69
shot_0100,1608.5791,217.77,1164.43,31.78
shot_0100,1608.5871,219.36,1189.82,7.62
shot_0100,1608.5952,224.21,1202.82,25.11
shot_0100,1608.6032,230.88,1244.92,29.53
shot_0100,1608.6113,235.93,1256.85,63.25
shot_0100,1608.6193,242.09,1284.19,78.56
shot_0100,1608.6273,246.5,1301.69,102.81
shot_0100,1608.6354,252.5,1325.69,124.44
shot_0100,1608.6434,258.59,1349.88,139.77
shot_0100,1608.6515,263.62,1361.97,166.43
shot_0100,1608.6595,270.63,1397.63,171.74
shot_0101,1608.6756,273.07,1400.15,205.6
shot_0101,1608.6836,263.91,1351.21,227.69
shot_0101,1608.6917,253.13,1320.88,231.22
shot_0101,1608.6997,242.62,1273.09,250.28
shot_0101,1608.7077,231.9,1230.06,266.41
shot_0101,1608.7158,222.79,1186.07,280.28
shot_0101,1608.7238,213.78,1143.38,294.59
shot_0101,1608.7319,203.31,1108.04,302.97
shot_0101,1608.7399,194.12,1064.39,317.26
shot_0101,1608.748,183.46,1026.28,324.92
shot_0101,1608.756,175.83,989.62,331.73
shot_0101,1608.764,165.58,953.78,335.62
shot_0101,1608.7721,156.47,908.19,349.5
shot_0101,1608.7801,147.68,869.57,358.49
shot_0101,1608.7882,138.94,835.3,357.1
shot_0101,1608.7962,130.42,792.1,372.24
shot_0101,1608.8042,120.83,753.44,377.18
shot_0101,1608.8123,112.84,712.49,383.12
shot_0101,1608.8203,103.61,681.19,379.0
shot_0101,1608.8284,94.87,638.01,391.57
shot_0101,1608.8364,86.67,603.09,389.78
shot_0101,1608.8444,77.71,568.64,390.64
shot_0101,1608.8525,69.96,528.84,396.36
shot_0101,1608.8605,62.15,491.61,397.6
shot_0101,1608.8686,54.61,454.49,396.95
shot_0101,1608.8766,45.67,418.27,396.18
shot_0101,1608.8846,38.49,381.63,396.23
shot_0101,1608.8927,30.33,349.56,390.49
shot_0101,1608.9007,23.46,310.03,396.82
shot_0101,1608.9088,15.47,274.21,388.68
shot_0101,1608.9168,8.36,239.46,386.01
shot_0101,1608.9248,1.42,204.12,384.55
shot_0101,1608.9329,-6.06,170.07,378.98
shot_0101,1608.9409,-12.16,134.39,378.13
shot_0101,1608.949,-19.65,98.32,371.95
shot_0101,1608.957,-26.29,62.51,362.43
shot_0101,1608.965,-31.93,28.74,362.29
shot_0101,1608.9731,-38.76,-6.93,351.9
shot_0101,1608.9811,-45.45,-40.25,347.75
shot_0101,1608.9972,-58.59,-107.42,330.43
shot_0101,1609.0052,-63.6,-142.34,318.68
shot_0101,1609.0133,-70.93,-177.6,305.67
shot_0101,1609.0213,-75.02,-210.7,302.25
shot_0101,1609.0294,-83.55,-246.59,280.32
shot_0101,1609.0374,-89.12,-281.47,272.04
shot_0101,1609.0454,-94.92,-313.77,257.59
shot_0101,1609.0535,-99.13,-345.25,250.54
shot_0101,1609.0615,-105.68,-380.17,233.78
shot_0101,1609.0696,-112.13,-413.51,216.92
shot_0101,1609.0776,-117.2,-446.94,202.52
shot_0101,1609.0856,-122.3,-479.23,189.48
shot_0101,1609.0937,-127.17,-513.78,171.31
shot_0101,1609.1017,-133.37,-544.29,158.36
shot_0101,1609.1098,-137.14,-577.78,144.62
shot_0101,1609.1178,-142.97,-610.0,124.67
shot_0101,1609.1258,-147.26,-642.35,103.05
shot_0101,1609.1339,-153.05,-675.28,86.04
shot_0101,1609.1419,-157.62,-709.87,61.78
shot_0101,1609.158,-161.5,-759.8,85.79
shot_0101,1609.166,-161.42,-784.29,107.01
shot_0101,1609.1741,-165.3,-812.55,119.82
shot_0101,1609.1821,-163.44,-833.37,143.89
shot_0101,1609.1902,-166.88,-861.98,158.55
shot_0101,1609.1982,-166.24,-885.54,173.5
shot_0101,1609.2062,-169.07,-914.15,179.33
shot_0101,1609.2143,-168.57,-934.92,197.53
shot_0101,1609.2223,-172.24,-963.76,202.97
shot_0101,1609.2304,-171.77,-986.39,217.0
shot_0101,1609.2384,-172.27,-1009.32,230.66
shot_0101,1609.2464,-175.96,-1037.56,235.71
shot_0101,1609.2545,-177.99,-1063.69,244.82
shot_0101,1609.2625,-177.12,-1078.79,260.37
shot_0101,1609.2706,-178.51,-1108.52,263.57
shot_0101,1609.2786,-179.3,-1127.16,275.22
shot_0101,1609.2866,-179.83,-1156.1,278.68
shot_0101,1609.2947,-182.88,-1183.92,280.26
shot_0101,1609.3027,-184.37,-1203.93,288.21
shot_0101,1609.3108,-184.69,-1225.95,293.81
shot_0101,1609.3268,-186.72,-1271.07,301.48
shot_0101,1609.3349,-186.18,-1292.77,305.47
shot_0101,1609.3429,-189.58,-1317.77,303.11
shot_0101,1609.351,-188.87,-1343.82,304.34
shot_0101,1609.359,-191.9,-1370.13,301.2
shot_0102,1610.364,114.98,1201.47,93.67
shot_0102,1610.372,105.15,1165.29,113.69
shot_0102,1610.3801,96.01,1122.59,139.48
shot_0102,1610.3881,88.67,1087.04,159.85
shot_0102,1610.3962,79.06,1046.16,182.51
shot_0102,1610.4042,69.67,1009.87,196.58
shot_0102,1610.4122,60.49,973.58,216.0
shot_0102,1610.4203,54.75,928.09,243.65
shot_0102,1610.4283,45.18,893.42,258.01
shot_0102,1610.4364,35.86,865.45,262.82
shot_0102,1610.4524,18.88,784.31,300.45
shot_0102,1610.4605,10.58,748.24,314.07
shot_0102,1610.4685,2.08,712.91,328.19
shot_0102,1610.4766,-6.45,675.16,340.46
shot_0102,1610.4926,-23.25,602.82,364.5
shot_0102,1610.5007,-31.32,565.5,375.44
shot_0102,1610.5168,-47.9,494.4,393.98
shot_0102,1610.5248,-55.25,455.59,406.91
shot_0102,1610.5409,-72.82,386.26,416.53
shot_0102,1610.5489,-81.05,352.28,423.16
shot_0102,1610.565,-97.72,279.04,433.73
shot_0102,1610.573,-107.39,246.55,433.3
shot_0102,1610.5811,-114.98,212.2,435.22
shot_0102,1610.5891,-122.69,176.11,441.81
shot_0102,1610.6052,-138.69,108.76,446.29
shot_0102,1610.6213,-156.69,39.08,442.49
shot_0102,1610.6293,-165.74,5.31,438.56
shot_0102,1610.6454,-181.73,-62.41,434.68
shot_0102,1610.6534,-188.67,-94.83,434.02
shot_0102,1610.6615,-199.17,-129.04,421.76
shot_0102,1610.6776,-213.57,-195.99,417.91
shot_0102,1610.6856,-222.28,-227.38,410.58
shot_0102,1610.6936,-228.35,-260.76,407.89
shot_0102,1610.7017,-238.85,-293.33,395.09
shot_0102,1610.7097,-248.76,-326.97,381.27
shot_0102,1610.7178,-255.89,-358.43,372.85
shot_0102,1610.7338,-274.56,-424.55,347.41
shot_0102,1610.7419,-283.17,-456.55,336.0
shot_0102,1610.7499,-290.57,-487.52,324.73
shot_0102,1610.758,-300.54,-522.57,308.96
shot_0102,1610.766,-311.07,-555.26,291.68
shot_0102,1610.7821,-326.47,-618.79,264.1
shot_0102,1610.7901,-332.3,-645.58,258.38
shot_0102,1610.7982,-344.26,-683.89,231.52
shot_0102,1610.8062,-353.03,-713.25,216.54
shot_0102,1610.8142,-360.75,-744.43,199.94
shot_0102,1610.8223,-370.49,-777.13,178.89
shot_0102,1610.8303,-377.74,-809.5,159.81
shot_0102,1610.8384,-389.23,-843.6,134.49
shot_0102,1610.8464,-396.5,-874.26,116.39
shot_0102,1610.8544,-404.53,-905.43,95.62
shot_0102,1610.8625,-413.91,-935.18,74.19
shot_0102,1610.8705,-420.15,-959.77,70.18
shot_0102,1610.8786,-421.77,-980.95,93.47
shot_0102,1610.8866,-434.19,-1024.62,92.43
shot_0102,1610.8946,-434.91,-1046.23,120.19
shot_0102,1610.9027,-438.26,-1068.95,142.05
shot_0102,1610.9107,-440.81,-1089.45,164.36
shot_0102,1610.9188,-450.77,-1127.98,165.16
shot_0102,1610.9268,-451.31,-1145.34,190.07
shot_0102,1610.9348,-455.41,-1174.33,202.42
shot_0102,1610.9429,-458.93,-1195.34,221.74
shot_0102,1610.9509,-463.04,-1222.82,231.39
shot_0102,1610.959,-468.11,-1245.61,242.36
shot_0102,1610.967,-466.35,-1258.97,264.32
shot_0102,1610.975,-473.17,-1289.28,268.68
shot_0102,1610.9831,-481.5,-1323.44,270.57
shot_0102,1610.9911,-487.12,-1350.49,278.35
shot_0102,1610.9992,-488.29,-1371.06,290.43
shot_0103,1619.6101,-491.0,1257.48,271.24
shot_0103,1619.6181,-479.69,1225.96,294.24
shot_0103,1619.6262,-467.63,1191.43,319.8
shot_0103,1619.6342,-457.51,1156.91,342.42
shot_0103,1619.6422,-445.45,1121.47,367.49
shot_0103,1619.6503,-433.35,1086.31,390.83
shot_0103,1619.6583,-426.74,1061.65,402.1
shot_0103,1619.6664,-418.56,1033.92,417.94
shot_0103,1619.6744,-410.87,1005.93,431.18
shot_0103,1619.6824,-400.59,975.08,446.85
shot_0103,1619.6905,-389.48,937.84,467.51
shot_0103,1619.6985,-377.89,905.23,483.75
shot_0103,1619.7066,-372.03,878.73,493.99
shot_0103,1619.7146,-360.71,845.8,508.96
shot_0103,1619.7226,-353.11,817.8,519.62
shot_0103,1619.7307,-343.7,785.27,533.18
shot_0103,1619.7387,-333.19,751.41,548.07
shot_0103,1619.7468,-324.42,719.49,559.0
shot_0103,1619.7548,-313.83,687.07,571.73
shot_0103,1619.7628,-307.31,660.67,578.35
shot_0103,1619.7709,-296.67,626.27,591.08
shot_0103,1619.7789,-289.99,598.67,595.88
shot_0103,1619.787,-280.87,566.22,605.08
shot_0103,1619.795,-273.21,536.65,609.79
shot_0103,1619.803,-265.32,508.6,613.46
shot_0103,1619.8111,-257.43,477.77,619.45
shot_0103,1619.8191,-250.44,449.61,621.77
shot_0103,1619.8272,-242.79,419.59,623.43
shot_0103,1619.8352,-235.47,390.24,624.65
shot_0103,1619.8432,-228.75,361.84,626.24
shot_0103,1619.8513,-220.31,330.96,627.86
shot_0103,1619.8593,-213.16,302.58,627.79
shot_0103,1619.8674,-205.67,272.25,629.64
shot_0103,1619.8754,-200.91,244.18,623.08
shot_0103,1619.8834,-193.27,215.2,624.36
shot_0103,1619.8995,-179.86,158.58,617.96
shot_0103,1619.9076,-173.68,130.21,612.26
shot_0103,1619.9156,-167.04,101.9,606.59
shot_0103,1619.9236,-161.43,73.86,599.69
shot_0103,1619.9317,-154.94,45.07,595.03
shot_0103,1619.9397,-149.44,16.84,586.53
shot_0103,1619.9478,-142.38,-10.34,581.26
shot_0103,1619.9558,-137.46,-36.38,572.8
shot_0103,1619.9638,-131.65,-63.89,561.82
shot_0103,1619.9719,-125.67,-91.42,551.17
shot_0103,1619.9799,-120.43,-118.82,540.66
shot_0103,1619.988,-114.64,-145.59,531.0
shot_0103,1619.996,-109.17,-172.5,517.36
shot_0103,1620.004,-104.74,-199.97,503.24
shot_0103,1620.0121,-100.19,-227.36,489.96
shot_0103,1620.0201,-95.18,-253.26,471.05
shot_0103,1620.0282,-89.6,-278.58,460.24
shot_0103,1620.0362,-83.87,-303.66,448.28
shot_0103,1620.0442,-79.38,-331.96,427.04
shot_0103,1620.0523,-75.16,-356.54,411.98
shot_0103,1620.0603,-69.87,-383.46,394.83
shot_0103,1620.0684,-64.91,-409.86,377.99
shot_0103,1620.0764,-61.19,-435.28,357.0
shot_0103,1620.0844,-57.11,-462.32,334.54
shot_0103,1620.0925,-52.66,-486.42,316.3
shot_0103,1620.1005,-48.27,-510.32,297.96
shot_0103,1620.1086,-43.84,-537.75,274.49
shot_0103,1620.1166,-39.28,-562.14,252.88
shot_0103,1620.1246,-34.96,-587.32,227.37
shot_0103,1620.1327,-30.63,-610.99,211.06
shot_0103,1620.1407,-27.66,-640.22,176.69
shot_0103,1620.1488,-21.82,-659.0,162.49
shot_0103,1620.1568,-20.5,-685.39,131.97
shot_0103,1620.1648,-15.28,-711.78,103.61
shot_0103,1620.1729,-13.52,-738.86,66.96
shot_0103,1620.1809,-8.65,-756.76,59.76
shot_0103,1620.189,-3.96,-779.45,78.82
shot_0103,1620.197,2.21,-797.69,104.95
shot_0103,1620.205,6.64,-814.12,133.43
shot_0103,1620.2131,10.75,-832.96,149.62
shot_0103,1620.2211,16.23,-845.63,179.5
shot_0103,1620.2292,20.49,-867.28,193.26
shot_0103,1620.2372,25.9,-887.06,214.99
shot_0103,1620.2452,29.7,-904.8,234.04
shot_0103,1620.2533,33.86,-920.35,255.76
shot_0103,1620.2613,37.05,-941.13,266.46
shot_0103,1620.2694,40.88,-962.92,280.04
shot_0103,1620.2774,45.01,-977.14,300.94
shot_0103,1620.2935,53.79,-1010.0,337.01
shot_0103,1620.3015,56.93,-1030.98,345.88
shot_0103,1620.3096,61.04,-1045.92,362.09
shot_0103,1620.3176,64.95,-1064.5,373.7
shot_0103,1620.3256,67.72,-1083.63,382.73
shot_0103,1620.3337,71.95,-1099.75,393.98
shot_0103,1620.3417,74.95,-1119.46,402.47
shot_0103,1620.3498,79.16,-1133.53,415.0
shot_0103,1620.3578,82.07,-1153.75,418.31
shot_0103,1620.3658,84.89,-1170.48,426.48
shot_0103,1620.3739,87.98,-1187.95,430.75
shot_0103,1620.3819,90.88,-1203.29,439.74
shot_0103,1620.39,94.4,-1221.35,443.98
shot_0103,1620.398,96.66,-1243.24,446.78
shot_0103,1620.406,99.79,-1258.07,454.3
shot_0103,1620.4141,102.42,-1274.22,459.35
shot_0103,1620.4221,106.11,-1287.49,464.09
shot_0103,1620.4302,107.83,-1304.37,465.55
shot_0103,1620.4382,110.3,-1324.25,464.05
shot_0103,1620.4462,112.85,-1343.73,464.06
shot_0103,1620.4543,115.41,-1355.55,467.1
shot_0103,1620.4623,116.6,-1385.5,456.32
shot_0103,1620.4704,120.06,-1386.18,468.67
shot_0103,1620.4784,122.51,-1408.23,462.44
shot_0103,1620.4864,122.84,-1437.21,452.03
shot_0103,1620.4945,125.66,-1448.1,452.95
shot_0104,1620.5025,125.7,-1449.38,457.48
shot_0104,1620.5106,125.33,-1421.3,467.42
shot_0104,1620.5186,121.47,-1377.82,484.82
shot_0104,1620.5266,121.77,-1347.05,496.03
shot_0104,1620.5347,118.35,-1300.07,515.63
shot_0104,1620.5427,117.49,-1269.16,524.82
shot_0104,1620.5508,114.69,-1226.77,542.63
shot_0104,1620.5588,112.16,-1194.62,551.08
shot_0104,1620.5668,109.73,-1154.68,563.22
shot_0104,1620.5749,107.47,-1124.04,571.53
shot_0104,1620.5829,104.38,-1085.98,583.03
shot_0104,1620.591,101.7,-1053.22,588.01
shot_0104,1620.599,99.43,-1019.4,596.51
shot_0104,1620.607,96.72,-982.68,605.18
shot_0104,1620.6151,93.21,-949.22,612.64
shot_0104,1620.6231,88.91,-911.15,622.29
shot_0104,1620.6312,86.44,-880.17,624.7
shot_0104,1620.6392,83.15,-849.33,627.61
shot_0104,1620.6472,79.28,-813.41,630.7
shot_0104,1620.6553,75.06,-782.25,630.34
shot_0104,1620.6633,71.5,-749.95,632.38
shot_0104,1620.6714,67.6,-714.84,633.9
shot_0104,1620.6794,63.43,-681.31,634.82
shot_0104,1620.6874,59.7,-648.14,634.73
shot_0104,1620.6955,55.35,-614.11,635.44
shot_0104,1620.7035,50.95,-580.22,635.92
shot_0104,1620.7116,47.27,-550.41,629.58
shot_0104,1620.7196,42.94,-516.78,628.22
shot_0104,1620.7276,38.34,-483.15,627.75
shot_0104,1620.7357,34.54,-450.86,624.16
shot_0104,1620.7437,29.01,-420.58,618.55
shot_0104,1620.7518,25.36,-388.88,612.71
shot_0104,1620.7598,21.13,-356.64,608.6
shot_0104,1620.7678,16.54,-324.43,599.8
shot_0104,1620.7759,11.21,-292.97,591.92
shot_0104,1620.7839,6.84,-262.92,584.84
shot_0104,1620.792,1.62,-231.76,574.74
shot_0104,1620.8,-3.09,-199.67,567.85
shot_0104,1620.808,-7.82,-170.52,557.24
shot_0104,1620.8161,-12.89,-140.59,546.73
shot_0104,1620.8241,-17.55,-109.29,537.59
shot_0104,1620.8322,-23.8,-78.19,522.67
shot_0104,1620.8402,-28.8,-49.53,511.84
shot_0104,1620.8482,-33.68,-20.23,498.64
shot_0104,1620.8563,-39.12,9.53,486.36
shot_0104,1620.8643,-44.7,37.58,467.98
shot_0104,1620.8724,-49.98,66.51,453.37
shot_0104,1620.8804,-54.8,96.27,439.38
shot_0104,1620.8884,-61.17,125.22,420.58
shot_0104,1620.8965,-67.54,155.81,397.88
shot_0104,1620.9045,-72.39,181.56,384.11
shot_0104,1620.9126,-77.48,210.02,366.89
shot_0104,1620.9206,-82.8,236.23,350.39
shot_0104,1620.9286,-88.63,264.42,328.95
shot_0104,1620.9367,-94.31,292.62,306.81
shot_0104,1620.9447,-100.79,319.99,286.52
shot_0104,1620.9528,-107.09,349.79,261.7
shot_0104,1620.9608,-112.41,375.58,238.36
shot_0104,1620.9688,-117.63,401.84,222.07
shot_0104,1620.9769,-124.07,429.53,194.72
shot_0104,1620.9849,-129.23,456.36,172.66
shot_0104,1621.001,-141.55,509.07,124.56
shot_0104,1621.009,-150.19,538.31,93.08
shot_0104,1621.0171,-155.47,563.33,69.57
shot_0104,1621.0251,-161.54,587.82,45.53
shot_0104,1621.0332,-164.36,612.15,62.47
shot_0104,1621.0412,-165.03,632.04,94.75
shot_0104,1621.0492,-170.0,656.58,111.41
shot_0104,1621.0573,-171.82,677.84,132.87
shot_0104,1621.0653,-175.11,700.51,151.59
shot_0104,1621.0734,-176.82,718.29,175.78
shot_0104,1621.0814,-181.58,743.57,184.88
shot_0104,1621.0895,-184.23,765.25,207.31
shot_0104,1621.0975,-186.18,784.46,224.4
shot_0104,1621.1055,-189.18,806.77,239.74
shot_0104,1621.1136,-193.21,827.5,256.46
shot_0104,1621.1216,-195.75,850.6,269.18
shot_0104,1621.1297,-200.6,868.13,287.84
shot_0104,1621.1377,-204.25,891.57,296.41
shot_0104,1621.1457,-206.96,911.77,309.94
shot_0104,1621.1538,-209.73,931.24,322.71
shot_0104,1621.1618,-212.82,952.11,335.73
shot_0104,1621.1699,-216.57,966.3,352.7
shot_0104,1621.1779,-221.33,994.56,353.42
shot_0104,1621.1859,-225.38,1014.24,362.43
shot_0104,1621.194,-228.45,1032.96,373.8
shot_0104,1621.202,-231.39,1052.2,381.98
shot_0104,1621.2101,-235.17,1064.17,394.43
shot_0104,1621.2181,-237.07,1078.85,403.47
shot_0104,1621.2261,-240.78,1099.69,407.86
shot_0104,1621.2342,-244.58,1115.1,416.38
shot_0104,1621.2422,-249.16,1139.41,417.12
shot_0104,1621.2503,-253.03,1158.29,424.67
shot_0104,1621.2583,-255.33,1174.13,436.93
shot_0104,1621.2663,-262.78,1199.55,434.61
shot_0104,1621.2744,-264.4,1211.94,443.06
shot_0104,1621.2824,-265.44,1222.8,453.75
shot_0104,1621.2905,-271.33,1244.27,450.71
shot_0104,1621.3065,-277.02,1271.82,466.25
shot_0104,1621.3146,-277.45,1274.85,480.33
shot_0104,1621.3226,-282.45,1295.42,481.34
shot_0104,1621.3307,-284.76,1311.1,487.42
shot_0104,1621.3387,-290.63,1330.04,488.19
shot_0104,1621.3467,-292.46,1341.66,492.9
shot_0105,1621.3789,-300.46,1376.94,518.77
shot_0105,1621.3869,-295.66,1359.33,509.24
shot_0105,1621.395,-289.01,1328.55,498.59
shot_0105,1621.403,-282.0,1301.31,488.18
shot_0105,1621.4111,-272.0,1261.61,491.26
shot_0105,1621.4191,-265.91,1234.12,482.87
shot_0105,1621.4271,-257.24,1204.64,478.2
shot_0105,1621.4352,-246.81,1165.68,486.58
shot_0105,1621.4432,-235.93,1122.69,496.16
shot_0105,1621.4513,-224.18,1083.24,500.85
shot_0105,1621.4593,-215.0,1040.1,504.82
shot_0105,1621.4673,-207.47,1007.21,505.34
shot_0105,1621.4754,-199.57,974.97,506.18
shot_0105,1621.4834,-187.9,930.96,520.12
shot_0105,1621.4915,-179.08,893.34,522.85
shot_0105,1621.4995,-168.56,849.46,529.78
shot_0105,1621.5075,-161.1,815.33,529.31
shot_0105,1621.5156,-152.41,774.04,534.55
shot_0105,1621.5236,-142.08,732.17,540.71
shot_0105,1621.5317,-133.36,694.2,543.05
shot_0105,1621.5397,-126.24,657.34,539.39
shot_0105,1621.5477,-117.07,615.89,546.62
shot_0105,1621.5558,-110.91,581.97,541.86
shot_0105,1621.5638,-102.08,538.71,545.65
shot_0105,1621.5719,-95.21,504.91,542.67
shot_0105,1621.5799,-87.54,464.53,541.39
shot_0105,1621.5879,-80.67,426.55,540.85
shot_0105,1621.596,-74.8,391.39,534.36
shot_0105,1621.604,-67.21,354.95,533.43
shot_0105,1621.6121,-61.71,317.57,528.03
shot_0105,1621.6201,-54.49,278.54,526.11
shot_0105,1621.6281,-48.13,241.46,520.84
shot_0105,1621.6362,-42.96,206.36,515.68
shot_0105,1621.6442,-35.92,168.92,513.14
shot_0105,1621.6523,-29.22,133.11,506.23
shot_0105,1621.6603,-24.89,96.73,496.55
shot_0105,1621.6683,-19.07,60.65,492.0
shot_0105,1621.6764,-14.31,25.51,482.22
shot_0105,1621.6844,-9.23,-10.53,474.68
shot_0105,1621.6925,-5.18,-46.51,459.42
shot_0105,1621.7005,-0.48,-81.86,451.74
shot_0105,1621.7085,4.07,-115.7,441.85
shot_0105,1621.7166,8.41,-154.6,419.82
shot_0105,1621.7246,14.08,-186.94,419.59
shot_0105,1621.7327,16.93,-222.46,403.77
shot_0105,1621.7407,21.07,-258.81,383.71
shot_0105,1621.7487,23.91,-291.55,369.18
shot_0105,1621.7568,28.68,-323.82,361.61
shot_0105,1621.7648,31.65,-360.27,343.68
shot_0105,1621.7729,33.83,-394.67,324.49
shot_0105,1621.7809,38.23,-428.41,308.77
shot_0105,1621.7889,40.38,-463.55,289.94
shot_0105,1621.797,43.39,-497.86,273.2
shot_0105,1621.805,46.64,-533.41,249.07
shot_0105,1621.8131,49.51,-564.67,236.05
shot_0105,1621.8211,51.72,-599.47,211.93
shot_0105,1621.8291,53.18,-631.09,194.23
shot_0105,1621.8372,56.91,-665.58,173.89
shot_0105,1621.8452,58.54,-700.23,152.6
shot_0105,1621.8533,60.44,-733.71,127.84
shot_0105,1621.8613,62.66,-766.21,108.35
shot_0105,1621.8693,64.08,-796.43,88.44
shot_0105,1621.8774,64.8,-825.88,70.64
shot_0105,1621.8854,68.49,-860.34,59.39
shot_0105,1621.8935,71.08,-884.07,81.45
shot_0105,1621.9015,72.88,-913.86,100.62
shot_0105,1621.9095,77.21,-937.21,124.05
shot_0105,1621.9176,79.35,-962.6,146.55
shot_0105,1621.9256,81.87,-988.58,163.2
shot_0105,1621.9337,84.18,-1020.92,175.37
shot_0105,1621.9417,86.26,-1038.41,202.55
shot_0105,1621.9497,88.12,-1073.15,208.83
shot_0105,1621.9578,90.43,-1087.2,234.48
shot_0105,1621.9658,91.98,-1113.47,247.22
shot_0105,1621.9739,94.11,-1138.3,260.13
shot_0105,1621.9819,95.7,-1167.54,267.19
shot_0105,1621.9899,98.44,-1182.74,294.24
shot_0105,1621.998,98.92,-1210.32,301.41
shot_0105,1622.006,99.54,-1239.93,306.25
shot_0105,1622.0141,100.94,-1253.92,326.12
shot_0105,1622.0221,102.03,-1284.7,328.6
shot_0105,1622.0301,102.8,-1300.94,341.67
shot_0105,1622.0382,104.85,-1329.51,344.34
shot_0105,1622.0462,104.86,-1355.04,353.25
shot_0105,1622.0543,105.69,-1377.22,361.23
shot_0105,1622.0623,105.89,-1399.09,368.72
shot_0105,1622.0703,105.36,-1417.88,377.46
shot_0105,1622.0864,107.37,-1464.79,384.04
shot_0105,1622.0945,105.67,-1491.98,386.87
shot_0105,1622.1025,104.54,-1524.9,385.16
shot_0105,1622.1105,104.07,-1553.38,381.76
shot_0105,1622.1186,104.21,-1575.67,386.51
shot_0105,1622.1266,104.24,-1594.95,393.45
shot_0105,1622.1347,101.68,-1634.34,385.56
shot_0106,1622.1427,101.46,-1648.99,392.98
shot_0106,1622.1507,102.8,-1638.19,402.95
shot_0106,1622.1588,109.68,-1600.06,415.43
shot_0106,1622.1668,113.77,-1550.34,437.1
shot_0106,1622.1749,119.54,-1515.95,446.18
shot_0106,1622.1829,124.22,-1475.87,457.82
shot_0106,1622.1909,129.99,-1424.58,478.1
shot_0106,1622.199,133.42,-1396.65,483.29
shot_0106,1622.207,136.97,-1339.6,508.15
shot_0106,1622.2151,140.88,-1314.66,507.43
shot_0106,1622.2231,146.16,-1266.8,524.33
shot_0106,1622.2311,149.71,-1234.81,527.72
shot_0106,1622.2392,153.53,-1194.78,540.76
shot_0106,1622.2472,158.26,-1156.41,551.5
shot_0106,1622.2553,161.26,-1120.55,553.56
shot_0106,1622.2633,164.65,-1086.38,554.35
shot_0106,1622.2713,168.25,-1053.01,560.18
shot_0106,1622.2794,171.4,-1013.32,568.82
shot_0106,1622.2874,175.3,-985.56,564.46
shot_0106,1622.2955,178.54,-943.78,572.92
shot_0106,1622.3035,181.52,-911.58,572.74
shot_0106,1622.3115,184.64,-872.18,576.5
shot_0106,1622.3196,187.9,-842.84,572.22
shot_0106,1622.3276,190.9,-805.23,573.36
shot_0106,1622.3357,193.53,-770.85,570.63
shot_0106,1622.3437,195.84,-734.25,569.95
shot_0106,1622.3517,199.07,-701.82,564.83
shot_0106,1622.3598,201.08,-665.49,560.85
shot_0106,1622.3678,205.32,-634.87,551.77
shot_0106,1622.3759,206.56,-598.79,552.08
shot_0106,1622.3839,210.31,-569.33,540.08
shot_0106,1622.3919,213.07,-535.57,532.98
shot_0106,1622.4,215.58,-500.28,528.85
shot_0106,1622.408,217.57,-468.7,517.17
shot_0106,1622.4161,219.24,-434.99,509.79
shot_0106,1622.4241,222.41,-402.67,499.69
shot_0106,1622.4321,224.97,-370.76,487.12
shot_0106,1622.4402,227.2,-340.3,475.2
shot_0106,1622.4482,228.41,-306.43,469.08
shot_0106,1622.4563,231.47,-276.86,454.93
shot_0106,1622.4643,232.78,-243.69,445.59
shot_0106,1622.4723,235.66,-214.3,427.22
shot_0106,1622.4804,237.53,-183.38,412.73
shot_0106,1622.4884,240.65,-153.43,396.42
shot_0106,1622.4965,241.6,-123.34,383.53
shot_0106,1622.5045,244.17,-93.49,367.02
shot_0106,1622.5125,246.77,-64.22,348.6
shot_0106,1622.5206,247.75,-34.91,328.61
shot_0106,1622.5286,249.6,-7.43,314.41
shot_0106,1622.5447,253.87,52.3,269.67
shot_0106,1622.5527,256.36,78.6,250.17
shot_0106,1622.5608,258.33,109.08,224.6
shot_0106,1622.5688,259.29,135.48,206.72
shot_0106,1622.5769,261.89,165.25,179.82
shot_0106,1622.5849,263.05,188.69,162.86
shot_0106,1622.5929,264.08,217.28,141.29
shot_0106,1622.601,265.63,244.39,111.7
shot_0106,1622.609,268.35,271.25,84.79
shot_0106,1622.6171,269.46,294.79,67.24
shot_0106,1622.6251,271.44,324.68,28.86
shot_0106,1622.6331,271.48,348.96,39.71
shot_0106,1622.6412,273.17,375.19,60.17
shot_0106,1622.6492,274.11,402.12,81.87
shot_0106,1622.6573,275.11,430.24,94.75
shot_0106,1622.6653,276.13,458.09,118.51
shot_0106,1622.6733,276.29,480.78,139.85
shot_0106,1622.6814,276.88,506.93,161.22
shot_0106,1622.6894,277.97,533.16,173.9
shot_0106,1622.6975,277.78,556.03,196.81
shot_0106,1622.7055,279.54,584.26,209.0
shot_0106,1622.7135,279.3,607.36,228.7
shot_0106,1622.7216,280.4,634.59,237.1
shot_0106,1622.7296,279.97,659.65,253.97
shot_0106,1622.7377,279.75,684.01,267.39
shot_0106,1622.7457,280.74,708.77,280.78
shot_0106,1622.7537,279.27,733.8,293.06
shot_0106,1622.7618,282.09,763.2,294.47
shot_0106,1622.7698,280.09,783.04,311.13
shot_0106,1622.7779,279.3,805.7,323.51
shot_0106,1622.7859,279.78,832.09,329.86
shot_0106,1622.7939,278.86,853.27,340.86
shot_0106,1622.802,279.52,882.09,340.91
shot_0106,1622.81,278.59,903.12,350.6
shot_0106,1622.8181,277.53,927.51,356.15
shot_0106,1622.8261,277.12,950.42,361.83
shot_0106,1622.8341,276.89,975.88,363.66
shot_0106,1622.8422,276.01,996.63,368.14
shot_0106,1622.8502,275.5,1021.55,368.35
shot_0106,1622.8583,273.94,1043.07,371.51
shot_0106,1622.8663,273.21,1069.97,370.08
shot_0106,1622.8743,272.52,1088.31,372.03
shot_0106,1622.8824,271.08,1110.04,373.08
shot_0106,1622.8904,271.68,1140.16,365.32
shot_0106,1622.8985,270.4,1161.63,365.02
shot_0106,1622.9065,269.16,1183.69,366.37
shot_0106,1622.9145,268.97,1209.23,359.29
shot_0106,1622.9226,267.37,1227.5,359.25
shot_0107,1622.9387,260.85,1246.34,360.86
shot_0107,1622.9467,251.07,1202.67,376.73
shot_0107,1622.9628,232.22,1126.43,396.73
shot_0107,1622.9708,221.72,1082.04,410.83
shot_0107,1622.9789,211.57,1034.78,429.55
shot_0107,1622.9869,201.03,992.6,441.34
shot_0107,1622.9949,191.73,952.39,452.31
shot_0107,1623.003,183.35,912.08,462.18
shot_0107,1623.011,174.05,866.75,477.49
shot_0107,1623.0191,165.02,825.78,484.54
shot_0107,1623.0271,155.16,785.92,492.31
shot_0107,1623.0351,145.04,743.22,503.19
shot_0107,1623.0432,137.08,700.1,512.61
shot_0107,1623.0593,119.52,622.51,521.53
shot_0107,1623.0673,111.07,583.17,527.09
shot_0107,1623.0753,102.28,540.74,534.41
shot_0107,1623.0834,94.05,504.86,531.68
shot_0107,1623.0914,85.62,463.03,539.49
shot_0107,1623.0995,77.29,422.93,545.2
shot_0107,1623.1075,68.48,382.54,548.9
shot_0107,1623.1155,60.53,347.26,545.08
shot_0107,1623.1236,53.66,307.39,545.87
shot_0107,1623.1316,47.19,268.18,551.92
shot_0107,1623.1477,32.34,195.09,551.37
shot_0107,1623.1557,25.68,155.54,553.79
shot_0107,1623.1638,16.66,120.37,544.54
shot_0107,1623.1718,10.03,83.57,546.62
shot_0107,1623.1799,2.31,43.39,539.91
shot_0107,1623.1879,-4.7,7.72,534.97
shot_0107,1623.1959,-10.94,-28.14,534.49
shot_0107,1623.204,-17.71,-66.86,528.35
shot_0107,1623.212,-24.32,-101.92,517.82
shot_0107,1623.2201,-30.25,-138.08,514.28
shot_0107,1623.2281,-37.16,-174.46,508.29
shot_0107,1623.2361,-43.78,-210.39,497.93
shot_0107,1623.2442,-50.52,-246.61,489.64
shot_0107,1623.2522,-57.79,-284.52,478.42
shot_0107,1623.2683,-69.35,-356.85,458.72
shot_0107,1623.2763,-74.55,-392.56,446.7
shot_0107,1623.2844,-79.09,-427.47,437.8
shot_0107,1623.2924,-86.82,-463.28,423.32
shot_0107,1623.3005,-92.2,-500.25,407.64
shot_0107,1623.3085,-97.57,-532.92,397.2
shot_0107,1623.3165,-102.7,-567.55,382.63
shot_0107,1623.3246,-109.27,-605.08,367.1
shot_0107,1623.3326,-114.16,-640.53,353.18
shot_0107,1623.3407,-119.21,-675.93,336.14
shot_0107,1623.3487,-124.71,-711.24,317.15
shot_0107,1623.3567,-131.18,-746.5,298.79
shot_0107,1623.3648,-134.89,-778.67,284.02
shot_0107,1623.3728,-140.74,-813.16,266.52
shot_0107,1623.3809,-145.95,-846.6,249.66
shot_0107,1623.3889,-151.34,-888.51,218.92
shot_0107,1623.3969,-156.09,-921.49,201.91
shot_0107,1623.405,-160.37,-955.21,183.34
shot_0107,1623.413,-165.75,-987.06,160.84
shot_0107,1623.4211,-169.16,-1023.68,138.07
shot_0107,1623.4291,-174.59,-1053.89,118.38
shot_0107,1623.4371,-176.95,-1084.43,100.86
shot_0107,1623.4452,-182.0,-1117.33,76.6
shot_0107,1623.4532,-188.02,-1157.74,56.57
shot_0107,1623.4613,-188.62,-1186.98,74.56
shot_0107,1623.4773,-187.5,-1238.06,118.24
shot_0107,1623.4854,-184.54,-1249.15,151.99
shot_0107,1623.4934,-186.74,-1282.48,165.48
shot_0107,1623.5015,-186.11,-1301.91,190.28
shot_0107,1623.5095,-187.74,-1331.6,201.67
shot_0107,1623.5175,-188.7,-1359.77,213.18
shot_0107,1623.5256,-189.1,-1387.64,227.32
shot_0107,1623.5336,-186.43,-1403.27,250.07
shot_0107,1623.5417,-187.71,-1429.94,260.57
shot_0107,1623.5497,-185.78,-1447.8,281.48
shot_0107,1623.5578,-187.57,-1485.0,282.92
shot_0107,1623.5658,-185.21,-1494.82,304.1
shot_0107,1623.5738,-186.25,-1531.76,307.72
shot_0107,1623.5819,-186.02,-1552.2,322.29
shot_0107,1623.5899,-184.64,-1574.49,334.32
shot_0108,1623.598,-185.76,-1597.77,341.99
shot_0108,1623.606,-183.36,-1560.75,369.5
shot_0108,1623.614,-180.92,-1524.73,383.0
shot_0108,1623.6221,-179.13,-1490.73,398.99
shot_0108,1623.6301,-178.79,-1450.23,418.93
shot_0108,1623.6382,-174.06,-1414.6,434.8
shot_0108,1623.6462,-175.39,-1384.69,448.06
shot_0108,1623.6542,-172.49,-1343.57,465.17
shot_0108,1623.6623,-170.16,-1311.04,477.94
shot_0108,1623.6703,-169.44,-1275.74,492.83
shot_0108,1623.6784,-168.7,-1245.27,500.33
shot_0108,1623.6864,-166.39,-1201.59,518.3
shot_0108,1623.6944,-163.64,-1159.15,534.77
shot_0108,1623.7025,-163.31,-1126.9,544.68
shot_0108,1623.7105,-162.2,-1093.11,552.71
shot_0108,1623.7186,-159.68,-1055.58,564.65
shot_0108,1623.7266,-157.63,-1017.48,576.4
shot_0108,1623.7346,-156.8,-985.45,582.84
shot_0108,1623.7427,-156.72,-953.9,587.97
shot_0108,1623.7507,-153.92,-919.46,594.04
shot_0108,1623.7588,-153.21,-888.44,598.05
shot_0108,1623.7668,-149.81,-848.62,607.5
shot_0108,1623.7748,-148.67,-816.47,608.4
shot_0108,1623.7829,-147.12,-781.47,614.72
shot_0108,1623.7909,-146.01,-748.55,615.7
shot_0108,1623.799,-144.88,-715.47,617.41
shot_0108,1623.807,-142.3,-680.22,622.11
shot_0108,1623.815,-140.26,-647.44,622.62
shot_0108,1623.8231,-138.99,-614.33,622.71
shot_0108,1623.8311,-136.77,-582.81,622.2
shot_0108,1623.8392,-135.28,-550.41,619.81
shot_0108,1623.8472,-133.71,-518.65,615.19
shot_0108,1623.8552,-133.02,-489.59,610.73
shot_0108,1623.8633,-129.94,-455.76,607.56
shot_0108,1623.8713,-128.34,-424.51,605.61
shot_0108,1623.8794,-127.06,-392.84,601.31
shot_0108,1623.8874,-125.35,-361.68,594.62
shot_0108,1623.8954,-122.19,-330.37,589.62
shot_0108,1623.9035,-120.2,-296.47,585.85
shot_0108,1623.9115,-118.3,-268.36,576.2
shot_0108,1623.9196,-116.48,-238.18,568.97
shot_0108,1623.9276,-114.61,-207.82,561.52
shot_0108,1623.9356,-113.05,-178.41,549.8
shot_0108,1623.9437,-111.81,-148.68,536.95
shot_0108,1623.9517,-111.32,-119.48,526.57
shot_0108,1623.9598,-109.31,-88.81,512.71
shot_0108,1623.9678,-107.51,-59.82,501.27
shot_0108,1623.9758,-104.27,-31.56,490.91
shot_0108,1623.9839,-104.37,-1.59,473.46
shot_0108,1623.9919,-102.78,27.69,456.96
shot_0108,1624.0,-101.86,57.16,439.0
shot_0108,1624.008,-99.61,84.69,427.61
shot_0108,1624.016,-98.88,112.39,409.03
shot_0108,1624.0241,-96.73,139.43,395.03
shot_0108,1624.0321,-94.85,168.86,374.32
shot_0108,1624.0402,-93.33,197.27,357.53
shot_0108,1624.0482,-91.86,224.91,337.54
shot_0108,1624.0562,-91.03,252.0,315.83
shot_0108,1624.0643,-89.33,279.97,292.89
shot_0108,1624.0723,-87.15,305.57,277.58
shot_0108,1624.0804,-85.77,331.56,256.07
shot_0108,1624.0884,-84.34,357.44,234.24
shot_0108,1624.0964,-83.22,386.35,204.47
shot_0108,1624.1125,-81.51,440.38,155.29
shot_0108,1624.1206,-80.23,464.24,135.09
shot_0108,1624.1286,-78.91,488.69,112.45
shot_0108,1624.1366,-77.92,513.95,87.66
shot_0108,1624.1447,-76.43,539.89,58.7
shot_0108,1624.1527,-76.75,565.15,38.23
shot_0108,1624.1608,-71.09,586.0,62.44
shot_0108,1624.1688,-66.98,605.75,92.12
shot_0108,1624.1768,-61.57,628.89,106.89
shot_0108,1624.1849,-57.61,650.95,125.46
shot_0108,1624.1929,-51.88,668.68,153.29
shot_0108,1624.201,-47.99,687.71,168.19
shot_0108,1624.209,-43.32,709.5,186.41
shot_0108,1624.217,-39.12,730.24,204.27
shot_0108,1624.2251,-34.23,750.07,225.92
shot_0108,1624.2331,-28.65,772.68,241.65
shot_0108,1624.2412,-24.03,789.27,258.66
shot_0108,1624.2492,-20.85,812.6,268.21
shot_0108,1624.2572,-16.84,830.54,286.49
shot_0108,1624.2653,-13.01,848.29,299.68
shot_0108,1624.2733,-9.69,866.72,313.18
shot_0108,1624.2814,-4.88,890.43,320.62
shot_0108,1624.2894,-1.31,909.62,333.06
shot_0108,1624.2974,2.78,932.2,340.27
shot_0108,1624.3055,7.85,944.22,355.26
shot_0108,1624.3135,10.81,969.73,356.66
shot_0108,1624.3216,14.58,985.09,369.92
shot_0108,1624.3296,19.51,998.78,381.08
shot_0108,1624.3376,23.28,1025.73,380.38
shot_0108,1624.3457,27.04,1038.02,390.59
shot_0108,1624.3537,30.96,1049.9,400.83
shot_0108,1624.3698,39.28,1090.51,405.96
shot_0108,1624.3778,43.65,1107.75,410.72
shot_0108,1624.3859,47.33,1133.58,406.62
shot_0108,1624.3939,49.38,1150.09,408.07
shot_0108,1624.402,53.34,1163.76,414.75
shot_0108,1624.41,58.06,1182.07,415.72
shot_0108,1624.418,61.13,1210.29,409.08
shot_0109,1624.4341,66.58,1229.75,414.03
shot_0109,1624.4422,60.66,1187.55,417.42
shot_0109,1624.4502,55.48,1137.82,429.0
shot_0109,1624.4582,50.56,1089.15,439.92
shot_0109,1624.4663,44.98,1047.18,442.85
shot_0109,1624.4743,37.2,1000.81,446.19
shot_0109,1624.4824,32.74,958.27,453.26
shot_0109,1624.4904,26.01,916.26,454.1
shot_0109,1624.4984,21.39,874.56,455.66
shot_0109,1624.5065,15.32,829.89,457.15
shot_0109,1624.5145,11.33,785.68,460.31
shot_0109,1624.5226,5.62,742.68,460.91
shot_0109,1624.5306,0.39,700.23,459.99
shot_0109,1624.5386,-4.62,656.08,463.55
shot_0109,1624.5467,-9.04,614.74,461.03
shot_0109,1624.5547,-12.25,570.01,461.44
shot_0109,1624.5628,-17.21,528.23,460.63
shot_0109,1624.5708,-22.58,491.91,449.72
shot_0109,1624.5788,-28.17,449.12,444.88
shot_0109,1624.5869,-32.41,402.55,449.34
shot_0109,1624.5949,-36.18,364.45,435.52
shot_0109,1624.603,-39.62,323.72,431.17
shot_0109,1624.611,-42.15,281.94,431.87
shot_0109,1624.619,-46.35,242.33,424.2
shot_0109,1624.6271,-50.7,204.57,416.76
shot_0109,1624.6351,-54.26,164.76,402.51
shot_0109,1624.6432,-58.02,122.5,394.1
shot_0109,1624.6512,-60.78,83.78,384.06
shot_0109,1624.6592,-63.87,45.03,373.68
shot_0109,1624.6673,-66.94,7.36,358.96
shot_0109,1624.6753,-68.42,-31.24,356.59
shot_0109,1624.6834,-73.46,-69.7,335.3
shot_0109,1624.6914,-75.68,-108.87,322.78
shot_0109,1624.6994,-78.12,-147.52,307.88
shot_0109,1624.7075,-78.9,-185.17,297.03
shot_0109,1624.7155,-80.87,-220.34,282.79
shot_0109,1624.7236,-84.47,-257.78,265.08
shot_0109,1624.7316,-86.85,-294.51,247.95
shot_0109,1624.7396,-90.16,-335.22,224.24
shot_0109,1624.7477,-91.09,-371.23,209.96
shot_0109,1624.7557,-92.06,-407.12,195.4
shot_0109,1624.7638,-92.63,-439.29,182.97
shot_0109,1624.7718,-96.58,-481.16,151.83
shot_0109,1624.7798,-99.56,-516.24,132.48
shot_0109,1624.7879,-101.79,-553.7,105.13
shot_0109,1624.7959,-101.98,-588.23,88.94
shot_0109,1624.804,-103.48,-623.08,68.64
shot_0109,1624.812,-103.56,-657.09,63.1
shot_0109,1624.8281,-96.64,-709.54,124.58
shot_0109,1624.8361,-96.52,-746.71,129.47
shot_0109,1624.8442,-93.02,-773.15,152.42
shot_0109,1624.8522,-91.16,-800.04,170.04
shot_0109,1624.8602,-89.28,-831.05,185.48
shot_0109,1624.8683,-86.76,-860.64,203.51
shot_0109,1624.8763,-85.67,-888.53,217.85
shot_0109,1624.8844,-84.08,-916.82,228.77
shot_0109,1624.8924,-79.86,-945.05,245.8
shot_0109,1624.9004,-77.48,-971.18,258.6
shot_0109,1624.9165,-72.62,-1026.85,282.95
shot_0109,1624.9246,-70.61,-1054.34,291.24
shot_0109,1624.9326,-69.25,-1086.38,299.34
shot_0109,1624.9406,-65.71,-1113.09,309.32
shot_0109,1624.9487,-65.22,-1140.59,316.7
shot_0109,1624.9567,-60.47,-1157.14,333.06
shot_0109,1624.9648,-56.76,-1179.79,342.92
shot_0109,1624.9728,-55.7,-1210.2,345.1
shot_0109,1624.9808,-52.5,-1235.04,351.67
shot_0109,1624.9889,-50.97,-1262.27,353.86
shot_0109,1624.9969,-47.16,-1284.7,362.51
shot_0109,1625.005,-44.62,-1308.1,365.69
shot_0109,1625.013,-40.62,-1341.66,361.74
shot_0109,1625.021,-38.68,-1356.74,370.61
shot_0109,1625.0291,-36.36,-1390.05,368.4
shot_0109,1625.0371,-33.5,-1416.98,365.88
shot_0109,1625.0452,-32.52,-1442.91,365.91
shot_0109,1625.0532,-27.82,-1469.79,363.9
shot_0109,1625.0612,-26.82,-1500.48,357.28
shot_0110,1625.0773,-18.68,-1502.47,375.52
shot_0110,1625.0854,-14.2,-1477.93,382.54
shot_0110,1625.0934,-6.45,-1439.8,398.62
shot_0110,1625.1014,1.06,-1396.5,415.42
shot_0110,1625.1095,5.81,-1358.27,430.03
shot_0110,1625.1175,12.44,-1324.03,440.94
shot_0110,1625.1336,25.21,-1253.18,462.32
shot_0110,1625.1416,32.44,-1211.58,476.86
shot_0110,1625.1497,38.03,-1176.84,483.84
shot_0110,1625.1577,44.81,-1140.8,493.96
shot_0110,1625.1738,57.36,-1071.32,509.69
shot_0110,1625.1818,63.67,-1035.72,517.15
shot_0110,1625.1899,68.67,-1002.05,521.95
shot_0110,1625.1979,75.25,-967.12,528.37
shot_0110,1625.206,81.14,-931.48,533.78
shot_0110,1625.214,87.42,-897.84,535.85
shot_0110,1625.222,93.09,-866.81,534.51
shot_0110,1625.2301,99.02,-833.19,534.76
shot_0110,1625.2381,105.13,-798.61,537.74
shot_0110,1625.2462,110.21,-765.95,536.89
shot_0110,1625.2542,116.98,-733.67,535.61
shot_0110,1625.2622,121.61,-698.44,534.74
shot_0110,1625.2703,128.21,-667.38,532.28
shot_0110,1625.2864,138.84,-606.11,519.79
shot_0110,1625.2944,144.3,-572.12,519.37
shot_0110,1625.3024,149.52,-537.78,516.63
shot_0110,1625.3105,154.79,-509.2,505.49
shot_0110,1625.3185,160.91,-476.62,498.33
shot_0110,1625.3266,166.37,-443.87,492.46
shot_0110,1625.3346,171.01,-413.29,486.17
shot_0110,1625.3426,175.94,-383.39,475.83
shot_0110,1625.3507,181.04,-353.19,465.02
shot_0110,1625.3587,186.03,-323.15,457.4
shot_0110,1625.3668,191.51,-292.88,440.61
shot_0110,1625.3748,195.53,-263.56,430.17
shot_0110,1625.3828,201.01,-232.77,418.62
shot_0110,1625.3989,210.31,-176.05,393.14
shot_0110,1625.407,213.95,-147.41,374.55
shot_0110,1625.415,218.99,-118.89,360.41
shot_0110,1625.423,223.6,-89.84,346.63
shot_0110,1625.4311,228.37,-61.96,329.01
shot_0110,1625.4391,232.65,-34.47,311.61
shot_0110,1625.4472,236.95,-6.72,293.57
shot_0110,1625.4552,239.92,19.63,273.37
shot_0110,1625.4632,244.83,48.24,254.56
shot_0110,1625.4713,247.85,74.1,237.46
shot_0110,1625.4793,252.52,101.25,211.37
shot_0110,1625.4874,256.14,127.61,191.33
shot_0110,1625.4954,259.69,154.94,167.26
shot_0110,1625.5115,266.73,206.92,124.81
shot_0110,1625.5195,270.82,232.02,96.67
shot_0110,1625.5276,273.89,257.61,73.24
shot_0110,1625.5356,276.62,281.66,50.4
shot_0110,1625.5436,279.81,306.2,27.99
shot_0110,1625.5517,287.14,329.8,44.93
shot_0110,1625.5597,295.89,352.88,67.99
shot_0110,1625.5678,305.04,373.49,82.69
shot_0110,1625.5758,312.02,396.05,108.9
shot_0110,1625.5838,322.72,419.86,127.62
shot_0110,1625.5919,330.11,442.36,148.73
shot_0110,1625.5999,339.42,465.34,161.17
shot_0110,1625.608,348.94,486.75,178.43
shot_0110,1625.616,355.49,507.08,198.92
shot_0110,1625.624,363.37,528.42,213.4
shot_0110,1625.6321,372.55,552.08,219.07
shot_0110,1625.6401,380.46,571.9,241.66
shot_0110,1625.6482,388.97,594.39,249.11
shot_0110,1625.6562,395.78,614.47,265.37
shot_0110,1625.6642,403.73,634.59,278.46
shot_0110,1625.6723,413.05,656.95,284.66
shot_0110,1625.6803,420.76,676.91,297.13
shot_0110,1625.6884,428.25,700.25,301.62
shot_0110,1625.6964,436.16,716.85,314.26
shot_0110,1625.7044,442.03,736.14,328.05
shot_0110,1625.7125,453.41,763.75,323.1
shot_0110,1625.7205,459.31,781.92,335.01
shot_0110,1625.7286,467.12,803.96,336.32
shot_0110,1625.7366,475.25,822.94,343.44
shot_0110,1625.7446,480.07,840.18,352.13
shot_0111,1625.9617,492.1,762.75,387.48
shot_0111,1625.9698,477.73,711.59,398.11
shot_0111,1625.9778,465.65,665.88,400.47
shot_0111,1625.9858,453.63,618.57,402.82
shot_0111,1625.9939,441.72,571.64,405.77
shot_0111,1626.0019,428.7,525.27,409.25
shot_0111,1626.01,417.59,480.63,411.01
shot_0111,1626.018,405.94,431.65,413.16
shot_0111,1626.0261,393.95,387.36,411.34
shot_0111,1626.0341,382.81,342.07,411.0
shot_0111,1626.0421,370.87,296.9,412.71
shot_0111,1626.0502,359.86,252.99,407.91
shot_0111,1626.0582,348.49,206.15,407.06
shot_0111,1626.0663,338.26,164.06,403.94
shot_0111,1626.0743,326.33,120.76,402.53
shot_0111,1626.0823,314.69,75.88,400.12
shot_0111,1626.0904,304.24,30.48,396.69
shot_0111,1626.0984,292.56,-11.95,392.67
shot_0111,1626.1065,281.68,-55.22,387.01
shot_0111,1626.1145,271.32,-98.11,379.63
shot_0111,1626.1225,260.16,-139.1,373.89
shot_0111,1626.1306,248.89,-183.4,365.6
shot_0111,1626.1386,237.58,-226.18,359.67
shot_0111,1626.1467,227.3,-266.75,353.82
shot_0111,1626.1547,215.43,-310.9,343.0
shot_0111,1626.1627,205.75,-353.53,334.65
shot_0111,1626.1708,194.86,-393.69,326.91
shot_0111,1626.1788,185.49,-436.18,310.5
shot_0111,1626.1869,175.11,-476.56,302.59
shot_0111,1626.1949,164.82,-516.63,291.92
shot_0111,1626.2029,155.79,-559.34,276.09
shot_0111,1626.211,144.01,-597.19,269.31
shot_0111,1626.219,134.38,-642.77,247.53
shot_0111,1626.2271,124.56,-683.18,232.72
shot_0111,1626.2351,113.14,-726.2,214.57
shot_0111,1626.2431,103.79,-762.22,202.53
shot_0111,1626.2512,93.05,-804.32,187.63
shot_0111,1626.2592,83.35,-838.03,176.23
shot_0111,1626.2673,72.68,-885.88,147.52
shot_0111,1626.2833,53.14,-963.42,116.92
shot_0111,1626.2914,42.09,-1002.08,96.78
shot_0111,1626.2994,31.52,-1042.79,76.44
shot_0111,1626.3075,24.16,-1072.49,68.27
shot_0111,1626.3155,14.89,-1109.93,76.16
shot_0111,1626.3235,8.4,-1149.56,87.11
shot_0111,1626.3316,4.13,-1174.72,114.11
shot_0111,1626.3396,-4.29,-1217.66,121.53
shot_0111,1626.3477,-9.13,-1241.49,147.71
shot_0111,1626.3557,-14.0,-1268.03,168.91
shot_0111,1626.3637,-20.93,-1300.17,183.77
shot_0111,1626.3718,-27.16,-1334.34,193.35
shot_0111,1626.3798,-33.51,-1369.11,202.61
shot_0111,1626.3879,-39.73,-1394.0,217.03
shot_0111,1626.3959,-46.28,-1429.77,227.55
shot_0111,1626.4039,-52.49,-1462.94,236.29
shot_0111,1626.412,-55.24,-1472.86,262.82
shot_0111,1626.42,-61.77,-1518.71,260.68
shot_0111,1626.4281,-68.34,-1542.36,274.8
shot_0111,1626.4361,-74.11,-1578.22,278.85
shot_0111,1626.4441,-80.65,-1611.17,288.08
shot_0111,1626.4522,-87.01,-1640.36,296.05
shot_0111,1626.4602,-94.41,-1673.85,301.93
shot_0111,1626.4683,-96.77,-1699.2,313.78
shot_0112,1637.9977,397.87,-1315.58,323.77
shot_0112,1638.0057,396.43,-1288.4,337.52
shot_0112,1638.0138,391.79,-1246.35,358.0
shot_0112,1638.0218,389.74,-1219.61,366.89
shot_0112,1638.0299,385.1,-1182.81,385.35
shot_0112,1638.0379,382.04,-1151.57,396.45
shot_0112,1638.0459,377.72,-1123.41,403.5
shot_0112,1638.054,376.06,-1092.48,412.85
shot_0112,1638.062,370.03,-1053.15,432.01
shot_0112,1638.0701,367.56,-1026.71,433.58
shot_0112,1638.0781,363.82,-993.79,443.46
shot_0112,1638.0861,358.55,-962.7,451.78
shot_0112,1638.0942,355.14,-932.41,457.1
shot_0112,1638.1022,352.13,-899.86,465.36
shot_0112,1638.1103,346.89,-866.57,473.08
shot_0112,1638.1183,342.61,-835.89,475.14
shot_0112,1638.1263,338.9,-807.36,475.4
shot_0112,1638.1344,332.87,-773.08,483.03
shot_0112,1638.1424,329.23,-744.2,483.84
shot_0112,1638.1505,325.55,-715.32,483.63
shot_0112,1638.1585,320.58,-684.66,483.79
shot_0112,1638.1665,314.88,-651.65,488.99
shot_0112,1638.1746,310.16,-621.79,487.04
shot_0112,1638.1826,305.33,-594.31,482.43
shot_0112,1638.1907,300.87,-563.49,482.6
shot_0112,1638.1987,295.82,-534.06,479.2
shot_0112,1638.2067,290.46,-504.78,476.22
shot_0112,1638.2148,285.47,-473.33,472.91
shot_0112,1638.2228,280.94,-445.18,468.51
shot_0112,1638.2309,276.51,-416.86,463.12
shot_0112,1638.2389,271.3,-388.74,451.41
shot_0112,1638.2469,265.43,-358.38,451.83
shot_0112,1638.255,260.71,-330.71,444.43
shot_0112,1638.263,256.27,-301.43,435.71
shot_0112,1638.2711,250.46,-271.33,429.11
shot_0112,1638.2791,246.0,-245.2,416.74
shot_0112,1638.2871,241.14,-217.51,406.86
shot_0112,1638.2952,235.69,-189.24,398.61
shot_0112,1638.3032,230.43,-161.06,387.37
shot_0112,1638.3113,225.25,-133.83,374.26
shot_0112,1638.3193,220.31,-106.59,361.6
shot_0112,1638.3273,215.0,-79.12,348.52
shot_0112,1638.3354,209.76,-52.78,335.22
shot_0112,1638.3434,204.44,-27.87,318.42
shot_0112,1638.3515,198.95,-0.19,304.11
shot_0112,1638.3595,193.66,26.6,288.01
shot_0112,1638.3676,187.35,50.74,272.04
shot_0112,1638.3756,183.23,75.92,257.67
shot_0112,1638.3836,177.7,102.81,235.59
shot_0112,1638.3917,172.26,126.83,219.51
shot_0112,1638.3997,166.03,151.24,199.02
shot_0112,1638.4078,160.45,176.46,180.07
shot_0112,1638.4158,154.95,201.65,156.48
shot_0112,1638.4238,151.25,224.22,145.05
shot_0112,1638.4319,144.89,249.77,115.81
shot_0112,1638.4399,138.31,274.51,86.7
shot_0112,1638.448,132.92,297.4,69.96
shot_0112,1638.456,127.42,320.59,45.78
shot_0112,1638.464,122.64,345.14,37.44
shot_0112,1638.4721,118.84,370.33,66.67
shot_0112,1638.4801,113.84,397.39,82.17
shot_0112,1638.4882,109.15,424.42,103.18
shot_0112,1638.4962,104.44,451.3,125.72
shot_0112,1638.5042,100.36,479.16,136.57
shot_0112,1638.5123,95.93,503.98,157.82
shot_0112,1638.5203,90.47,531.2,172.23
shot_0112,1638.5284,85.7,556.39,191.52
shot_0112,1638.5364,81.34,579.89,206.41
shot_0112,1638.5444,76.24,608.13,218.26
shot_0112,1638.5525,70.76,635.62,229.11
shot_0112,1638.5605,65.95,658.31,247.03
shot_0112,1638.5686,60.2,684.63,258.36
shot_0112,1638.5766,54.63,708.36,267.2
shot_0112,1638.5846,50.58,733.49,278.36
shot_0112,1638.5927,45.99,760.06,286.17
shot_0112,1638.6007,40.26,784.35,297.29
shot_0112,1638.6088,34.9,806.57,305.48
shot_0112,1638.6168,29.1,830.91,312.11
shot_0112,1638.6248,24.31,864.72,307.48
shot_0112,1638.6329,19.7,880.45,324.16
shot_0112,1638.6409,13.62,906.79,325.29
shot_0112,1638.649,7.5,931.43,327.19
shot_0112,1638.657,3.22,954.37,334.92
shot_0112,1638.665,-3.08,981.68,334.66
shot_0112,1638.6731,-8.0,1000.69,341.98
shot_0112,1638.6811,-13.4,1026.29,339.62
shot_0112,1638.6892,-19.63,1049.59,339.55
shot_0112,1638.6972,-24.77,1068.24,343.79
shot_0112,1638.7052,-29.97,1089.54,345.75
shot_0112,1638.7133,-36.95,1119.52,336.69
shot_0112,1638.7213,-41.45,1139.36,336.72
shot_0112,1638.7294,-47.0,1157.72,337.44
shot_0112,1638.7374,-53.0,1184.99,331.29
shot_0112,1638.7454,-59.58,1207.65,325.22
shot_0113,1638.7615,-66.54,1220.82,332.07
shot_0113,1638.7696,-67.16,1186.6,342.93
shot_0113,1638.7776,-69.12,1149.73,354.42
shot_0113,1638.7856,-67.18,1110.78,369.93
shot_0113,1638.7937,-63.23,1061.61,391.43
shot_0113,1638.8017,-65.07,1026.23,400.46
shot_0113,1638.8098,-65.91,991.18,410.49
shot_0113,1638.8178,-63.25,944.84,428.75
shot_0113,1638.8258,-62.31,907.74,438.94
shot_0113,1638.8339,-63.44,872.83,444.93
shot_0113,1638.8419,-60.98,829.32,459.08
shot_0113,1638.85,-58.49,785.71,472.84
shot_0113,1638.858,-58.65,753.77,473.43
shot_0113,1638.866,-56.19,710.9,483.53
shot_0113,1638.8741,-55.76,677.66,487.34
shot_0113,1638.8821,-55.31,639.72,493.29
shot_0113,1638.8902,-52.91,600.95,499.87
shot_0113,1638.8982,-52.15,563.6,505.07
shot_0113,1638.9062,-51.92,527.51,505.76
shot_0113,1638.9143,-49.67,487.8,510.42
shot_0113,1638.9223,-48.04,449.73,513.32
shot_0113,1638.9304,-45.06,413.07,514.18
shot_0113,1638.9384,-41.68,375.13,522.07
shot_0113,1638.9464,-41.57,340.24,520.01
shot_0113,1638.9545,-40.28,302.94,520.9
shot_0113,1638.9625,-38.95,266.74,518.33
shot_0113,1638.9706,-36.22,229.46,518.98
shot_0113,1638.9786,-35.26,194.83,515.33
shot_0113,1638.9866,-34.27,159.11,510.07
shot_0113,1638.9947,-30.79,122.32,512.63
shot_0113,1639.0027,-30.1,89.06,503.48
shot_0113,1639.0108,-26.67,53.84,497.79
shot_0113,1639.0188,-24.6,19.23,493.18
shot_0113,1639.0268,-23.53,-15.42,485.2
shot_0113,1639.0349,-21.09,-50.95,479.13
shot_0113,1639.0429,-18.35,-84.52,475.35
shot_0113,1639.051,-17.35,-117.65,464.04
shot_0113,1639.059,-15.39,-153.74,451.54
shot_0113,1639.067,-11.69,-187.49,445.23
shot_0113,1639.0751,-10.15,-220.38,435.07
shot_0113,1639.0831,-8.69,-252.45,421.11
shot_0113,1639.0912,-5.42,-286.9,407.06
shot_0113,1639.0992,-2.63,-321.09,392.66
shot_0113,1639.1072,-1.37,-353.41,381.7
shot_0113,1639.1153,1.62,-386.72,368.31
shot_0113,1639.1233,3.26,-420.65,352.9
shot_0113,1639.1314,5.99,-454.81,335.74
shot_0113,1639.1394,8.35,-485.39,322.12
shot_0113,1639.1474,11.3,-520.26,300.55
shot_0113,1639.1555,13.65,-552.54,283.97
shot_0113,1639.1635,15.13,-582.31,268.56
shot_0113,1639.1716,19.1,-616.32,248.67
shot_0113,1639.1796,20.85,-647.84,230.84
shot_0113,1639.1876,23.55,-681.59,211.17
shot_0113,1639.1957,25.04,-713.98,186.6
shot_0113,1639.2037,27.19,-745.12,165.07
shot_0113,1639.2118,32.22,-777.32,144.72
shot_0113,1639.2198,34.38,-806.45,124.24
shot_0113,1639.2278,36.57,-841.05,95.98
shot_0113,1639.2359,40.13,-871.93,70.41
shot_0113,1639.2439,42.31,-898.36,55.74
shot_0113,1639.252,46.58,-921.8,74.46
shot_0113,1639.26,52.18,-948.41,95.91
shot_0113,1639.268,56.8,-970.11,122.34
shot_0113,1639.2761,60.93,-996.9,137.95
shot_0113,1639.2841,66.33,-1023.08,154.7
shot_0113,1639.2922,71.05,-1045.46,174.94
shot_0113,1639.3002,76.81,-1066.12,195.31
shot_0113,1639.3082,80.77,-1090.62,213.47
shot_0113,1639.3163,86.19,-1112.96,228.51
shot_0113,1639.3243,89.16,-1130.87,248.62
shot_0113,1639.3324,94.53,-1164.7,252.44
shot_0113,1639.3404,100.25,-1183.2,274.27
shot_0113,1639.3484,104.92,-1201.06,291.36
shot_0113,1639.3565,109.8,-1226.84,298.99
shot_0113,1639.3645,113.09,-1258.62,302.66
shot_0113,1639.3726,116.98,-1270.47,321.27
shot_0113,1639.3806,122.75,-1297.06,326.99
shot_0113,1639.3886,127.18,-1314.65,341.16
shot_0113,1639.3967,130.14,-1335.85,351.43
shot_0113,1639.4047,136.29,-1360.61,359.17
shot_0113,1639.4128,140.3,-1380.67,368.44
shot_0113,1639.4208,144.8,-1401.03,371.53
shot_0113,1639.4288,147.97,-1430.46,370.9
shot_0113,1639.4369,153.58,-1444.1,383.81
shot_0113,1639.4449,156.9,-1466.89,389.4
shot_0113,1639.453,160.88,-1495.52,386.3
shot_0113,1639.461,165.56,-1506.65,399.68
shot_0113,1639.469,168.53,-1525.06,405.2
shot_0113,1639.4771,173.43,-1558.81,398.98
shot_0113,1639.4851,177.35,-1588.85,398.6
shot_0113,1639.4932,183.4,-1601.67,408.01
shot_0113,1639.5012,186.73,-1615.09,417.14
shot_0113,1639.5092,191.74,-1634.18,424.32
shot_0113,1639.5173,195.79,-1674.82,412.32
shot_0114,1651.4085,-451.47,1303.35,153.22
shot_0114,1651.4166,-446.58,1276.97,162.54
shot_0114,1651.4246,-436.08,1234.62,186.94
shot_0114,1651.4327,-426.96,1197.79,204.68
shot_0114,1651.4407,-418.09,1160.98,221.1
shot_0114,1651.4487,-403.68,1111.8,250.19
shot_0114,1651.4568,-396.4,1077.05,264.32
shot_0114,1651.4648,-391.69,1044.54,272.77
shot_0114,1651.4729,-379.08,1002.06,293.87
shot_0114,1651.4809,-372.34,967.09,305.1
shot_0114,1651.4889,-361.47,921.71,327.94
shot_0114,1651.497,-353.63,884.83,339.39
shot_0114,1651.505,-345.79,848.08,350.14
shot_0114,1651.5131,-334.9,804.04,369.7
shot_0114,1651.5211,-331.28,773.61,371.84
shot_0114,1651.5291,-322.03,733.01,384.95
shot_0114,1651.5372,-314.46,694.8,395.21
shot_0114,1651.5452,-306.16,655.97,406.88
shot_0114,1651.5533,-297.58,616.52,416.9
shot_0114,1651.5613,-291.13,580.86,422.78
shot_0114,1651.5693,-283.45,543.21,429.07
shot_0114,1651.5774,-278.47,508.86,431.67
shot_0114,1651.5854,-269.95,468.27,441.32
shot_0114,1651.5935,-263.04,432.96,447.87
shot_0114,1651.6015,-257.43,397.73,448.97
shot_0114,1651.6095,-250.42,361.85,452.21
shot_0114,1651.6176,-245.12,325.44,449.6
shot_0114,1651.6256,-239.3,291.83,453.86
shot_0114,1651.6337,-232.32,254.13,455.64
shot_0114,1651.6417,-226.52,219.72,456.16
shot_0114,1651.6497,-220.7,184.93,453.94
shot_0114,1651.6578,-215.62,150.28,449.93
shot_0114,1651.6658,-210.72,114.0,449.15
shot_0114,1651.6739,-203.73,77.97,448.72
shot_0114,1651.6819,-200.7,43.67,437.59
shot_0114,1651.6899,-194.56,9.51,435.88
shot_0114,1651.698,-189.63,-23.63,431.3
shot_0114,1651.706,-183.69,-59.74,427.17
shot_0114,1651.7141,-180.68,-92.28,416.68
shot_0114,1651.7221,-173.32,-127.75,414.47
shot_0114,1651.7301,-171.78,-161.27,399.62
shot_0114,1651.7382,-166.16,-194.52,392.25
shot_0114,1651.7462,-161.56,-227.95,383.32
shot_0114,1651.7543,-157.16,-261.7,373.23
shot_0114,1651.7623,-153.81,-294.06,359.81
shot_0114,1651.7703,-149.36,-327.05,346.94
shot_0114,1651.7784,-145.34,-360.52,333.22
shot_0114,1651.7864,-141.92,-392.84,319.22
shot_0114,1651.7945,-138.57,-425.03,305.59
shot_0114,1651.8025,-135.06,-457.09,291.32
shot_0114,1651.8105,-130.62,-487.74,279.05
shot_0114,1651.8186,-128.61,-523.61,256.22
shot_0114,1651.8266,-124.1,-555.24,242.95
shot_0114,1651.8347,-121.16,-586.03,226.3
shot_0114,1651.8427,-118.45,-619.09,203.87
shot_0114,1651.8507,-113.48,-645.08,197.7
shot_0114,1651.8588,-111.83,-681.26,166.7
shot_0114,1651.8668,-108.55,-711.09,150.74
shot_0114,1651.8749,-106.32,-743.94,127.09
shot_0114,1651.8829,-102.97,-775.42,104.57
shot_0114,1651.8909,-98.93,-802.03,90.79
shot_0114,1651.899,-98.09,-834.66,62.08
shot_0114,1651.907,-90.89,-853.97,84.82
shot_0114,1651.9151,-88.47,-885.24,98.52
shot_0114,1651.9231,-85.46,-915.14,110.04
shot_0114,1651.9311,-78.1,-932.01,142.77
shot_0114,1651.9392,-74.03,-953.72,162.88
shot_0114,1651.9472,-71.2,-986.97,172.33
shot_0114,1651.9553,-65.38,-1003.97,193.52
shot_0114,1651.9633,-62.81,-1032.49,206.38
shot_0114,1651.9713,-60.32,-1061.21,213.09
shot_0114,1651.9794,-55.65,-1083.75,229.41
shot_0114,1651.9874,-51.99,-1105.1,247.25
shot_0114,1651.9955,-48.06,-1126.54,260.12
shot_0114,1652.0035,-43.11,-1146.71,277.38
shot_0114,1652.0115,-38.93,-1167.76,291.09
shot_0114,1652.0196,-37.2,-1199.54,292.41
shot_0114,1652.0276,-33.8,-1220.72,301.14
shot_0114,1652.0357,-28.76,-1241.19,314.58
shot_0114,1652.0437,-25.02,-1260.46,323.88
shot_0114,1652.0517,-23.09,-1290.62,324.78
shot_0114,1652.0598,-19.15,-1311.27,332.94
shot_0114,1652.0678,-17.68,-1330.82,339.66
shot_0114,1652.0759,-12.7,-1355.87,344.15
shot_0114,1652.0839,-8.13,-1367.42,359.0
shot_0114,1652.0919,-6.38,-1401.41,353.0
shot_0114,1652.1,-4.29,-1426.28,354.04
shot_0114,1652.108,-1.48,-1441.48,359.76
shot_0114,1652.1161,1.26,-1458.72,368.71
shot_0114,1652.1241,1.88,-1490.11,363.81
shot_0114,1652.1321,3.99,-1520.47,353.85
shot_0114,1652.1402,7.75,-1531.08,365.32
shot_0114,1652.1482,11.31,-1549.96,368.91
shot_0114,1652.1563,13.97,-1574.47,364.82
shot_0114,1652.1643,15.23,-1592.02,366.05
shot_0114,1652.1723,16.44,-1621.45,358.48
shot_0115,1652.1804,17.09,-1654.91,350.18
shot_0115,1652.1884,21.4,-1630.27,366.23
shot_0115,1652.1965,20.24,-1593.46,383.12
shot_0115,1652.2045,21.24,-1552.15,400.31
shot_0115,1652.2125,22.71,-1511.3,419.03
shot_0115,1652.2206,23.42,-1472.44,435.31
shot_0115,1652.2286,24.41,-1441.13,447.58
shot_0115,1652.2367,25.34,-1391.76,471.71
shot_0115,1652.2447,25.39,-1354.29,485.91
shot_0115,1652.2527,26.44,-1313.65,502.77
shot_0115,1652.2608,25.48,-1284.61,509.63
shot_0115,1652.2688,25.76,-1248.51,521.61
shot_0115,1652.2769,27.25,-1203.73,540.26
shot_0115,1652.2849,26.82,-1158.48,557.71
shot_0115,1652.2929,24.75,-1125.59,565.87
shot_0115,1652.301,24.38,-1087.27,578.95
shot_0115,1652.309,23.94,-1056.95,582.89
shot_0115,1652.3171,22.92,-1016.86,593.9
shot_0115,1652.3251,22.09,-980.81,602.26
shot_0115,1652.3331,22.27,-941.85,613.11
shot_0115,1652.3412,21.11,-906.22,619.48
shot_0115,1652.3492,19.44,-876.58,619.88
shot_0115,1652.3573,17.23,-840.93,624.27
shot_0115,1652.3653,15.52,-803.49,629.14
shot_0115,1652.3733,15.03,-769.03,633.33
shot_0115,1652.3814,13.59,-729.85,637.91
shot_0115,1652.3894,11.15,-698.34,635.53
shot_0115,1652.3975,9.44,-666.3,634.06
shot_0115,1652.4055,8.09,-627.85,637.52
shot_0115,1652.4135,6.6,-592.99,640.12
shot_0115,1652.4216,3.77,-560.39,636.49
shot_0115,1652.4296,1.98,-522.83,636.41
shot_0115,1652.4377,-0.39,-491.67,632.55
shot_0115,1652.4457,-1.86,-458.04,629.31
shot_0115,1652.4537,-4.56,-426.48,622.71
shot_0115,1652.4618,-7.55,-393.95,615.83
shot_0115,1652.4698,-9.14,-359.48,614.21
shot_0115,1652.4779,-11.44,-326.67,607.89
shot_0115,1652.4859,-13.9,-293.38,605.08
shot_0115,1652.4939,-16.22,-263.1,594.82
shot_0115,1652.502,-19.3,-230.53,584.48
shot_0115,1652.51,-21.87,-199.42,574.11
shot_0115,1652.5181,-24.19,-168.27,568.06
shot_0115,1652.5261,-27.09,-137.75,556.9
shot_0115,1652.5341,-30.24,-106.18,543.3
shot_0115,1652.5422,-33.32,-75.56,530.75
shot_0115,1652.5502,-36.65,-45.24,519.71
shot_0115,1652.5583,-39.56,-15.03,505.16
shot_0115,1652.5663,-42.9,16.14,490.82
shot_0115,1652.5743,-45.78,45.0,476.18
shot_0115,1652.5824,-48.44,76.01,458.55
shot_0115,1652.5904,-52.14,104.14,445.08
shot_0115,1652.5985,-55.74,134.92,425.93
shot_0115,1652.6065,-58.39,164.49,409.22
shot_0115,1652.6145,-62.13,193.05,386.09
shot_0115,1652.6226,-65.08,221.75,370.18
shot_0115,1652.6306,-68.73,248.93,351.81
shot_0115,1652.6387,-72.72,278.17,326.7
shot_0115,1652.6467,-75.2,306.07,306.87
shot_0115,1652.6547,-79.25,334.95,284.36
shot_0115,1652.6628,-83.14,361.91,266.37
shot_0115,1652.6708,-86.63,388.69,240.78
shot_0115,1652.6789,-89.06,416.66,219.58
shot_0115,1652.6869,-94.94,445.21,188.65
shot_0115,1652.6949,-98.43,470.26,168.23
shot_0115,1652.703,-100.81,496.73,144.97
shot_0115,1652.711,-106.28,521.7,117.24
shot_0115,1652.7191,-109.11,550.01,89.94
shot_0115,1652.7271,-113.4,575.33,60.78
shot_0115,1652.7351,-117.94,602.08,39.26
shot_0115,1652.7432,-119.47,624.29,61.33
shot_0115,1652.7512,-119.36,645.27,88.46
shot_0115,1652.7593,-120.91,665.93,112.24
shot_0115,1652.7673,-121.24,684.41,138.32
shot_0115,1652.7753,-123.45,709.52,155.04
shot_0115,1652.7834,-124.96,728.37,181.83
shot_0115,1652.7914,-126.68,750.46,198.87
shot_0115,1652.7995,-128.51,771.13,214.53
shot_0115,1652.8075,-130.87,790.28,237.12
shot_0115,1652.8155,-134.72,816.19,246.03
shot_0115,1652.8236,-137.13,842.8,257.95
shot_0115,1652.8316,-138.88,858.87,279.22
shot_0115,1652.8397,-140.9,877.37,296.74
shot_0115,1652.8477,-142.94,896.88,312.31
shot_0115,1652.8557,-145.65,917.76,323.09
shot_0115,1652.8638,-148.6,939.35,334.91
shot_0115,1652.8718,-150.07,955.02,351.52
shot_0115,1652.8799,-153.15,981.14,357.37
shot_0115,1652.8879,-156.38,1002.52,364.05
shot_0115,1652.8959,-158.01,1016.4,381.15
shot_0115,1652.904,-160.4,1036.27,390.74
shot_0115,1652.912,-163.96,1057.66,393.83
shot_0115,1652.9201,-167.68,1077.66,401.9
shot_0115,1652.9281,-171.38,1101.19,403.21
shot_0115,1652.9361,-172.18,1115.32,413.71
shot_0115,1652.9442,-173.05,1125.26,427.11
shot_0115,1652.9522,-177.41,1147.9,434.12
shot_0115,1652.9603,-178.95,1159.27,443.73
shot_0116,1652.9763,-185.66,1192.23,443.6
shot_0116,1652.9844,-182.34,1151.7,458.46
shot_0116,1652.9924,-177.3,1110.95,469.26
shot_0116,1653.0005,-174.04,1078.26,474.47
shot_0116,1653.0085,-168.47,1028.88,491.83
shot_0116,1653.0165,-164.45,991.59,499.91
shot_0116,1653.0246,-160.64,952.93,506.54
shot_0116,1653.0326,-156.6,914.43,515.45
shot_0116,1653.0407,-152.65,873.35,524.76
shot_0116,1653.0487,-147.72,831.75,533.54
shot_0116,1653.0567,-144.79,795.16,538.91
shot_0116,1653.0648,-139.73,755.18,546.66
shot_0116,1653.0728,-136.39,718.61,548.01
shot_0116,1653.0809,-131.73,675.79,556.99
shot_0116,1653.0889,-128.13,638.78,557.77
shot_0116,1653.0969,-123.59,600.21,562.77
shot_0116,1653.105,-119.17,561.56,564.93
shot_0116,1653.113,-115.61,525.93,562.66
shot_0116,1653.1211,-110.91,486.62,565.4
shot_0116,1653.1291,-106.13,450.2,565.57
shot_0116,1653.1371,-103.15,413.04,559.55
shot_0116,1653.1452,-98.74,375.24,563.26
shot_0116,1653.1532,-94.35,339.67,559.14
shot_0116,1653.1613,-90.94,303.91,555.58
shot_0116,1653.1693,-87.77,265.68,551.3
shot_0116,1653.1774,-83.77,230.43,548.1
shot_0116,1653.1854,-78.9,194.36,544.04
shot_0116,1653.1934,-75.62,158.1,538.42
shot_0116,1653.2015,-71.75,123.26,527.41
shot_0116,1653.2095,-68.03,87.03,522.88
shot_0116,1653.2176,-64.58,52.49,515.13
shot_0116,1653.2256,-61.51,16.86,502.85
shot_0116,1653.2336,-58.44,-19.29,493.21
shot_0116,1653.2417,-53.71,-53.31,486.97
shot_0116,1653.2497,-49.74,-87.56,473.76
shot_0116,1653.2578,-46.58,-123.63,463.66
shot_0116,1653.2658,-42.59,-157.57,450.57
shot_0116,1653.2738,-39.57,-191.56,436.22
shot_0116,1653.2819,-35.2,-227.4,425.27
shot_0116,1653.2899,-32.14,-260.29,409.24
shot_0116,1653.298,-28.86,-295.11,394.01
shot_0116,1653.306,-25.33,-328.58,379.02
shot_0116,1653.314,-23.03,-363.64,352.64
shot_0116,1653.3221,-18.16,-393.56,345.37
shot_0116,1653.3301,-14.09,-426.26,327.4
shot_0116,1653.3382,-12.07,-463.17,301.61
shot_0116,1653.3462,-7.29,-493.54,289.59
shot_0116,1653.3542,-3.51,-523.82,268.33
shot_0116,1653.3623,-1.37,-560.27,244.65
shot_0116,1653.3703,2.13,-590.74,228.94
shot_0116,1653.3784,5.32,-625.88,198.76
shot_0116,1653.3864,10.09,-653.48,185.43
shot_0116,1653.3944,12.28,-684.19,165.29
shot_0116,1653.4025,14.09,-720.53,131.87
shot_0116,1653.4105,17.88,-749.73,110.62
shot_0116,1653.4186,20.99,-782.77,82.04
shot_0116,1653.4266,24.11,-816.89,55.91
shot_0116,1653.4346,29.15,-834.76,76.8
shot_0116,1653.4427,34.9,-865.6,89.79
shot_0116,1653.4507,40.09,-888.07,111.85
shot_0116,1653.4588,46.66,-907.35,143.54
shot_0116,1653.4668,49.95,-932.08,161.98
shot_0116,1653.4748,55.61,-961.38,179.65
shot_0116,1653.4829,61.95,-986.33,196.56
shot_0116,1653.4909,66.01,-1004.69,220.64
shot_0116,1653.499,72.0,-1026.2,242.24
shot_0116,1653.507,76.59,-1053.2,252.56
shot_0116,1653.515,82.41,-1072.22,273.48
shot_0116,1653.5231,87.67,-1102.51,279.88
shot_0116,1653.5311,93.98,-1116.31,306.17
shot_0116,1653.5392,98.33,-1138.04,320.32
shot_0116,1653.5472,102.79,-1168.28,324.9
shot_0116,1653.5552,107.52,-1187.09,340.45
shot_0116,1653.5633,113.55,-1203.56,356.92
shot_0116,1653.5713,116.8,-1231.09,360.53
shot_0116,1653.5794,121.49,-1254.14,370.83
shot_0116,1653.5874,126.71,-1277.45,374.39
shot_0116,1653.5954,133.2,-1298.9,386.57
shot_0116,1653.6035,136.86,-1321.36,391.63
shot_0116,1653.6115,140.95,-1348.46,396.01
shot_0116,1653.6196,145.13,-1367.61,403.9
shot_0116,1653.6276,150.15,-1390.78,407.5
shot_0116,1653.6356,153.51,-1395.97,424.42
shot_0116,1653.6437,157.99,-1425.91,422.31
shot_0116,1653.6517,162.54,-1444.81,428.79
shot_0117,1653.6598,164.91,-1447.9,435.13
shot_0117,1653.6678,161.79,-1408.32,454.15
shot_0117,1653.6758,160.71,-1371.39,467.52
shot_0117,1653.6919,156.78,-1304.83,490.87
shot_0117,1653.7,153.31,-1272.43,501.91
shot_0117,1653.708,151.54,-1233.96,517.5
shot_0117,1653.716,148.46,-1197.54,527.94
shot_0117,1653.7241,147.23,-1158.72,541.07
shot_0117,1653.7321,143.39,-1121.14,551.77
shot_0117,1653.7402,141.2,-1087.71,560.42
shot_0117,1653.7482,138.53,-1055.72,565.71
shot_0117,1653.7562,136.96,-1021.67,575.86
shot_0117,1653.7643,135.3,-986.01,583.92
shot_0117,1653.7723,133.53,-953.84,587.64
shot_0117,1653.7804,131.22,-918.12,596.57
shot_0117,1653.7884,129.38,-882.72,603.22
shot_0117,1653.7964,127.97,-850.73,604.02
shot_0117,1653.8045,125.4,-816.64,607.97
shot_0117,1653.8125,123.75,-782.7,609.6
shot_0117,1653.8206,122.67,-750.11,611.2
shot_0117,1653.8286,121.09,-715.13,610.16
shot_0117,1653.8366,119.36,-686.06,609.33
shot_0117,1653.8447,117.34,-651.12,610.86
shot_0117,1653.8527,115.96,-616.35,611.85
shot_0117,1653.8608,114.83,-587.33,605.81
shot_0117,1653.8688,113.42,-552.91,605.84
shot_0117,1653.8768,112.36,-518.98,604.51
shot_0117,1653.8849,111.26,-490.23,596.45
shot_0117,1653.8929,109.89,-454.25,597.45
shot_0117,1653.901,109.35,-422.62,591.02
shot_0117,1653.909,108.27,-391.74,586.84
shot_0117,1653.917,105.96,-357.53,582.68
shot_0117,1653.9251,105.75,-327.27,572.39
shot_0117,1653.9331,104.32,-295.37,564.29
shot_0117,1653.9412,103.62,-265.26,554.56
shot_0117,1653.9492,103.59,-234.63,545.97
shot_0117,1653.9572,102.33,-202.99,538.76
shot_0117,1653.9653,101.21,-174.1,526.73
shot_0117,1653.9733,100.53,-141.8,516.07
shot_0117,1653.9814,99.13,-112.58,501.85
shot_0117,1653.9894,98.79,-82.02,493.67
shot_0117,1653.9974,98.38,-53.37,480.14
shot_0117,1654.0055,97.1,-22.95,464.24
shot_0117,1654.0135,97.08,4.89,452.34
shot_0117,1654.0216,95.84,34.48,436.38
shot_0117,1654.0296,96.27,64.51,420.71
shot_0117,1654.0376,94.62,94.15,402.46
shot_0117,1654.0457,94.65,122.52,386.35
shot_0117,1654.0537,93.55,151.29,365.62
shot_0117,1654.0618,93.62,178.12,349.29
shot_0117,1654.0698,92.86,207.52,326.27
shot_0117,1654.0778,92.43,233.34,310.47
shot_0117,1654.0859,91.29,259.78,292.92
shot_0117,1654.0939,90.81,289.16,273.8
shot_0117,1654.102,89.86,317.85,243.69
shot_0117,1654.11,89.38,342.71,230.34
shot_0117,1654.118,88.54,371.95,200.73
shot_0117,1654.1261,89.17,400.74,174.25
shot_0117,1654.1341,88.06,427.02,151.69
shot_0117,1654.1422,87.52,451.16,131.38
shot_0117,1654.1502,86.34,478.73,102.72
shot_0117,1654.1582,85.07,501.48,87.52
shot_0117,1654.1663,85.17,532.09,48.6
shot_0117,1654.1743,85.47,558.22,25.6
shot_0117,1654.1824,90.4,576.99,49.96
shot_0117,1654.1904,91.26,599.26,68.33
shot_0117,1654.1984,95.5,625.25,87.11
shot_0117,1654.2065,98.58,635.31,127.42
shot_0117,1654.2145,100.99,660.62,143.49
shot_0117,1654.2226,103.85,686.3,152.06
shot_0117,1654.2306,108.68,706.02,173.14
shot_0117,1654.2386,110.83,726.22,187.77
shot_0117,1654.2467,114.58,747.56,207.96
shot_0117,1654.2547,117.29,764.41,223.92
shot_0117,1654.2628,121.39,785.85,243.29
shot_0117,1654.2708,125.2,804.47,260.34
shot_0117,1654.2788,127.27,826.26,268.35
shot_0117,1654.2869,130.79,846.94,281.02
shot_0117,1654.2949,134.34,863.22,299.35
shot_0117,1654.303,136.98,885.91,308.31
shot_0117,1654.311,140.39,910.01,313.89
shot_0117,1654.319,143.7,925.95,328.02
shot_0117,1654.3271,147.36,943.88,336.4
shot_0117,1654.3351,150.1,959.32,351.54
shot_0117,1654.3432,152.99,981.86,357.13
shot_0117,1654.3512,155.75,999.87,365.85
shot_0117,1654.3592,159.11,1019.75,368.5
shot_0117,1654.3673,161.17,1041.22,371.75
shot_0117,1654.3753,163.34,1059.29,374.56
shot_0117,1654.3834,167.65,1077.03,381.13
shot_0117,1654.3914,170.83,1096.58,385.52
shot_0117,1654.3994,173.18,1113.06,391.49
shot_0117,1654.4075,175.68,1136.69,388.98
shot_0117,1654.4155,179.34,1153.5,394.87
shot_0117,1654.4236,182.45,1179.39,386.46
shot_0117,1654.4316,184.15,1191.17,393.83
shot_0117,1654.4396,187.89,1212.59,393.46
shot_0117,1654.4477,190.14,1228.19,394.32
shot_0117,1654.4557,192.15,1242.08,399.85
shot_0117,1654.4638,196.25,1263.83,394.81
shot_0117,1654.4718,200.49,1285.75,391.01
shot_0118,1654.4798,201.43,1304.3,386.05
shot_0118,1654.4879,195.1,1261.31,398.83
shot_0118,1654.4959,187.2,1219.87,403.62
shot_0118,1654.504,179.4,1175.74,410.16
shot_0118,1654.512,172.03,1140.77,410.33
shot_0118,1654.52,163.38,1098.17,415.29
shot_0118,1654.5281,155.9,1052.55,423.08
shot_0118,1654.5442,141.2,972.62,426.85
shot_0118,1654.5522,133.77,925.68,437.5
shot_0118,1654.5602,127.64,892.39,433.93
shot_0118,1654.5683,121.22,851.69,436.21
shot_0118,1654.5763,114.66,808.37,440.06
shot_0118,1654.5844,108.25,769.28,439.11
shot_0118,1654.5924,100.91,730.31,436.68
shot_0118,1654.6004,94.7,689.83,438.39
shot_0118,1654.6085,89.15,652.52,433.17
shot_0118,1654.6165,81.72,614.67,427.45
shot_0118,1654.6246,75.77,572.61,429.01
shot_0118,1654.6326,69.98,533.44,429.54
shot_0118,1654.6406,62.86,496.94,421.89
shot_0118,1654.6487,57.86,458.64,416.8
shot_0118,1654.6567,51.16,422.5,406.86
shot_0118,1654.6648,44.85,383.26,397.39
shot_0118,1654.6728,39.94,342.66,401.13
shot_0118,1654.6808,33.96,305.37,393.87
shot_0118,1654.6889,29.83,267.98,386.5
shot_0118,1654.6969,23.45,232.44,377.93
shot_0118,1654.705,19.73,195.1,370.21
shot_0118,1654.713,13.04,160.41,358.53
shot_0118,1654.721,8.06,123.78,349.75
shot_0118,1654.7291,3.35,85.38,342.62
shot_0118,1654.7371,-2.31,50.56,323.82
shot_0118,1654.7452,-5.7,15.79,316.58
shot_0118,1654.7532,-10.87,-20.65,306.21
shot_0118,1654.7612,-14.49,-55.96,294.09
shot_0118,1654.7693,-19.31,-90.21,279.63
shot_0118,1654.7773,-23.92,-124.57,264.66
shot_0118,1654.7854,-29.99,-164.11,243.94
shot_0118,1654.7934,-34.22,-198.55,227.26
shot_0118,1654.8014,-36.76,-232.68,222.8
shot_0118,1654.8095,-40.57,-267.37,201.49
shot_0118,1654.8175,-45.31,-302.21,182.98
shot_0118,1654.8256,-48.81,-337.09,164.77
shot_0118,1654.8336,-52.88,-370.62,147.89
shot_0118,1654.8416,-57.39,-408.51,123.25
shot_0118,1654.8497,-61.22,-440.53,104.71
shot_0118,1654.8577,-65.49,-478.04,80.88
shot_0118,1654.8658,-66.86,-509.69,66.98
shot_0118,1654.8738,-68.9,-540.97,69.38
shot_0118,1654.8818,-69.59,-570.74,80.99
shot_0118,1654.8899,-69.03,-598.97,104.17
shot_0118,1654.8979,-68.76,-626.84,122.29
shot_0118,1654.906,-66.31,-650.06,150.87
shot_0118,1654.914,-66.71,-681.07,161.59
shot_0118,1654.922,-69.15,-716.0,166.3
shot_0118,1654.9301,-65.88,-736.99,194.84
shot_0118,1654.9381,-67.45,-769.8,198.73
shot_0118,1654.9462,-65.43,-792.44,217.88
shot_0118,1654.9542,-65.27,-822.41,224.1
shot_0118,1654.9622,-64.97,-846.18,239.53
shot_0118,1654.9703,-64.75,-874.82,247.41
shot_0118,1654.9783,-64.45,-902.0,257.19
shot_0118,1654.9864,-64.39,-927.24,267.59
shot_0118,1654.9944,-63.32,-956.15,275.97
shot_0118,1655.0024,-62.24,-981.04,285.06
shot_0118,1655.0105,-62.37,-1011.6,293.24
shot_0118,1655.0185,-62.0,-1036.17,298.13
shot_0118,1655.0266,-60.82,-1064.73,302.45
shot_0118,1655.0346,-59.34,-1086.04,310.84
shot_0118,1655.0426,-59.5,-1115.96,313.02
shot_0118,1655.0507,-59.1,-1140.15,318.55
shot_0118,1655.0587,-57.11,-1158.8,332.58
shot_0118,1655.0668,-56.32,-1188.4,327.38
shot_0118,1655.0748,-55.88,-1215.83,329.82
shot_0118,1655.0828,-55.49,-1239.95,331.77
shot_0118,1655.0909,-55.6,-1266.84,330.6
shot_0118,1655.0989,-53.96,-1291.62,329.55
shot_0118,1655.107,-52.47,-1316.23,330.24
shot_0118,1655.115,-51.01,-1340.78,329.24
shot_0118,1655.123,-49.61,-1361.63,330.38
shot_0118,1655.1311,-49.14,-1382.74,328.79
shot_0118,1655.1391,-49.64,-1413.34,324.54
shot_0118,1655.1472,-48.55,-1441.02,315.81
shot_0118,1655.1552,-48.92,-1466.55,311.79
shot_0119,1655.1632,-46.46,-1472.45,315.57
shot_0119,1655.1713,-43.42,-1438.76,324.6
shot_0119,1655.1793,-38.88,-1398.39,339.78
shot_0119,1655.1874,-35.59,-1353.85,353.88
shot_0119,1655.1954,-33.73,-1324.45,358.93
shot_0119,1655.2034,-31.04,-1282.24,372.34
shot_0119,1655.2115,-26.57,-1239.29,386.63
shot_0119,1655.2195,-26.32,-1207.0,392.79
shot_0119,1655.2276,-25.07,-1176.21,396.85
shot_0119,1655.2436,-19.89,-1093.84,416.12
shot_0119,1655.2517,-18.78,-1066.27,413.29
shot_0119,1655.2597,-14.72,-1027.17,419.19
shot_0119,1655.2678,-11.71,-991.07,422.76
shot_0119,1655.2758,-10.84,-958.09,422.66
shot_0119,1655.2838,-9.34,-921.46,426.34
shot_0119,1655.2919,-6.7,-882.19,429.41
shot_0119,1655.2999,-3.69,-849.65,425.66
shot_0119,1655.308,-2.93,-812.44,425.23
shot_0119,1655.316,-0.98,-775.8,429.43
shot_0119,1655.324,1.73,-743.78,422.55
shot_0119,1655.3321,2.62,-709.84,421.33
shot_0119,1655.3401,4.7,-676.11,415.71
shot_0119,1655.3482,6.31,-641.6,410.42
shot_0119,1655.3562,8.63,-606.41,408.36
shot_0119,1655.3642,10.31,-569.71,407.21
shot_0119,1655.3723,12.34,-539.05,396.62
shot_0119,1655.3803,14.42,-506.45,389.82
shot_0119,1655.3884,15.42,-469.85,386.36
shot_0119,1655.3964,17.46,-440.65,377.48
shot_0119,1655.4044,18.28,-408.46,366.32
shot_0119,1655.4125,19.35,-373.65,359.8
shot_0119,1655.4205,22.11,-344.0,343.44
shot_0119,1655.4286,23.45,-312.05,332.01
shot_0119,1655.4366,23.58,-282.87,321.97
shot_0119,1655.4446,25.55,-248.96,315.23
shot_0119,1655.4527,25.57,-217.25,300.29
shot_0119,1655.4607,27.47,-187.89,282.76
shot_0119,1655.4688,28.15,-156.73,266.01
shot_0119,1655.4768,28.76,-126.4,248.48
shot_0119,1655.4848,29.56,-96.86,236.18
shot_0119,1655.4929,31.24,-66.51,217.25
shot_0119,1655.5009,31.23,-36.67,203.54
shot_0119,1655.509,33.96,-8.65,188.02
shot_0119,1655.517,36.52,17.75,180.43
shot_0119,1655.525,39.11,42.78,173.01
shot_0119,1655.5331,42.42,68.79,160.41
shot_0119,1655.5411,45.31,93.42,152.84
shot_0119,1655.5492,48.0,118.66,137.07
shot_0119,1655.5572,50.28,143.6,131.73
shot_0119,1655.5652,52.52,170.66,116.39
shot_0119,1655.5733,55.17,195.14,108.36
shot_0119,1655.5813,58.91,220.22,90.62
shot_0119,1655.5894,60.35,243.97,75.82
shot_0119,1655.5974,63.4,266.44,69.2
shot_0119,1655.6054,64.87,289.64,49.1
shot_0119,1655.6135,67.12,311.56,45.59
shot_0119,1655.6215,72.98,333.58,54.98
shot_0119,1655.6296,77.36,356.26,65.24
shot_0119,1655.6376,82.38,376.91,73.91
shot_0119,1655.6456,87.87,397.5,87.18
shot_0119,1655.6537,91.44,418.51,94.55
shot_0119,1655.6617,96.02,436.89,105.94
shot_0119,1655.6698,101.02,457.69,114.87
shot_0119,1655.6778,104.97,478.12,122.77
shot_0119,1655.6859,109.14,498.71,126.44
shot_0119,1655.6939,113.85,519.03,131.86
shot_0119,1655.7019,120.24,538.54,135.13
shot_0119,1655.71,122.86,559.83,139.4
shot_0119,1655.718,126.76,583.68,134.26
shot_0119,1655.7261,130.47,595.99,150.11
shot_0119,1655.7341,135.88,619.92,147.57
shot_0119,1655.7421,139.58,642.28,144.3
shot_0119,1655.7502,142.51,660.77,143.06
shot_0119,1655.7582,148.44,680.0,147.4
shot_0119,1655.7743,155.18,720.75,142.84
shot_0119,1655.7823,159.74,740.93,139.72
shot_0119,1655.7904,164.52,756.29,142.98
shot_0119,1655.7984,167.64,771.28,144.39
shot_0119,1655.8065,171.53,794.91,133.2
shot_0119,1655.8145,175.13,812.54,131.79
shot_0119,1655.8225,178.35,834.32,121.71
shot_0119,1655.8306,182.31,852.83,115.75
shot_0119,1655.8386,184.45,866.38,118.97
shot_0119,1655.8467,188.24,885.26,107.0
shot_0119,1655.8547,192.75,907.19,94.82
shot_0119,1655.8627,194.83,921.81,95.12
shot_0119,1655.8708,198.76,941.93,81.73
shot_0119,1655.8788,201.35,961.08,70.59
shot_0119,1655.8869,205.78,984.58,52.69
shot_0119,1655.8949,208.51,998.03,47.53
shot_0119,1655.9029,211.42,1014.77,37.98
shot_0120,1660.3008,-515.58,1281.98,198.78
shot_0120,1660.3089,-507.78,1252.13,211.64
shot_0120,1660.3169,-496.12,1217.32,223.7
shot_0120,1660.325,-484.37,1180.55,236.26
shot_0120,1660.333,-465.2,1131.04,260.66
shot_0120,1660.341,-456.97,1102.03,266.36
shot_0120,1660.3491,-443.86,1062.77,281.16
shot_0120,1660.3571,-425.92,1016.78,302.26
shot_0120,1660.3652,-416.65,984.77,309.08
shot_0120,1660.3732,-400.02,939.93,327.67
shot_0120,1660.3812,-386.31,900.13,341.58
shot_0120,1660.3893,-375.4,867.96,344.28
shot_0120,1660.3973,-361.16,826.63,359.82
shot_0120,1660.4054,-345.84,784.09,375.1
shot_0120,1660.4134,-334.19,748.23,381.63
shot_0120,1660.4214,-319.02,708.86,393.04
shot_0120,1660.4295,-307.38,670.6,400.18
shot_0120,1660.4375,-295.34,632.44,406.32
shot_0120,1660.4456,-283.56,596.81,411.84
shot_0120,1660.4536,-270.02,557.36,420.4
shot_0120,1660.4616,-258.23,521.77,423.2
shot_0120,1660.4697,-244.74,482.6,430.15
shot_0120,1660.4777,-233.42,446.71,433.29
shot_0120,1660.4858,-224.25,413.13,430.28
shot_0120,1660.4938,-214.43,378.5,429.0
shot_0120,1660.5018,-201.7,341.0,431.08
shot_0120,1660.5099,-189.05,301.27,437.02
shot_0120,1660.5179,-179.86,268.5,430.37
shot_0120,1660.526,-170.33,234.58,426.31
shot_0120,1660.534,-158.29,196.92,426.35
shot_0120,1660.542,-146.2,161.33,427.75
shot_0120,1660.5501,-136.28,125.4,421.78
shot_0120,1660.5581,-127.76,92.77,413.29
shot_0120,1660.5662,-117.71,57.43,409.26
shot_0120,1660.5742,-107.3,22.9,404.76
shot_0120,1660.5822,-99.27,-9.54,395.01
shot_0120,1660.5903,-89.18,-44.44,389.75
shot_0120,1660.5983,-79.58,-78.25,380.32
shot_0120,1660.6064,-70.77,-111.38,371.14
shot_0120,1660.6144,-59.66,-146.76,364.83
shot_0120,1660.6225,-52.17,-178.85,350.62
shot_0120,1660.6305,-43.47,-210.51,339.79
shot_0120,1660.6385,-34.15,-243.51,331.41
shot_0120,1660.6466,-25.41,-277.69,314.25
shot_0120,1660.6546,-17.74,-309.63,297.85
shot_0120,1660.6627,-9.01,-342.07,286.82
shot_0120,1660.6707,-1.47,-375.36,267.91
shot_0120,1660.6787,7.09,-409.49,246.37
shot_0120,1660.6868,16.14,-438.78,245.57
shot_0120,1660.6948,21.94,-470.94,223.17
shot_0120,1660.7029,30.59,-503.16,205.0
shot_0120,1660.7109,37.43,-539.26,179.54
shot_0120,1660.7189,44.82,-567.46,166.53
shot_0120,1660.727,51.83,-599.72,144.24
shot_0120,1660.735,59.33,-630.04,123.21
shot_0120,1660.7431,65.61,-662.29,102.7
shot_0120,1660.7511,74.02,-693.44,81.48
shot_0120,1660.7591,80.52,-723.53,58.68
shot_0120,1660.7672,87.97,-750.01,66.44
shot_0120,1660.7752,96.1,-779.99,75.28
shot_0120,1660.7833,102.94,-799.04,103.85
shot_0120,1660.7913,110.97,-825.29,113.98
shot_0120,1660.7993,118.09,-847.67,138.34
shot_0120,1660.8074,127.27,-874.36,153.76
shot_0120,1660.8154,133.2,-896.87,169.86
shot_0120,1660.8235,140.55,-915.99,191.19
shot_0120,1660.8315,147.34,-945.2,198.49
shot_0120,1660.8395,154.43,-961.7,222.05
shot_0120,1660.8476,160.65,-985.24,232.65
shot_0120,1660.8556,167.73,-1008.47,245.47
shot_0120,1660.8637,174.15,-1033.63,254.07
shot_0120,1660.8717,180.08,-1052.09,270.34
shot_0120,1660.8797,187.37,-1081.75,272.0
shot_0120,1660.8878,193.34,-1096.67,290.21
shot_0120,1660.8958,199.87,-1120.07,297.77
shot_0120,1660.9039,206.11,-1144.93,303.16
shot_0120,1660.9119,211.73,-1164.73,311.61
shot_0120,1660.9199,217.81,-1188.66,316.54
shot_0120,1660.928,223.58,-1208.58,322.33
shot_0120,1660.936,230.08,-1230.11,327.57
shot_0120,1660.9441,235.38,-1253.73,330.58
shot_0120,1660.9521,240.49,-1276.8,332.15
shot_0120,1660.9601,244.92,-1301.68,330.07
shot_0120,1660.9682,249.36,-1320.76,334.13
shot_0120,1660.9762,254.83,-1334.81,341.76
shot_0120,1660.9843,260.7,-1358.66,339.15
shot_0120,1660.9923,265.29,-1379.97,342.39
shot_0120,1661.0003,271.89,-1407.6,335.43
shot_0120,1661.0084,274.57,-1424.37,337.79
shot_0121,1661.0164,277.53,-1448.38,331.81
shot_0121,1661.0245,282.58,-1428.02,342.47
shot_0121,1661.0325,282.55,-1395.15,359.19
shot_0121,1661.0405,283.02,-1352.68,378.65
shot_0121,1661.0486,284.14,-1324.19,387.53
shot_0121,1661.0566,283.5,-1287.89,401.41
shot_0121,1661.0647,285.23,-1243.73,420.5
shot_0121,1661.0727,285.61,-1221.32,424.26
shot_0121,1661.0807,287.16,-1184.96,438.12
shot_0121,1661.0888,288.21,-1150.61,448.93
shot_0121,1661.0968,288.23,-1112.23,462.82
shot_0121,1661.1049,287.28,-1083.36,468.75
shot_0121,1661.1129,286.67,-1050.75,475.99
shot_0121,1661.1209,287.2,-1014.87,488.04
shot_0121,1661.129,286.67,-981.97,493.74
shot_0121,1661.137,286.39,-949.39,499.72
shot_0121,1661.1451,286.4,-916.09,503.96
shot_0121,1661.1531,285.52,-885.12,509.05
shot_0121,1661.1611,284.29,-850.04,514.86
shot_0121,1661.1692,283.12,-817.12,517.93
shot_0121,1661.1772,283.41,-789.4,515.24
shot_0121,1661.1853,282.54,-755.98,518.17
shot_0121,1661.1933,280.46,-721.48,521.21
shot_0121,1661.2013,279.73,-690.28,519.62
shot_0121,1661.2094,278.11,-658.39,520.16
shot_0121,1661.2174,276.66,-627.62,519.39
shot_0121,1661.2255,276.21,-597.22,512.63
shot_0121,1661.2415,272.87,-533.31,509.1
shot_0121,1661.2496,270.42,-502.04,500.93
shot_0121,1661.2576,267.29,-470.42,501.5
shot_0121,1661.2657,267.07,-443.0,487.8
shot_0121,1661.2737,265.74,-411.67,483.71
shot_0121,1661.2817,263.5,-380.51,477.6
shot_0121,1661.2898,261.25,-350.98,469.7
shot_0121,1661.2978,259.62,-321.31,457.97
shot_0121,1661.3059,256.3,-291.4,454.41
shot_0121,1661.3139,253.6,-262.03,442.99
shot_0121,1661.3219,252.06,-232.5,434.4
shot_0121,1661.33,250.18,-203.35,420.9
shot_0121,1661.338,247.37,-174.44,411.55
shot_0121,1661.3461,244.89,-145.65,396.09
shot_0121,1661.3541,242.1,-117.01,384.13
shot_0121,1661.3621,239.43,-89.41,372.38
shot_0121,1661.3702,237.29,-60.67,355.94
shot_0121,1661.3782,234.97,-32.99,340.92
shot_0121,1661.3863,232.04,-6.42,323.53
shot_0121,1661.3943,229.16,21.44,309.93
shot_0121,1661.4023,226.36,48.06,292.45
shot_0121,1661.4104,223.78,74.99,275.02
shot_0121,1661.4184,222.24,101.0,254.59
shot_0121,1661.4265,218.62,129.71,235.86
shot_0121,1661.4345,215.11,155.57,212.69
shot_0121,1661.4425,212.85,182.78,193.68
shot_0121,1661.4506,209.81,208.44,169.85
shot_0121,1661.4586,207.13,234.0,147.13
shot_0121,1661.4667,203.87,259.95,124.55
shot_0121,1661.4747,200.22,285.27,104.02
shot_0121,1661.4827,197.93,308.8,80.26
shot_0121,1661.4908,193.57,332.8,60.87
shot_0121,1661.4988,190.33,356.53,42.59
shot_0121,1661.5069,188.17,378.51,48.25
shot_0121,1661.5149,186.57,398.99,71.61
shot_0121,1661.5229,184.92,424.4,88.01
shot_0121,1661.531,182.86,443.6,109.81
shot_0121,1661.539,180.69,466.12,127.14
shot_0121,1661.5471,177.78,486.15,146.35
shot_0121,1661.5551,175.64,505.38,166.33
shot_0121,1661.5631,172.91,528.73,181.06
shot_0121,1661.5712,170.63,543.53,203.44
shot_0121,1661.5792,167.22,565.96,217.38
shot_0121,1661.5873,164.77,587.15,229.8
shot_0121,1661.5953,161.47,606.94,244.4
shot_0121,1661.6033,158.51,627.36,258.13
shot_0121,1661.6114,155.64,647.75,270.37
shot_0121,1661.6194,152.02,665.98,285.61
shot_0121,1661.6275,149.99,688.71,291.48
shot_0121,1661.6355,146.39,704.42,308.51
shot_0121,1661.6435,143.59,726.35,316.82
shot_0121,1661.6516,140.96,745.2,326.03
shot_0121,1661.6596,137.83,764.9,334.64
shot_0121,1661.6677,134.99,784.36,341.14
shot_0121,1661.6757,131.05,804.23,349.27
shot_0121,1661.6837,126.72,821.84,358.47
shot_0121,1661.6918,123.78,842.16,361.67
shot_0121,1661.6998,120.22,857.55,372.55
shot_0121,1661.7079,115.76,880.01,371.65
shot_0121,1661.7159,113.5,897.59,377.2
shot_0121,1661.7239,109.73,917.89,377.76
shot_0121,1661.732,105.74,938.86,375.14
shot_0121,1661.74,101.12,955.02,380.25
shot_0121,1661.7481,97.66,966.53,389.72
shot_0121,1661.7561,93.13,991.98,381.07
shot_0121,1661.7641,89.78,1009.91,380.89
shot_0121,1661.7722,86.0,1026.47,379.65
shot_0121,1661.7802,82.72,1044.7,377.72
shot_0121,1661.7883,77.31,1067.16,370.98
shot_0121,1661.7963,73.77,1081.67,371.76
shot_0121,1661.8043,70.46,1097.39,370.24
shot_0121,1661.8124,64.98,1112.86,367.77
shot_0121,1661.8204,61.87,1134.0,359.58
shot_0121,1661.8285,57.01,1149.07,356.29
shot_0122,1661.8445,49.13,1172.74,349.14
shot_0122,1661.8526,47.44,1139.81,359.15
shot_0122,1661.8606,46.84,1108.08,366.2
shot_0122,1661.8687,46.29,1064.08,380.27
shot_0122,1661.8767,46.15,1028.37,391.0
shot_0122,1661.8847,45.44,988.73,399.88
shot_0122,1661.8928,44.71,948.46,410.9
shot_0122,1661.9008,43.13,909.68,417.77
shot_0122,1661.9089,42.67,869.98,428.73
shot_0122,1661.9169,42.95,837.65,428.86
shot_0122,1661.9249,42.29,795.7,439.28
shot_0122,1661.941,41.45,721.76,447.96
shot_0122,1661.9491,41.99,679.83,457.8
shot_0122,1661.9571,39.96,647.59,454.43
shot_0122,1661.9651,39.82,609.6,461.36
shot_0122,1661.9732,39.98,571.33,465.43
shot_0122,1661.9812,38.39,536.02,459.89
shot_0122,1661.9893,39.11,495.09,469.77
shot_0122,1661.9973,39.32,459.57,471.61
shot_0122,1662.0053,39.01,428.53,462.72
shot_0122,1662.0134,40.16,390.46,466.63
shot_0122,1662.0214,39.36,352.2,465.66
shot_0122,1662.0295,40.24,320.81,460.55
shot_0122,1662.0375,40.59,283.59,462.61
shot_0122,1662.0455,39.78,249.56,457.03
shot_0122,1662.0536,39.57,215.26,450.53
shot_0122,1662.0616,40.66,181.33,445.55
shot_0122,1662.0697,40.73,145.19,440.9
shot_0122,1662.0777,41.26,111.43,433.88
shot_0122,1662.0857,41.3,77.09,425.2
shot_0122,1662.0938,41.63,41.68,421.69
shot_0122,1662.1018,42.69,8.19,412.04
shot_0122,1662.1099,42.71,-25.08,404.19
shot_0122,1662.1179,43.91,-58.43,397.04
shot_0122,1662.1259,44.87,-93.94,384.66
shot_0122,1662.134,44.4,-125.75,371.09
shot_0122,1662.142,45.85,-160.02,365.77
shot_0122,1662.1501,46.14,-194.33,348.38
shot_0122,1662.1581,46.55,-228.05,339.27
shot_0122,1662.1661,49.12,-259.89,328.65
shot_0122,1662.1742,50.15,-293.35,311.41
shot_0122,1662.1822,50.27,-325.21,295.5
shot_0122,1662.1903,52.16,-358.6,277.85
shot_0122,1662.1983,53.12,-390.91,262.02
shot_0122,1662.2063,53.87,-422.96,245.88
shot_0122,1662.2144,54.34,-456.81,228.04
shot_0122,1662.2224,54.72,-486.55,212.82
shot_0122,1662.2305,57.18,-517.1,199.48
shot_0122,1662.2385,57.87,-552.2,174.86
shot_0122,1662.2465,60.09,-583.5,156.57
shot_0122,1662.2546,60.86,-613.89,138.1
shot_0122,1662.2626,62.98,-644.7,117.85
shot_0122,1662.2707,63.94,-672.78,100.02
shot_0122,1662.2787,65.16,-705.22,77.53
shot_0122,1662.2948,70.38,-760.62,72.68
shot_0122,1662.3028,72.83,-789.6,88.71
shot_0122,1662.3109,76.91,-811.71,112.02
shot_0122,1662.3189,80.73,-836.28,128.14
shot_0122,1662.3269,85.73,-862.52,150.62
shot_0122,1662.335,87.61,-885.19,169.52
shot_0122,1662.343,91.73,-905.78,187.99
shot_0122,1662.3511,94.7,-937.28,192.48
shot_0122,1662.3591,98.26,-960.42,208.05
shot_0122,1662.3671,100.81,-981.0,229.67
shot_0122,1662.3752,105.68,-1009.08,234.66
shot_0122,1662.3832,108.55,-1028.99,253.05
shot_0122,1662.3913,112.69,-1051.7,265.34
shot_0122,1662.3993,116.0,-1080.27,272.84
shot_0122,1662.4073,119.5,-1103.09,283.56
shot_0122,1662.4154,123.14,-1119.96,299.96
shot_0122,1662.4234,126.63,-1143.72,310.0
shot_0122,1662.4315,128.1,-1168.95,314.88
shot_0122,1662.4395,132.94,-1186.72,326.83
shot_0122,1662.4475,136.3,-1206.32,336.92
shot_0122,1662.4556,139.65,-1232.95,337.01
shot_0122,1662.4636,142.84,-1260.37,336.7
shot_0122,1662.4717,146.56,-1278.11,347.95
shot_0122,1662.4797,147.98,-1298.35,351.85
shot_0122,1662.4877,152.3,-1321.94,351.2
shot_0122,1662.4958,155.84,-1343.79,355.34
shot_0122,1662.5038,158.77,-1359.3,362.7
shot_0122,1662.5119,161.43,-1387.94,361.42
shot_0122,1662.5199,164.47,-1416.24,355.08
shot_0122,1662.5279,167.99,-1434.91,357.3
shot_0122,1662.536,171.44,-1455.78,358.54
shot_0122,1662.544,173.29,-1476.3,357.43
shot_0122,1662.5521,175.42,-1497.05,356.21
shot_0122,1662.5601,179.95,-1518.79,351.66
shot_0122,1662.5681,183.79,-1535.11,354.73
shot_0122,1662.5762,185.46,-1557.91,353.39
shot_0122,1662.5842,188.98,-1584.38,344.67
shot_0122,1662.5923,192.75,-1612.06,334.32
shot_0122,1662.6003,194.78,-1627.59,333.45
shot_0122,1662.6083,197.65,-1639.19,336.09
shot_0122,1662.6164,201.12,-1670.26,323.0
shot_0123,1662.6485,210.18,-1685.51,326.03
shot_0123,1662.6646,212.48,-1600.87,370.05
shot_0123,1662.6727,212.85,-1560.92,385.01
shot_0123,1662.6807,212.63,-1522.69,402.25
shot_0123,1662.6887,213.11,-1480.8,420.11
shot_0123,1662.6968,212.96,-1439.34,437.71
shot_0123,1662.7048,214.45,-1399.57,454.05
shot_0123,1662.7129,211.34,-1360.09,470.17
shot_0123,1662.7209,211.67,-1318.84,484.86
shot_0123,1662.7289,211.88,-1276.29,499.78
shot_0123,1662.737,211.77,-1236.04,514.19
shot_0123,1662.745,211.74,-1202.09,525.1
shot_0123,1662.7531,211.2,-1158.11,540.59
shot_0123,1662.7611,210.22,-1116.31,550.97
shot_0123,1662.7691,208.07,-1085.4,554.7
shot_0123,1662.7852,206.82,-1010.66,572.74
shot_0123,1662.7933,205.18,-970.76,582.39
shot_0123,1662.8013,204.96,-931.27,590.5
shot_0123,1662.8093,204.58,-893.43,597.26
shot_0123,1662.8174,203.18,-854.84,603.51
shot_0123,1662.8254,201.31,-819.01,606.03
shot_0123,1662.8335,199.99,-781.77,609.91
shot_0123,1662.8415,199.38,-741.82,613.75
shot_0123,1662.8495,197.41,-707.02,613.9
shot_0123,1662.8576,195.19,-668.92,616.05
shot_0123,1662.8656,195.34,-631.06,616.01
shot_0123,1662.8737,193.25,-596.29,614.51
shot_0123,1662.8817,192.13,-561.34,610.57
shot_0123,1662.8897,190.11,-522.99,611.73
shot_0123,1662.8978,188.89,-488.28,608.98
shot_0123,1662.9058,187.35,-451.28,606.07
shot_0123,1662.9139,185.31,-415.16,602.17
shot_0123,1662.9219,183.42,-379.47,599.24
shot_0123,1662.9299,181.89,-343.65,592.09
shot_0123,1662.938,180.34,-307.98,588.82
shot_0123,1662.946,178.0,-273.84,582.9
shot_0123,1662.9541,176.21,-237.81,575.66
shot_0123,1662.9621,174.37,-205.05,568.89
shot_0123,1662.9701,172.44,-170.99,559.25
shot_0123,1662.9782,171.01,-136.42,548.25
shot_0123,1662.9862,168.13,-103.3,539.57
shot_0123,1662.9943,166.6,-69.74,528.16
shot_0123,1663.0023,165.07,-38.55,517.16
shot_0123,1663.0103,162.61,-4.76,503.67
shot_0123,1663.0184,160.19,27.48,488.37
shot_0123,1663.0264,159.08,60.7,475.37
shot_0123,1663.0345,156.28,93.24,460.35
shot_0123,1663.0425,154.59,126.5,441.31
shot_0123,1663.0505,151.91,157.85,429.89
shot_0123,1663.0586,149.41,188.75,414.51
shot_0123,1663.0666,147.54,217.29,398.87
shot_0123,1663.0747,145.2,248.7,379.12
shot_0123,1663.0827,143.3,279.74,360.5
shot_0123,1663.0908,140.95,312.43,336.32
shot_0123,1663.0988,138.48,342.44,316.03
shot_0123,1663.1068,135.69,371.5,297.98
shot_0123,1663.1149,132.4,401.43,276.68
shot_0123,1663.1229,130.3,428.95,256.81
shot_0123,1663.131,127.94,456.8,235.07
shot_0123,1663.147,124.1,512.76,194.63
shot_0123,1663.1551,120.43,543.66,163.04
shot_0123,1663.1631,117.78,574.2,137.77
shot_0123,1663.1712,114.33,598.81,116.53
shot_0123,1663.1792,112.08,627.55,86.14
shot_0123,1663.1872,109.75,653.75,63.87
shot_0123,1663.1953,106.17,685.36,25.7
shot_0123,1663.2033,106.22,712.67,33.22
shot_0123,1663.2114,107.74,750.26,53.8
shot_0123,1663.2194,107.06,783.85,78.41
shot_0123,1663.2274,108.78,816.43,102.39
shot_0123,1663.2355,109.43,842.81,135.69
shot_0123,1663.2435,109.37,883.6,146.24
shot_0123,1663.2516,109.7,916.06,169.66
shot_0123,1663.2596,110.07,949.92,186.46
shot_0123,1663.2676,109.05,973.07,211.17
shot_0123,1663.2757,110.71,1008.6,227.45
shot_0123,1663.2837,109.76,1040.3,243.12
shot_0123,1663.2918,109.92,1077.91,251.5
shot_0123,1663.2998,108.72,1106.78,269.72
shot_0123,1663.3078,109.82,1132.85,287.38
shot_0123,1663.3159,106.29,1161.7,299.93
shot_0123,1663.3239,107.08,1194.33,309.61
shot_0123,1663.332,106.88,1232.68,317.64
shot_0123,1663.34,105.63,1262.97,328.24
shot_0123,1663.348,103.55,1291.72,344.9
shot_0124,1663.9912,235.09,-1638.9,249.28
shot_0124,1663.9993,237.62,-1621.71,267.5
shot_0124,1664.0073,241.77,-1580.26,284.62
shot_0124,1664.0154,243.71,-1542.04,300.97
shot_0124,1664.0234,246.28,-1493.94,319.22
shot_0124,1664.0314,249.7,-1442.2,344.21
shot_0124,1664.0395,251.18,-1403.98,356.27
shot_0124,1664.0475,253.4,-1361.74,372.15
shot_0124,1664.0556,255.13,-1321.4,384.66
shot_0124,1664.0636,257.28,-1285.12,388.12
shot_0124,1664.0716,259.87,-1247.68,398.73
shot_0124,1664.0797,259.06,-1200.9,416.3
shot_0124,1664.0877,259.83,-1160.24,426.53
shot_0124,1664.0958,262.12,-1126.05,431.47
shot_0124,1664.1038,262.82,-1083.97,442.11
shot_0124,1664.1118,263.19,-1045.85,449.33
shot_0124,1664.1199,264.52,-1005.78,458.01
shot_0124,1664.1279,263.76,-964.69,464.1
shot_0124,1664.136,265.34,-924.15,469.67
shot_0124,1664.144,265.01,-885.8,473.77
shot_0124,1664.152,265.24,-847.57,476.77
shot_0124,1664.1601,265.34,-811.34,476.86
shot_0124,1664.1681,265.1,-771.43,480.14
shot_0124,1664.1762,264.54,-731.82,481.23
shot_0124,1664.1842,264.7,-697.59,478.56
shot_0124,1664.1922,263.85,-656.82,481.88
shot_0124,1664.2003,262.33,-618.58,482.74
shot_0124,1664.2083,261.55,-580.15,479.48
shot_0124,1664.2164,261.59,-543.73,476.33
shot_0124,1664.2244,260.28,-506.67,472.7
shot_0124,1664.2324,259.42,-469.54,470.23
shot_0124,1664.2405,256.7,-433.46,464.11
shot_0124,1664.2566,255.56,-360.01,455.09
shot_0124,1664.2646,253.76,-323.84,447.04
shot_0124,1664.2726,252.89,-288.18,436.47
shot_0124,1664.2807,249.52,-252.42,433.81
shot_0124,1664.2887,249.44,-217.89,421.89
shot_0124,1664.2968,247.27,-182.62,413.0
shot_0124,1664.3048,245.25,-148.04,404.67
shot_0124,1664.3128,243.23,-112.69,397.27
shot_0124,1664.3209,241.09,-78.59,379.81
shot_0124,1664.3289,239.25,-43.8,366.43
shot_0124,1664.337,237.49,-10.71,357.25
shot_0124,1664.345,235.35,23.8,337.73
shot_0124,1664.353,231.87,56.67,332.65
shot_0124,1664.3611,230.73,91.35,309.35
shot_0124,1664.3691,228.15,122.5,295.48
shot_0124,1664.3772,225.37,155.27,281.18
shot_0124,1664.3852,221.46,190.3,266.22
shot_0124,1664.3932,219.49,221.82,243.66
shot_0124,1664.4013,216.74,254.22,222.61
shot_0124,1664.4093,213.56,285.38,206.25
shot_0124,1664.4174,211.26,316.0,188.28
shot_0124,1664.4254,207.57,348.52,168.82
shot_0124,1664.4334,205.48,381.78,142.24
shot_0124,1664.4415,202.32,409.25,124.77
shot_0124,1664.4495,198.25,439.87,103.69
shot_0124,1664.4576,195.12,470.32,79.99
shot_0124,1664.4656,191.82,501.16,56.93
shot_0124,1664.4736,187.48,530.93,32.51
shot_0124,1664.4817,186.64,557.02,33.18
shot_0124,1664.4897,187.0,581.31,55.66
shot_0124,1664.4978,187.89,607.59,74.98
shot_0124,1664.5058,188.64,629.54,93.64
shot_0124,1664.5138,187.33,654.39,109.46
shot_0124,1664.5219,186.92,678.72,129.45
shot_0124,1664.5299,187.28,700.07,147.75
shot_0124,1664.538,186.89,722.47,164.39
shot_0124,1664.546,187.46,748.61,180.76
shot_0124,1664.554,187.29,770.06,194.03
shot_0124,1664.5621,187.14,797.72,201.59
shot_0124,1664.5701,186.39,820.11,219.65
shot_0124,1664.5782,184.75,835.09,240.49
shot_0124,1664.5862,185.18,859.53,249.95
shot_0124,1664.5942,185.13,883.83,260.12
shot_0124,1664.6023,184.0,909.95,267.64
shot_0124,1664.6103,182.74,928.48,282.33
shot_0124,1664.6184,182.52,951.42,286.08
shot_0124,1664.6264,180.84,972.46,296.78
shot_0124,1664.6344,180.32,999.55,300.6
shot_0124,1664.6425,179.03,1017.96,309.78
shot_0124,1664.6505,176.39,1041.36,313.28
shot_0124,1664.6586,176.07,1052.47,328.06
shot_0124,1664.6666,175.39,1083.63,323.6
shot_0124,1664.6746,172.77,1099.9,330.88
shot_0124,1664.6827,171.82,1125.48,327.44
shot_0124,1664.6907,169.33,1147.19,332.14
shot_0125,1664.6988,167.99,1168.42,328.62
shot_0125,1664.7068,168.91,1122.13,351.73
shot_0125,1664.7148,167.8,1072.95,367.3
shot_0125,1664.7229,167.32,1028.46,377.89
shot_0125,1664.7309,167.39,983.37,390.07
shot_0125,1664.739,167.98,935.48,402.69
shot_0125,1664.747,166.3,884.26,418.8
shot_0125,1664.755,165.74,837.01,430.55
shot_0125,1664.7631,164.47,795.94,437.07
shot_0125,1664.7711,163.0,745.11,450.37
shot_0125,1664.7792,161.76,698.31,460.27
shot_0125,1664.7872,159.62,655.4,466.81
shot_0125,1664.7952,159.65,605.52,477.7
shot_0125,1664.8033,158.4,564.54,476.5
shot_0125,1664.8113,157.42,516.2,487.48
shot_0125,1664.8194,155.03,470.18,495.15
shot_0125,1664.8274,153.84,426.98,496.67
shot_0125,1664.8354,152.54,381.77,501.86
shot_0125,1664.8435,151.26,337.2,503.6
shot_0125,1664.8515,149.46,290.98,508.03
shot_0125,1664.8596,148.1,248.2,509.96
shot_0125,1664.8676,146.04,204.83,507.04
shot_0125,1664.8756,144.77,162.19,507.49
shot_0125,1664.8837,143.41,119.44,504.76
shot_0125,1664.8917,141.77,76.81,503.11
shot_0125,1664.8998,140.05,33.83,503.73
shot_0125,1664.9078,137.87,-7.57,497.62
shot_0125,1664.9158,136.02,-48.95,491.63
shot_0125,1664.9239,134.34,-90.6,486.9
shot_0125,1664.9319,132.56,-132.82,480.2
shot_0125,1664.94,130.07,-173.53,477.02
shot_0125,1664.948,128.63,-213.76,469.08
shot_0125,1664.956,126.48,-255.08,461.12
shot_0125,1664.9641,125.0,-295.88,447.84
shot_0125,1664.9721,123.17,-337.1,435.36
shot_0125,1664.9802,120.47,-375.01,428.14
shot_0125,1664.9882,119.87,-417.82,410.01
shot_0125,1664.9962,117.13,-457.82,396.07
shot_0125,1665.0043,114.15,-496.03,387.08
shot_0125,1665.0123,112.43,-534.11,375.55
shot_0125,1665.0204,109.75,-571.92,362.15
shot_0125,1665.0284,107.91,-613.02,343.63
shot_0125,1665.0364,105.89,-650.99,329.23
shot_0125,1665.0445,103.29,-689.5,314.23
shot_0125,1665.0525,101.33,-729.23,292.92
shot_0125,1665.0606,98.65,-764.28,279.85
shot_0125,1665.0686,95.63,-801.92,259.6
shot_0125,1665.0766,93.56,-840.15,237.49
shot_0125,1665.0847,91.04,-874.01,225.32
shot_0125,1665.0927,89.13,-912.23,203.72
shot_0125,1665.1008,86.42,-951.79,180.19
shot_0125,1665.1088,83.72,-986.11,162.26
shot_0125,1665.1168,81.21,-1021.16,140.11
shot_0125,1665.1249,76.73,-1058.68,114.89
shot_0125,1665.1329,75.11,-1094.86,90.97
shot_0125,1665.141,71.77,-1141.37,53.55
shot_0125,1665.149,71.05,-1164.93,62.57
shot_0125,1665.157,71.41,-1194.24,88.97
shot_0125,1665.1651,71.68,-1216.58,117.05
shot_0125,1665.1731,71.4,-1243.92,138.54
shot_0125,1665.1812,70.27,-1274.78,154.03
shot_0125,1665.1892,70.15,-1304.51,173.99
shot_0125,1665.1972,69.29,-1330.46,193.22
shot_0125,1665.2053,68.82,-1356.16,208.63
shot_0125,1665.2133,68.18,-1381.27,227.77
shot_0125,1665.2214,67.34,-1406.71,245.09
shot_0125,1665.2294,67.21,-1439.84,251.81
shot_0125,1665.2374,66.55,-1462.83,269.07
shot_0125,1665.2455,66.83,-1491.95,283.74
shot_0125,1665.2535,66.79,-1520.62,293.95
shot_0125,1665.2616,65.93,-1543.45,310.5
shot_0125,1665.2696,65.72,-1569.96,320.82
shot_0125,1665.2776,62.53,-1606.91,325.69
shot_0126,1666.9661,154.45,-1445.51,366.69
shot_0126,1666.9741,159.97,-1408.36,379.12
shot_0126,1666.9821,166.4,-1371.43,388.61
shot_0126,1666.9902,173.03,-1336.27,398.8
shot_0126,1666.9982,178.22,-1290.92,416.04
shot_0126,1667.0063,184.87,-1256.26,423.77
shot_0126,1667.0143,190.46,-1217.83,433.29
shot_0126,1667.0223,197.0,-1178.58,444.16
shot_0126,1667.0304,202.78,-1135.75,457.62
shot_0126,1667.0384,209.15,-1103.82,460.94
shot_0126,1667.0465,213.18,-1069.01,466.06
shot_0126,1667.0545,219.27,-1036.41,468.78
shot_0126,1667.0625,224.52,-993.32,480.3
shot_0126,1667.0706,230.07,-958.51,482.91
shot_0126,1667.0786,235.87,-925.68,484.89
shot_0126,1667.0867,240.7,-889.22,489.21
shot_0126,1667.0947,246.7,-854.4,490.76
shot_0126,1667.1027,252.52,-819.76,491.77
shot_0126,1667.1108,257.41,-784.82,493.85
shot_0126,1667.1188,262.23,-747.21,496.22
shot_0126,1667.1269,267.52,-712.31,496.01
shot_0126,1667.1349,272.51,-679.7,494.24
shot_0126,1667.1429,277.87,-645.52,490.86
shot_0126,1667.151,281.53,-609.67,493.62
shot_0126,1667.159,287.05,-578.71,485.67
shot_0126,1667.1671,292.5,-542.54,484.5
shot_0126,1667.1751,296.18,-508.99,480.48
shot_0126,1667.1831,300.19,-476.56,476.37
shot_0126,1667.1912,305.28,-442.48,470.66
shot_0126,1667.1992,307.53,-410.0,464.39
shot_0126,1667.2073,313.4,-376.33,455.9
shot_0126,1667.2153,316.66,-343.17,450.95
shot_0126,1667.2233,320.62,-310.82,445.26
shot_0126,1667.2314,323.83,-278.74,436.1
shot_0126,1667.2394,328.41,-244.68,428.55
shot_0126,1667.2475,332.3,-213.84,417.87
shot_0126,1667.2555,336.23,-181.79,406.93
shot_0126,1667.2635,338.88,-149.3,401.65
shot_0126,1667.2716,343.36,-117.18,388.15
shot_0126,1667.2796,346.65,-84.59,378.19
shot_0126,1667.2877,349.83,-54.47,365.16
shot_0126,1667.2957,353.06,-21.75,357.05
shot_0126,1667.3037,357.9,11.03,337.57
shot_0126,1667.3118,360.62,40.48,326.09
shot_0126,1667.3198,364.1,73.14,314.41
shot_0126,1667.3279,369.26,105.14,295.9
shot_0126,1667.3359,371.92,135.6,280.9
shot_0126,1667.3439,374.43,167.02,267.07
shot_0126,1667.352,378.42,196.78,252.56
shot_0126,1667.36,381.13,227.84,230.91
shot_0126,1667.3681,384.44,255.34,220.4
shot_0126,1667.3761,387.57,289.36,196.19
shot_0126,1667.3841,391.36,318.27,179.44
shot_0126,1667.3922,392.42,346.38,165.31
shot_0126,1667.4002,396.72,378.23,140.54
shot_0126,1667.4083,398.84,407.31,123.9
shot_0126,1667.4163,401.61,438.13,102.65
shot_0126,1667.4243,404.73,465.95,84.29
shot_0126,1667.4324,407.76,498.6,56.34
shot_0126,1667.4485,411.46,552.35,21.32
shot_0126,1667.4565,414.23,576.56,24.78
shot_0126,1667.4645,419.48,604.15,35.82
shot_0126,1667.4726,424.26,629.19,61.39
shot_0126,1667.4806,429.92,657.01,70.43
shot_0126,1667.4887,433.01,679.99,90.09
shot_0126,1667.4967,437.23,704.37,106.77
shot_0126,1667.5047,443.94,733.91,118.04
shot_0126,1667.5128,446.33,753.63,137.3
shot_0126,1667.5208,449.05,774.88,156.41
shot_0126,1667.5289,453.85,802.41,164.26
shot_0126,1667.5369,459.62,829.8,172.78
shot_0126,1667.5449,462.14,852.04,187.42
shot_0126,1667.553,465.81,875.01,198.97
shot_0126,1667.561,471.63,905.63,201.29
shot_0126,1667.5691,473.49,925.04,217.53
shot_0126,1667.5771,474.77,941.91,233.35
shot_0126,1667.5851,483.2,978.92,225.63
shot_0126,1667.6012,489.79,1024.76,242.24
shot_0126,1667.6093,493.14,1045.73,250.06
shot_0126,1667.6173,496.13,1067.14,258.06
shot_0126,1667.6253,499.07,1092.2,260.79
shot_0126,1667.6334,504.09,1116.6,262.54
shot_0126,1667.6414,508.32,1144.39,262.94
shot_0126,1667.6495,506.39,1148.79,283.87
shot_0126,1667.6575,514.56,1187.17,265.95
shot_0126,1667.6655,517.75,1208.59,273.01
shot_0126,1667.6736,520.15,1233.42,271.75
shot_0126,1667.6816,522.93,1249.95,280.11
shot_0126,1667.6897,526.59,1275.53,279.23
shot_0126,1667.6977,527.62,1288.01,287.68
shot_0126,1667.7057,532.6,1321.05,279.26
shot_0126,1667.7138,533.78,1329.52,290.17
shot_0127,1670.7851,250.82,-1311.06,356.29
shot_0127,1670.7931,253.41,-1279.63,386.15
shot_0127,1670.8012,256.25,-1245.08,415.04
shot_0127,1670.8092,258.7,-1224.61,434.61
shot_0127,1670.8173,260.8,-1191.42,461.92
shot_0127,1670.8253,261.51,-1158.5,489.8
shot_0127,1670.8333,264.69,-1135.67,506.44
shot_0127,1670.8414,264.84,-1093.97,538.1
shot_0127,1670.8494,267.24,-1072.69,553.31
shot_0127,1670.8575,266.82,-1038.05,580.59
shot_0127,1670.8655,268.13,-1009.14,600.38
shot_0127,1670.8735,269.57,-981.78,618.27
shot_0127,1670.8816,270.25,-950.29,638.53
shot_0127,1670.8896,271.97,-922.98,655.02
shot_0127,1670.8977,273.32,-897.99,670.34
shot_0127,1670.9057,273.31,-865.05,689.32
shot_0127,1670.9137,273.8,-834.37,706.76
shot_0127,1670.9218,273.9,-804.18,723.13
shot_0127,1670.9298,275.01,-777.69,735.61
shot_0127,1670.9379,276.18,-750.3,747.77
shot_0127,1670.9459,275.88,-720.81,761.17
shot_0127,1670.9539,275.54,-689.64,775.17
shot_0127,1670.962,275.54,-661.04,786.7
shot_0127,1670.97,276.04,-632.1,796.69
shot_0127,1670.9781,276.04,-605.21,805.27
shot_0127,1670.9861,276.45,-574.93,815.33
shot_0127,1670.9941,276.59,-547.15,822.79
shot_0127,1671.0022,276.04,-517.82,831.42
shot_0127,1671.0183,275.96,-463.36,841.91
shot_0127,1671.0263,275.68,-435.75,846.89
shot_0127,1671.0343,275.1,-408.92,850.73
shot_0127,1671.0424,274.17,-380.85,855.68
shot_0127,1671.0504,273.37,-352.6,859.11
shot_0127,1671.0585,273.22,-326.33,858.32
shot_0127,1671.0665,272.3,-298.65,860.77
shot_0127,1671.0745,272.1,-270.55,862.46
shot_0127,1671.0826,270.86,-244.23,862.72
shot_0127,1671.0906,269.89,-217.46,861.51
shot_0127,1671.0987,268.59,-191.66,860.03
shot_0127,1671.1067,268.56,-165.22,857.14
shot_0127,1671.1147,267.58,-137.97,853.25
shot_0127,1671.1228,266.61,-112.76,849.88
shot_0127,1671.1308,265.68,-87.03,846.06
shot_0127,1671.1389,264.14,-60.74,841.83
shot_0127,1671.1469,263.06,-34.5,835.34
shot_0127,1671.1549,262.51,-9.21,829.3
shot_0127,1671.163,261.91,15.49,821.5
shot_0127,1671.171,260.87,41.17,813.53
shot_0127,1671.1791,259.5,65.45,804.99
shot_0127,1671.1871,258.44,91.55,794.96
shot_0127,1671.1951,257.48,116.12,784.27
shot_0127,1671.2032,256.18,140.93,774.21
shot_0127,1671.2112,255.09,164.55,763.91
shot_0127,1671.2193,253.89,188.66,752.7
shot_0127,1671.2273,252.49,212.91,739.57
shot_0127,1671.2353,251.15,236.92,725.72
shot_0127,1671.2434,249.99,260.04,711.84
shot_0127,1671.2514,248.69,282.88,697.45
shot_0127,1671.2595,247.1,306.48,682.52
shot_0127,1671.2675,245.16,328.85,668.93
shot_0127,1671.2755,244.0,352.48,651.87
shot_0127,1671.2836,243.26,374.71,635.14
shot_0127,1671.2916,242.13,398.04,614.78
shot_0127,1671.2997,240.45,419.45,596.7
shot_0127,1671.3077,239.92,443.48,576.51
shot_0127,1671.3157,238.12,464.9,556.53
shot_0127,1671.3238,236.01,485.91,538.28
shot_0127,1671.3318,234.41,506.75,517.89
shot_0127,1671.3399,233.01,526.68,499.9
shot_0127,1671.3479,231.92,548.19,475.45
shot_0127,1671.3559,229.86,569.98,453.46
shot_0127,1671.364,228.54,588.98,432.7
shot_0127,1671.372,225.94,612.22,405.16
shot_0127,1671.3801,224.57,631.75,381.66
shot_0127,1671.3881,224.6,651.49,356.92
shot_0127,1671.3961,221.68,670.45,334.89
shot_0127,1671.4042,219.45,690.18,310.53
shot_0127,1671.4122,218.26,712.05,276.75
shot_0127,1671.4203,217.06,735.71,245.79
shot_0127,1671.4283,214.93,753.18,220.92
shot_0127,1671.4363,212.84,771.16,193.73
shot_0127,1671.4444,211.84,791.6,162.14
shot_0127,1671.4524,209.4,807.41,136.0
shot_0127,1671.4605,207.84,827.81,106.05
shot_0127,1671.4685,206.21,848.86,70.87
shot_0127,1671.4765,204.23,862.3,47.67
shot_0127,1671.4846,202.37,872.83,28.3
shot_0127,1671.4926,201.58,902.37,29.56
shot_0127,1671.5007,200.26,917.46,64.8
shot_0127,1671.5087,197.88,937.47,86.33
shot_0127,1671.5167,196.94,959.04,110.98
shot_0127,1671.5248,194.94,979.07,138.6
shot_0127,1671.5328,192.93,996.39,163.68
shot_0127,1671.5409,190.44,1010.48,193.42
shot_0127,1671.5489,187.8,1034.44,209.9
shot_0127,1671.5569,186.57,1050.28,232.76
shot_0127,1671.565,183.43,1064.59,262.43
shot_0127,1671.573,180.71,1077.16,286.87
shot_0127,1671.5811,178.09,1099.92,298.64
shot_0127,1671.5891,176.16,1117.1,318.38
shot_0127,1671.5971,174.07,1135.6,334.35
shot_0127,1671.6052,172.66,1156.0,346.3
shot_0127,1671.6132,168.75,1173.4,371.1
shot_0127,1671.6213,167.15,1198.11,384.07
shot_0127,1671.6293,166.09,1211.4,402.57
shot_0127,1671.6373,162.76,1229.33,417.77
shot_0127,1671.6454,159.35,1246.79,435.56
shot_0127,1671.6534,156.06,1261.08,455.33
shot_0127,1671.6615,155.33,1285.08,472.95
shot_0127,1671.6695,151.73,1309.5,488.44
shot_0127,1671.6775,151.39,1324.51,518.87
shot_0127,1671.6856,149.87,1337.58,557.49
shot_0127,1671.6936,148.54,1368.78,591.86
shot_0128,1671.9429,38.36,1129.48,692.65
shot_0128,1671.9509,33.72,1083.49,672.3
shot_0128,1671.9589,29.73,1049.88,657.17
shot_0128,1671.967,25.94,996.01,655.59
shot_0128,1671.975,21.18,953.31,655.04
shot_0128,1671.9831,18.61,916.87,653.81
shot_0128,1671.9911,12.71,864.98,649.56
shot_0128,1671.9991,9.02,831.67,645.95
shot_0128,1672.0072,5.43,796.72,645.99
shot_0128,1672.0152,0.56,756.33,643.04
shot_0128,1672.0233,-3.96,714.83,637.22
shot_0128,1672.0313,-8.14,676.01,631.46
shot_0128,1672.0393,-12.89,636.25,627.21
shot_0128,1672.0474,-16.31,595.32,623.89
shot_0128,1672.0554,-21.18,557.3,614.83
shot_0128,1672.0635,-26.63,522.44,603.61
shot_0128,1672.0715,-31.45,483.95,596.1
shot_0128,1672.0795,-36.79,443.47,586.56
shot_0128,1672.0876,-42.02,406.44,573.48
shot_0128,1672.0956,-47.57,367.98,561.79
shot_0128,1672.1037,-51.21,328.25,554.07
shot_0128,1672.1117,-55.82,291.01,542.94
shot_0128,1672.1197,-61.11,256.59,527.11
shot_0128,1672.1278,-66.22,217.54,516.59
shot_0128,1672.1358,-71.96,183.9,496.88
shot_0128,1672.1439,-76.58,146.86,485.63
shot_0128,1672.1519,-81.27,111.18,467.39
shot_0128,1672.1599,-88.36,74.5,452.47
shot_0128,1672.168,-91.2,38.7,440.88
shot_0128,1672.176,-98.86,3.76,416.92
shot_0128,1672.1841,-104.36,-30.34,398.4
shot_0128,1672.1921,-109.82,-65.66,379.07
shot_0128,1672.2001,-114.89,-101.59,360.67
shot_0128,1672.2082,-119.7,-134.64,339.97
shot_0128,1672.2162,-125.23,-170.72,319.7
shot_0128,1672.2243,-131.55,-203.32,295.05
shot_0128,1672.2323,-138.12,-238.55,269.54
shot_0128,1672.2403,-142.78,-271.32,246.75
shot_0128,1672.2484,-147.5,-301.84,228.48
shot_0128,1672.2564,-153.32,-334.76,204.18
shot_0128,1672.2645,-159.42,-369.3,174.0
shot_0128,1672.2725,-167.22,-403.4,145.52
shot_0128,1672.2805,-172.01,-434.31,122.18
shot_0128,1672.2886,-177.93,-466.25,91.04
shot_0128,1672.2966,-184.55,-499.21,64.09
shot_0128,1672.3047,-187.43,-523.05,84.79
shot_0128,1672.3127,-189.57,-548.34,119.94
shot_0128,1672.3207,-190.4,-572.08,148.67
shot_0128,1672.3288,-196.68,-598.94,162.25
shot_0128,1672.3368,-197.3,-620.54,193.42
shot_0128,1672.3449,-201.88,-649.79,206.3
shot_0128,1672.3529,-203.19,-668.13,237.13
shot_0128,1672.3609,-208.77,-697.91,247.29
shot_0128,1672.369,-211.71,-719.49,273.93
shot_0128,1672.377,-213.36,-740.19,296.33
shot_0128,1672.3851,-217.25,-766.4,311.54
shot_0128,1672.3931,-220.2,-790.4,329.81
shot_0128,1672.4011,-223.57,-812.77,346.65
shot_0128,1672.4092,-229.01,-841.12,358.0
shot_0128,1672.4172,-232.94,-863.26,376.73
shot_0128,1672.4253,-236.03,-885.83,389.29
shot_0128,1672.4333,-240.35,-913.25,399.27
shot_0128,1672.4413,-244.21,-932.64,414.47
shot_0128,1672.4494,-248.77,-958.76,422.12
shot_0128,1672.4574,-254.32,-983.64,434.82
shot_0128,1672.4655,-257.05,-1005.23,447.43
shot_0128,1672.4735,-261.68,-1030.29,452.92
shot_0128,1672.4815,-267.36,-1057.39,455.78
shot_0128,1672.4896,-270.62,-1076.82,467.81
shot_0128,1672.4976,-275.67,-1099.89,471.42
shot_0128,1672.5057,-279.65,-1122.81,477.46
shot_0128,1672.5137,-281.63,-1141.3,485.64
shot_0128,1672.5217,-288.08,-1164.63,487.27
shot_0128,1672.5298,-291.41,-1184.36,498.15
shot_0128,1672.5378,-296.14,-1209.47,501.06
shot_0128,1672.5459,-301.31,-1236.92,503.37
shot_0128,1672.5539,-307.73,-1263.34,500.54
shot_0128,1672.5619,-309.46,-1278.01,506.24
shot_0128,1672.57,-316.16,-1308.75,503.79
shot_0128,1672.578,-320.86,-1328.45,504.35
shot_0128,1672.5941,-332.49,-1374.42,504.27
shot_0129,1674.0011,-144.38,-1480.63,356.17
shot_0129,1674.0092,-139.11,-1438.35,373.8
shot_0129,1674.0172,-131.96,-1382.45,400.13
shot_0129,1674.0252,-125.01,-1335.57,421.73
shot_0129,1674.0333,-118.17,-1283.26,442.86
shot_0129,1674.0413,-115.4,-1242.06,457.35
shot_0129,1674.0574,-105.23,-1148.89,491.22
shot_0129,1674.0654,-99.43,-1097.79,512.91
shot_0129,1674.0735,-94.35,-1051.35,531.65
shot_0129,1674.0815,-89.33,-1005.27,545.99
shot_0129,1674.0896,-83.33,-958.65,559.64
shot_0129,1674.0976,-77.82,-916.14,572.42
shot_0129,1674.1056,-72.48,-868.85,587.48
shot_0129,1674.1137,-64.6,-820.51,600.85
shot_0129,1674.1217,-60.54,-779.86,609.29
shot_0129,1674.1298,-55.7,-733.89,621.76
shot_0129,1674.1378,-50.54,-693.49,628.46
shot_0129,1674.1458,-43.99,-643.64,643.47
shot_0129,1674.1539,-38.8,-603.41,647.41
shot_0129,1674.1619,-34.22,-560.06,655.71
shot_0129,1674.17,-27.57,-516.25,661.73
shot_0129,1674.178,-21.58,-472.37,667.97
shot_0129,1674.186,-15.77,-429.1,675.48
shot_0129,1674.1941,-9.44,-392.08,672.83
shot_0129,1674.2021,-5.12,-350.77,675.27
shot_0129,1674.2102,0.32,-309.42,680.16
shot_0129,1674.2182,6.02,-268.16,682.52
shot_0129,1674.2262,11.0,-228.63,684.53
shot_0129,1674.2343,16.99,-188.0,684.41
shot_0129,1674.2423,22.88,-148.24,682.08
shot_0129,1674.2504,28.63,-108.46,682.12
shot_0129,1674.2584,34.65,-69.51,679.74
shot_0129,1674.2664,40.72,-30.91,676.48
shot_0129,1674.2745,47.19,8.07,673.94
shot_0129,1674.2825,52.46,43.97,668.41
shot_0129,1674.2906,58.4,83.06,663.84
shot_0129,1674.2986,64.34,121.35,657.05
shot_0129,1674.3066,70.35,159.07,650.3
shot_0129,1674.3147,74.83,195.84,642.56
shot_0129,1674.3227,81.47,235.56,634.03
shot_0129,1674.3308,87.25,272.64,627.58
shot_0129,1674.3388,93.66,308.7,616.39
shot_0129,1674.3468,99.24,347.19,605.35
shot_0129,1674.3549,105.64,383.97,594.75
shot_0129,1674.3629,111.84,419.57,584.17
shot_0129,1674.379,123.08,490.39,562.17
shot_0129,1674.387,128.59,529.5,545.62
shot_0129,1674.3951,134.75,561.3,536.78
shot_0129,1674.4031,140.81,598.66,518.22
shot_0129,1674.4112,146.76,636.11,500.75
shot_0129,1674.4192,151.83,670.27,485.29
shot_0129,1674.4272,158.86,704.81,469.51
shot_0129,1674.4353,165.14,740.5,449.93
shot_0129,1674.4433,171.38,771.88,436.46
shot_0129,1674.4514,176.81,805.67,418.0
shot_0129,1674.4594,182.71,838.83,399.62
shot_0129,1674.4674,187.92,868.31,383.82
shot_0129,1674.4755,194.62,904.6,360.35
shot_0129,1674.4835,199.85,937.54,340.45
shot_0129,1674.4916,205.19,970.61,318.5
shot_0129,1674.4996,212.03,1000.98,298.41
shot_0129,1674.5076,216.82,1032.61,276.32
shot_0129,1674.5157,222.63,1068.07,249.2
shot_0129,1674.5237,229.53,1098.73,228.53
shot_0129,1674.5318,235.91,1128.17,205.76
shot_0129,1674.5398,240.85,1158.53,181.48
shot_0129,1674.5478,248.56,1191.73,153.55
shot_0129,1674.5559,253.77,1226.03,125.16
shot_0129,1674.5639,258.36,1243.29,109.56
shot_0129,1674.58,270.2,1315.84,42.54
shot_0129,1674.588,276.19,1345.76,16.43
shot_0129,1674.5961,281.63,1365.04,-4.79
shot_0129,1674.6122,293.08,1428.28,-64.55
shot_0130,1678.0372,-383.3,1320.88,268.02
shot_0130,1678.0453,-376.65,1287.18,281.6
shot_0130,1678.0533,-368.98,1254.6,293.08
shot_0130,1678.0694,-349.27,1176.41,327.25
shot_0130,1678.0774,-342.98,1147.26,337.29
shot_0130,1678.0855,-332.46,1105.93,354.23
shot_0130,1678.0935,-322.67,1067.28,370.67
shot_0130,1678.1016,-317.12,1037.2,380.18
shot_0130,1678.1096,-308.81,997.38,392.3
shot_0130,1678.1176,-298.97,961.73,404.51
shot_0130,1678.1257,-292.01,928.22,411.89
shot_0130,1678.1337,-282.97,888.01,424.75
shot_0130,1678.1418,-275.54,852.47,433.96
shot_0130,1678.1498,-268.76,819.33,440.83
shot_0130,1678.1578,-261.86,784.92,447.66
shot_0130,1678.1659,-251.42,745.12,460.55
shot_0130,1678.1739,-246.02,713.38,461.67
shot_0130,1678.182,-238.2,677.33,468.43
shot_0130,1678.19,-232.32,642.38,471.52
shot_0130,1678.198,-224.2,606.67,478.2
shot_0130,1678.2061,-217.4,571.81,479.83
shot_0130,1678.2141,-210.17,537.72,484.52
shot_0130,1678.2222,-204.03,502.06,484.88
shot_0130,1678.2302,-197.92,467.59,485.06
shot_0130,1678.2382,-191.45,435.18,483.69
shot_0130,1678.2463,-185.81,400.8,485.29
shot_0130,1678.2543,-178.91,367.9,483.46
shot_0130,1678.2624,-172.45,331.27,483.59
shot_0130,1678.2704,-165.41,296.88,481.18
shot_0130,1678.2784,-161.13,265.55,477.33
shot_0130,1678.2865,-155.93,233.38,472.0
shot_0130,1678.2945,-149.83,198.08,470.65
shot_0130,1678.3026,-145.46,166.49,458.51
shot_0130,1678.3106,-140.17,132.96,450.81
shot_0130,1678.3186,-135.04,103.36,445.33
shot_0130,1678.3267,-130.36,70.99,438.02
shot_0130,1678.3347,-124.9,37.98,428.92
shot_0130,1678.3428,-120.34,6.94,420.54
shot_0130,1678.3508,-114.96,-25.11,409.8
shot_0130,1678.3588,-110.32,-58.18,398.23
shot_0130,1678.3669,-106.24,-88.42,385.91
shot_0130,1678.3749,-102.36,-119.75,372.66
shot_0130,1678.383,-96.46,-151.71,363.62
shot_0130,1678.391,-92.5,-183.5,347.25
shot_0130,1678.399,-87.8,-212.56,339.01
shot_0130,1678.4071,-85.52,-245.5,311.51
shot_0130,1678.4151,-80.0,-274.23,302.26
shot_0130,1678.4232,-76.06,-306.2,285.81
shot_0130,1678.4312,-72.5,-336.65,266.73
shot_0130,1678.4392,-69.13,-366.26,247.91
shot_0130,1678.4473,-65.82,-396.86,233.83
shot_0130,1678.4553,-60.76,-425.81,214.33
shot_0130,1678.4634,-58.37,-455.21,193.05
shot_0130,1678.4714,-54.41,-485.83,172.33
shot_0130,1678.4794,-51.06,-515.93,152.11
shot_0130,1678.4875,-48.09,-544.99,129.53
shot_0130,1678.4955,-45.32,-576.64,101.16
shot_0130,1678.5036,-42.09,-602.47,83.21
shot_0130,1678.5116,-39.33,-631.44,61.21
shot_0130,1678.5196,-33.5,-655.51,78.7
shot_0130,1678.5277,-29.85,-680.34,97.36
shot_0130,1678.5357,-24.44,-701.77,122.07
shot_0130,1678.5438,-17.49,-722.14,145.99
shot_0130,1678.5518,-15.02,-747.72,156.0
shot_0130,1678.5598,-10.26,-772.57,171.74
shot_0130,1678.5679,-5.44,-791.13,197.27
shot_0130,1678.5759,-1.67,-816.2,208.58
shot_0130,1678.584,1.4,-838.47,223.78
shot_0130,1678.592,6.01,-856.36,246.82
shot_0130,1678.6,9.62,-879.31,258.66
shot_0130,1678.6081,13.82,-902.86,269.07
shot_0130,1678.6161,16.25,-930.97,273.31
shot_0130,1678.6242,21.07,-952.83,288.63
shot_0130,1678.6322,24.69,-965.47,308.52
shot_0130,1678.6402,28.33,-991.21,315.38
shot_0130,1678.6483,32.59,-1009.86,328.69
shot_0130,1678.6563,35.12,-1032.84,334.51
shot_0130,1678.6644,38.1,-1061.09,337.04
shot_0130,1678.6724,42.14,-1078.38,349.04
shot_0130,1678.6804,45.41,-1098.64,356.75
shot_0130,1678.6885,48.13,-1124.33,359.0
shot_0130,1678.6965,51.97,-1135.76,373.15
shot_0130,1678.7046,53.4,-1163.16,370.51
shot_0130,1678.7126,57.48,-1179.54,379.44
shot_0130,1678.7206,59.63,-1206.5,376.7
shot_0130,1678.7287,63.47,-1222.32,382.22
shot_0130,1678.7367,65.8,-1245.02,380.81
shot_0130,1678.7448,68.71,-1265.38,383.26
shot_0130,1678.7528,71.76,-1286.37,383.76
shot_0130,1678.7608,73.37,-1310.58,378.87
shot_0130,1678.7689,77.87,-1325.11,382.87
shot_0130,1678.7769,78.87,-1352.57,374.53
shot_0130,1678.785,80.99,-1368.84,376.44
shot_0130,1678.793,84.34,-1385.37,375.45
shot_0130,1678.801,85.21,-1406.0,374.04
shot_0130,1678.8091,86.65,-1424.37,369.12
shot_0130,1678.8171,88.37,-1448.12,361.66
shot_0130,1678.8252,90.07,-1468.08,353.9
shot_0131,1680.594,-31.58,-1700.14,394.7
shot_0131,1680.602,-19.13,-1661.1,404.84
shot_0131,1680.6101,-6.46,-1597.35,431.45
shot_0131,1680.6181,2.65,-1556.51,442.0
shot_0131,1680.6261,13.85,-1500.0,464.59
shot_0131,1680.6342,25.26,-1455.51,478.1
shot_0131,1680.6422,34.39,-1409.83,492.56
shot_0131,1680.6503,45.39,-1360.37,510.41
shot_0131,1680.6583,56.51,-1309.35,527.89
shot_0131,1680.6663,65.7,-1266.76,538.4
shot_0131,1680.6744,76.42,-1214.95,556.48
shot_0131,1680.6824,85.79,-1172.21,568.03
shot_0131,1680.6905,94.77,-1131.24,577.8
shot_0131,1680.6985,105.17,-1083.04,590.33
shot_0131,1680.7065,114.36,-1037.36,601.67
shot_0131,1680.7146,122.62,-994.12,610.43
shot_0131,1680.7226,131.88,-948.95,620.4
shot_0131,1680.7307,140.63,-907.28,627.22
shot_0131,1680.7387,148.82,-866.42,633.37
shot_0131,1680.7467,157.85,-820.41,640.78
shot_0131,1680.7548,166.36,-780.2,641.7
shot_0131,1680.7628,174.3,-737.39,646.19
shot_0131,1680.7709,183.42,-697.9,646.12
shot_0131,1680.7789,191.24,-654.18,648.79
shot_0131,1680.7869,198.99,-614.33,648.76
shot_0131,1680.795,206.78,-572.42,649.41
shot_0131,1680.803,214.95,-531.64,646.24
shot_0131,1680.8111,222.41,-490.97,644.9
shot_0131,1680.8191,230.0,-450.27,641.45
shot_0131,1680.8271,236.97,-411.0,638.89
shot_0131,1680.8352,245.47,-370.87,631.32
shot_0131,1680.8432,252.93,-331.31,627.83
shot_0131,1680.8513,259.49,-291.67,624.79
shot_0131,1680.8593,266.85,-252.02,616.76
shot_0131,1680.8673,273.85,-213.86,610.79
shot_0131,1680.8754,280.69,-174.57,604.15
shot_0131,1680.8834,288.61,-136.69,592.57
shot_0131,1680.8915,294.61,-98.68,586.03
shot_0131,1680.8995,302.26,-60.74,572.93
shot_0131,1680.9075,309.22,-23.85,561.65
shot_0131,1680.9156,315.83,13.27,549.55
shot_0131,1680.9236,322.92,50.49,537.28
shot_0131,1680.9317,329.82,86.07,523.03
shot_0131,1680.9397,337.07,123.12,509.41
shot_0131,1680.9477,342.41,158.0,497.22
shot_0131,1680.9558,349.8,195.42,477.18
shot_0131,1680.9638,355.92,230.2,463.33
shot_0131,1680.9719,362.91,266.41,443.47
shot_0131,1680.9799,368.66,299.31,431.03
shot_0131,1680.9879,375.08,335.96,410.11
shot_0131,1680.996,381.12,369.3,392.65
shot_0131,1681.004,388.36,403.45,372.49
shot_0131,1681.0121,392.92,437.51,352.36
shot_0131,1681.0201,400.43,469.27,332.17
shot_0131,1681.0281,404.28,500.68,315.33
shot_0131,1681.0362,412.38,537.32,287.59
shot_0131,1681.0442,417.74,568.17,266.68
shot_0131,1681.0523,423.53,600.06,242.85
shot_0131,1681.0603,428.76,629.74,221.53
shot_0131,1681.0683,434.04,661.0,199.2
shot_0131,1681.0764,439.44,690.37,177.05
shot_0131,1681.0844,447.29,726.3,143.13
shot_0131,1681.0925,451.34,751.66,124.33
shot_0131,1681.1005,455.22,780.83,100.66
shot_0131,1681.1085,464.4,817.28,64.81
shot_0131,1681.1166,467.75,837.6,47.39
shot_0131,1681.1246,472.3,868.29,18.99
shot_0131,1681.1327,477.91,899.7,9.24
shot_0131,1681.1407,481.6,927.42,26.87
shot_0131,1681.1487,481.2,949.06,58.63
shot_0131,1681.1568,484.86,976.36,80.45
shot_0131,1681.1648,487.24,1002.6,100.34
shot_0131,1681.1729,490.8,1032.4,116.31
shot_0131,1681.1809,494.1,1061.32,129.54
shot_0131,1681.1889,494.29,1083.45,153.78
shot_0131,1681.197,495.08,1106.6,174.7
shot_0131,1681.205,498.55,1137.39,188.07
shot_0131,1681.2131,499.81,1158.3,205.23
shot_0131,1681.2211,504.0,1193.95,214.41
shot_0131,1681.2291,506.55,1214.52,231.48
shot_0131,1681.2372,506.78,1238.8,246.68
shot_0132,1681.2452,506.74,1255.94,268.57
shot_0132,1681.2533,503.71,1229.75,277.44
shot_0132,1681.2613,498.55,1189.76,283.74
shot_0132,1681.2693,492.97,1143.96,294.82
shot_0132,1681.2774,485.41,1092.41,309.12
shot_0132,1681.2854,477.73,1044.8,322.33
shot_0132,1681.2935,472.79,1002.26,327.87
shot_0132,1681.3015,467.32,955.33,339.71
shot_0132,1681.3095,458.27,904.83,352.72
shot_0132,1681.3176,451.79,860.11,360.38
shot_0132,1681.3256,446.35,816.69,365.59
shot_0132,1681.3337,440.53,771.75,371.63
shot_0132,1681.3417,431.79,725.37,379.5
shot_0132,1681.3497,423.81,679.39,387.57
shot_0132,1681.3578,417.77,638.19,387.07
shot_0132,1681.3658,409.14,593.2,393.27
shot_0132,1681.3739,401.79,548.53,396.09
shot_0132,1681.3819,394.14,507.68,395.87
shot_0132,1681.3899,386.87,462.9,395.24
shot_0132,1681.398,378.88,421.23,396.69
shot_0132,1681.406,370.44,380.83,393.32
shot_0132,1681.4141,361.81,336.07,394.78
shot_0132,1681.4221,354.69,294.83,390.18
shot_0132,1681.4301,345.31,252.47,390.62
shot_0132,1681.4382,336.52,211.48,388.69
shot_0132,1681.4462,328.3,170.19,384.3
shot_0132,1681.4543,319.5,130.75,378.61
shot_0132,1681.4623,311.57,89.61,371.35
shot_0132,1681.4703,301.21,47.95,369.91
shot_0132,1681.4784,293.38,8.57,358.18
shot_0132,1681.4864,283.18,-31.19,353.17
shot_0132,1681.4945,275.03,-71.35,341.86
shot_0132,1681.5025,265.78,-109.89,333.49
shot_0132,1681.5105,257.88,-147.76,326.2
shot_0132,1681.5186,247.49,-186.85,318.07
shot_0132,1681.5266,238.29,-226.12,304.23
shot_0132,1681.5347,227.95,-263.89,296.25
shot_0132,1681.5427,219.48,-302.38,276.8
shot_0132,1681.5507,210.73,-340.37,263.05
shot_0132,1681.5588,200.91,-375.97,255.19
shot_0132,1681.5668,191.17,-414.87,234.73
shot_0132,1681.5749,182.03,-449.08,222.57
shot_0132,1681.5829,171.89,-487.95,205.18
shot_0132,1681.5909,162.45,-524.65,184.28
shot_0132,1681.599,152.7,-562.58,164.86
shot_0132,1681.607,142.62,-595.78,152.77
shot_0132,1681.6151,132.32,-635.4,127.41
shot_0132,1681.6231,123.22,-669.03,110.13
shot_0132,1681.6311,111.24,-707.77,85.24
shot_0132,1681.6392,102.87,-739.44,66.76
shot_0132,1681.6472,93.39,-775.98,50.38
shot_0132,1681.6553,86.87,-802.87,73.11
shot_0132,1681.6633,80.6,-830.78,94.46
shot_0132,1681.6713,76.21,-856.13,114.53
shot_0132,1681.6794,68.14,-889.6,126.79
shot_0132,1681.6874,64.07,-916.24,148.33
shot_0132,1681.6955,57.86,-946.13,160.14
shot_0132,1681.7035,53.45,-966.85,185.13
shot_0132,1681.7115,46.64,-991.55,203.8
shot_0132,1681.7196,41.66,-1021.83,212.12
shot_0132,1681.7276,35.22,-1049.51,228.17
shot_0132,1681.7357,30.0,-1072.04,245.67
shot_0132,1681.7437,23.09,-1101.25,256.6
shot_0132,1681.7517,16.86,-1128.28,268.74
shot_0132,1681.7598,10.85,-1151.76,282.98
shot_0132,1681.7678,4.24,-1176.69,293.47
shot_0132,1681.7759,-1.62,-1203.64,301.36
shot_0132,1681.7839,-8.54,-1233.72,304.49
shot_0132,1681.7919,-16.53,-1261.28,310.23
shot_0132,1681.8,-22.33,-1283.49,318.64
shot_0132,1681.808,-29.36,-1308.12,327.19
shot_0132,1681.8161,-35.78,-1332.81,332.38
shot_0132,1681.8241,-41.31,-1355.97,338.56
shot_0132,1681.8321,-49.59,-1389.17,336.26
shot_0132,1681.8402,-56.87,-1411.1,342.14
shot_0132,1681.8482,-63.6,-1429.02,351.47
shot_0132,1681.8563,-70.43,-1454.52,349.34
shot_0132,1681.8643,-78.41,-1485.87,348.4
shot_0132,1681.8723,-85.88,-1510.38,348.09
shot_0133,1681.8804,-92.02,-1532.0,344.07
shot_0133,1681.8884,-83.67,-1493.1,361.49
shot_0133,1681.8965,-73.93,-1437.96,386.92
shot_0133,1681.9045,-63.29,-1392.11,407.4
shot_0133,1681.9125,-54.66,-1350.46,421.44
shot_0133,1681.9206,-46.25,-1311.65,434.78
shot_0133,1681.9286,-38.27,-1261.12,456.15
shot_0133,1681.9367,-30.83,-1223.78,465.87
shot_0133,1681.9447,-22.46,-1173.89,484.78
shot_0133,1681.9527,-13.82,-1133.17,497.22
shot_0133,1681.9608,-7.05,-1095.7,504.92
shot_0133,1681.9688,0.21,-1047.08,523.23
shot_0133,1681.9769,6.55,-1011.06,529.6
shot_0133,1681.9849,13.86,-970.56,538.65
shot_0133,1681.9929,20.81,-930.39,546.71
shot_0133,1682.001,26.46,-889.04,552.11
shot_0133,1682.009,32.67,-846.85,560.87
shot_0133,1682.0171,37.94,-808.09,568.05
shot_0133,1682.0251,43.85,-768.39,571.39
shot_0133,1682.0331,48.89,-726.85,579.33
shot_0133,1682.0412,54.22,-691.31,576.33
shot_0133,1682.0492,59.59,-647.86,583.09
shot_0133,1682.0573,63.82,-609.38,583.29
shot_0133,1682.0653,68.46,-573.65,584.24
shot_0133,1682.0733,72.75,-534.37,584.93
shot_0133,1682.0814,76.44,-493.53,586.68
shot_0133,1682.0894,81.28,-457.2,582.9
shot_0133,1682.0975,85.41,-419.73,577.93
shot_0133,1682.1055,89.17,-380.3,579.93
shot_0133,1682.1135,92.96,-342.0,578.75
shot_0133,1682.1216,95.82,-305.99,576.44
shot_0133,1682.1296,99.34,-269.59,566.55
shot_0133,1682.1377,102.5,-232.06,565.07
shot_0133,1682.1457,105.14,-196.98,556.8
shot_0133,1682.1537,107.83,-160.19,550.12
shot_0133,1682.1618,111.21,-125.76,540.94
shot_0133,1682.1698,113.19,-88.91,535.01
shot_0133,1682.1779,115.84,-55.06,522.51
shot_0133,1682.1859,117.89,-20.31,514.21
shot_0133,1682.1939,120.0,14.93,504.85
shot_0133,1682.202,121.7,48.15,492.58
shot_0133,1682.21,124.2,84.31,478.81
shot_0133,1682.2181,125.58,117.24,467.37
shot_0133,1682.2261,127.27,151.28,450.5
shot_0133,1682.2341,129.16,183.66,439.89
shot_0133,1682.2422,130.83,217.44,421.7
shot_0133,1682.2502,132.07,248.93,410.27
shot_0133,1682.2583,132.89,281.95,390.77
shot_0133,1682.2663,133.05,314.74,371.18
shot_0133,1682.2743,134.67,346.83,358.18
shot_0133,1682.2824,135.4,381.37,336.54
shot_0133,1682.2904,136.3,412.55,314.64
shot_0133,1682.2985,137.49,444.75,293.44
shot_0133,1682.3065,137.97,476.14,274.72
shot_0133,1682.3145,137.32,507.35,253.29
shot_0133,1682.3226,137.78,535.99,238.44
shot_0133,1682.3306,138.48,566.08,214.83
shot_0133,1682.3387,138.89,599.35,187.5
shot_0133,1682.3467,138.67,623.43,172.36
shot_0133,1682.3547,139.29,659.55,139.83
shot_0133,1682.3628,139.09,686.47,120.85
shot_0133,1682.3708,137.61,716.12,94.99
shot_0133,1682.3789,137.93,748.35,63.13
shot_0133,1682.3869,137.52,769.02,47.42
shot_0133,1682.3949,136.79,800.01,20.79
shot_0133,1682.403,136.12,828.02,35.76
shot_0133,1682.411,136.69,850.6,57.05
shot_0133,1682.4191,136.86,872.7,85.83
shot_0133,1682.4271,136.82,895.3,107.6
shot_0133,1682.4351,138.32,912.64,130.23
shot_0133,1682.4432,137.15,938.73,146.22
shot_0133,1682.4512,135.16,960.22,163.58
shot_0133,1682.4593,133.47,988.74,177.68
shot_0133,1682.4673,134.19,1008.48,197.06
shot_0133,1682.4834,132.82,1046.83,234.02
shot_0133,1682.4914,130.38,1073.55,243.12
shot_0133,1682.4995,128.64,1097.48,254.58
shot_0133,1682.5075,129.56,1118.01,269.02
shot_0133,1682.5155,127.21,1140.75,280.21
shot_0133,1682.5236,125.84,1162.76,287.32
shot_0133,1682.5316,123.21,1185.96,299.63
shot_0133,1682.5397,122.3,1205.99,309.03
shot_0133,1682.5477,121.57,1223.63,322.66
shot_0133,1682.5557,118.26,1243.4,333.28
shot_0133,1682.5638,117.36,1274.96,332.02
shot_0134,1689.9446,205.85,-1316.41,426.04
shot_0134,1689.9526,201.8,-1280.91,437.68
shot_0134,1689.9606,198.13,-1251.76,444.45
shot_0134,1689.9687,192.11,-1210.52,459.88
shot_0134,1689.9767,188.62,-1172.07,473.49
shot_0134,1689.9848,183.09,-1134.22,485.33
shot_0134,1689.9928,178.03,-1094.13,498.71
shot_0134,1690.0008,174.24,-1060.94,506.64
shot_0134,1690.0089,168.79,-1029.49,510.62
shot_0134,1690.0169,163.77,-992.57,519.13
shot_0134,1690.025,158.88,-957.51,525.94
shot_0134,1690.033,155.15,-922.78,531.19
shot_0134,1690.041,149.06,-885.9,537.53
shot_0134,1690.0491,143.54,-853.0,537.56
shot_0134,1690.0571,138.31,-818.69,540.41
shot_0134,1690.0652,133.3,-784.39,542.92
shot_0134,1690.0732,127.81,-747.54,546.95
shot_0134,1690.0812,122.74,-713.26,547.75
shot_0134,1690.0893,116.14,-678.07,545.33
shot_0134,1690.0973,111.09,-644.01,549.79
shot_0134,1690.1054,105.75,-608.9,547.87
shot_0134,1690.1134,100.31,-578.39,540.01
shot_0134,1690.1214,94.66,-542.7,540.83
shot_0134,1690.1295,88.77,-508.08,537.76
shot_0134,1690.1375,83.39,-477.71,531.6
shot_0134,1690.1456,77.78,-440.29,531.49
shot_0134,1690.1536,72.21,-408.9,523.6
shot_0134,1690.1616,66.69,-378.07,513.91
shot_0134,1690.1697,61.4,-344.1,511.73
shot_0134,1690.1777,55.32,-313.57,501.55
shot_0134,1690.1858,50.38,-281.39,493.31
shot_0134,1690.1938,44.14,-249.53,487.09
shot_0134,1690.2018,38.28,-216.45,477.97
shot_0134,1690.2099,33.15,-184.65,471.18
shot_0134,1690.2179,27.68,-153.69,457.84
shot_0134,1690.226,21.65,-123.48,442.99
shot_0134,1690.234,16.6,-92.22,431.75
shot_0134,1690.2421,11.11,-64.5,419.35
shot_0134,1690.2501,4.3,-32.47,401.97
shot_0134,1690.2581,-1.4,-2.4,389.55
shot_0134,1690.2662,-6.41,26.57,376.16
shot_0134,1690.2742,-12.69,56.04,354.02
shot_0134,1690.2823,-18.74,84.81,341.57
shot_0134,1690.2903,-24.21,114.53,318.8
shot_0134,1690.2983,-30.83,143.72,301.09
shot_0134,1690.3064,-35.94,171.72,283.33
shot_0134,1690.3144,-42.18,200.51,266.64
shot_0134,1690.3225,-47.69,228.47,244.82
shot_0134,1690.3305,-55.66,259.95,212.84
shot_0134,1690.3385,-60.91,283.38,200.61
shot_0134,1690.3466,-65.69,312.96,174.79
shot_0134,1690.3546,-71.38,338.5,157.05
shot_0134,1690.3627,-78.09,365.34,132.66
shot_0134,1690.3707,-84.24,393.51,103.45
shot_0134,1690.3787,-90.07,418.1,82.73
shot_0134,1690.3868,-94.57,443.55,58.36
shot_0134,1690.3948,-99.35,468.92,55.61
shot_0134,1690.4029,-103.83,492.66,74.81
shot_0134,1690.4109,-106.9,520.36,93.05
shot_0134,1690.4189,-108.97,541.9,119.33
shot_0134,1690.427,-112.35,564.31,140.23
shot_0134,1690.435,-116.01,590.21,155.93
shot_0134,1690.4431,-117.25,609.27,183.86
shot_0134,1690.4511,-120.61,633.63,197.74
shot_0134,1690.4591,-125.65,658.13,211.85
shot_0134,1690.4672,-129.58,683.36,222.73
shot_0134,1690.4752,-133.17,704.68,237.89
shot_0134,1690.4833,-135.52,725.14,257.76
shot_0134,1690.4913,-139.83,750.81,268.84
shot_0134,1690.4993,-142.27,769.35,286.37
shot_0134,1690.5074,-146.59,796.5,294.19
shot_0134,1690.5154,-149.67,817.18,306.04
shot_0134,1690.5235,-155.13,841.21,315.87
shot_0134,1690.5315,-158.52,864.39,325.55
shot_0134,1690.5395,-162.48,886.75,334.17
shot_0134,1690.5476,-165.86,907.52,343.44
shot_0134,1690.5556,-170.59,933.7,346.93
shot_0134,1690.5637,-173.8,953.13,356.24
shot_0134,1690.5717,-176.95,969.49,370.53
shot_0134,1690.5797,-181.16,995.73,368.45
shot_0134,1690.5878,-184.97,1016.34,374.89
shot_0134,1690.5958,-188.45,1041.15,376.13
shot_0134,1690.6039,-193.6,1059.37,381.3
shot_0134,1690.6119,-197.86,1078.19,384.68
shot_0134,1690.6199,-201.44,1100.3,386.93
shot_0134,1690.628,-206.26,1119.57,387.85
shot_0134,1690.636,-210.85,1142.14,384.85
shot_0134,1690.6441,-214.54,1159.68,388.21
shot_0134,1690.6521,-215.94,1173.51,396.94
shot_0134,1690.6601,-223.95,1206.7,387.66
shot_0134,1690.6682,-226.08,1218.72,394.4
shot_0134,1690.6762,-231.6,1249.24,385.74
shot_0134,1690.6843,-235.16,1265.86,385.79
shot_0134,1690.6923,-238.91,1280.09,386.64
shot_0134,1690.7003,-241.98,1292.57,388.67
shot_0134,1690.7084,-246.78,1310.84,388.09
shot_0134,1690.7164,-250.77,1327.58,385.06
shot_0134,1690.7245,-255.32,1352.25,375.29
shot_0134,1690.7325,-260.4,1373.4,370.81
shot_0134,1690.7405,-264.29,1394.0,363.17
shot_0134,1690.7486,-266.25,1400.24,369.99
shot_0134,1690.7566,-268.06,1414.83,365.14
shot_0134,1690.7647,-279.4,1454.39,341.69
shot_0135,1690.7888,-287.15,1486.13,326.06
shot_0135,1690.7968,-275.95,1440.4,331.45
shot_0135,1690.8049,-267.07,1408.44,327.18
shot_0135,1690.8129,-251.63,1357.53,337.51
shot_0135,1690.8209,-239.65,1317.82,342.96
shot_0135,1690.829,-229.58,1285.44,340.47
shot_0135,1690.837,-219.51,1247.68,345.28
shot_0135,1690.8451,-209.2,1206.78,347.13
shot_0135,1690.8531,-196.15,1159.4,356.63
shot_0135,1690.8611,-183.43,1115.39,365.94
shot_0135,1690.8692,-171.19,1067.54,378.31
shot_0135,1690.8772,-161.51,1027.68,384.53
shot_0135,1690.8853,-152.28,987.73,384.28
shot_0135,1690.8933,-139.69,942.14,392.62
shot_0135,1690.9013,-129.43,897.56,397.41
shot_0135,1690.9094,-119.27,857.83,396.98
shot_0135,1690.9174,-109.1,815.14,400.92
shot_0135,1690.9255,-99.79,770.4,405.64
shot_0135,1690.9335,-88.77,726.94,408.59
shot_0135,1690.9415,-80.18,685.64,408.45
shot_0135,1690.9496,-70.58,645.53,406.22
shot_0135,1690.9576,-61.81,602.0,410.43
shot_0135,1690.9657,-52.5,558.85,408.96
shot_0135,1690.9737,-43.95,520.73,402.6
shot_0135,1690.9817,-37.46,481.39,399.05
shot_0135,1690.9898,-25.68,437.89,404.08
shot_0135,1690.9978,-16.19,393.22,401.75
shot_0135,1691.0059,-10.77,357.55,394.05
shot_0135,1691.0139,-2.4,317.84,387.37
shot_0135,1691.0219,4.88,276.65,384.53
shot_0135,1691.03,12.76,237.58,379.52
shot_0135,1691.038,18.29,198.7,367.63
shot_0135,1691.0461,25.62,160.16,361.14
shot_0135,1691.0541,32.4,120.78,359.84
shot_0135,1691.0621,39.6,83.32,347.58
shot_0135,1691.0702,46.04,45.57,343.77
shot_0135,1691.0782,53.4,6.81,329.28
shot_0135,1691.0863,59.73,-31.67,320.35
shot_0135,1691.0943,66.47,-71.78,308.62
shot_0135,1691.1023,71.71,-108.59,295.07
shot_0135,1691.1104,77.76,-145.28,289.01
shot_0135,1691.1184,84.14,-187.1,268.85
shot_0135,1691.1265,87.97,-222.11,262.72
shot_0135,1691.1345,93.34,-257.62,241.98
shot_0135,1691.1425,98.34,-296.55,226.34
shot_0135,1691.1506,104.17,-331.86,213.2
shot_0135,1691.1586,109.6,-371.21,195.21
shot_0135,1691.1667,114.22,-404.56,178.39
shot_0135,1691.1747,120.23,-446.4,157.31
shot_0135,1691.1827,123.11,-476.86,150.71
shot_0135,1691.1908,126.82,-518.67,123.2
shot_0135,1691.1988,132.3,-555.13,105.3
shot_0135,1691.2069,135.39,-588.85,88.71
shot_0135,1691.2149,139.68,-624.92,64.91
shot_0135,1691.2229,142.77,-656.08,56.64
shot_0135,1691.231,148.98,-691.91,62.65
shot_0135,1691.2471,159.04,-748.42,106.48
shot_0135,1691.2551,164.0,-780.04,121.62
shot_0135,1691.2712,174.32,-836.32,158.29
shot_0135,1691.2792,178.88,-870.86,165.15
shot_0135,1691.2873,182.39,-894.19,187.63
shot_0135,1691.3033,191.67,-954.94,208.18
shot_0135,1691.3114,195.1,-982.65,220.82
shot_0135,1691.3194,198.03,-1007.37,234.05
shot_0135,1691.3275,203.0,-1038.22,244.54
shot_0135,1691.3355,205.58,-1065.74,254.13
shot_0135,1691.3435,208.64,-1093.27,262.51
shot_0135,1691.3516,212.27,-1122.37,270.12
shot_0135,1691.3596,215.0,-1146.02,279.46
shot_0135,1691.3677,218.14,-1180.13,281.51
shot_0135,1691.3757,221.17,-1208.4,286.56
shot_0135,1691.3837,223.69,-1226.69,299.87
shot_0135,1691.3918,225.19,-1248.09,308.88
shot_0135,1691.3998,228.55,-1282.18,306.31
shot_0135,1691.4079,230.47,-1310.58,306.18
shot_0135,1691.4159,233.93,-1332.32,310.69
shot_0135,1691.4239,234.71,-1354.6,314.65
shot_0135,1691.432,236.61,-1391.24,309.24
shot_0135,1691.4481,240.76,-1434.8,322.75
shot_0135,1691.4641,243.41,-1499.26,304.55
shot_0135,1691.4722,242.98,-1511.66,315.15
shot_0136,1691.4802,244.72,-1540.37,303.46
shot_0136,1691.4883,244.97,-1493.93,324.49
shot_0136,1691.4963,247.94,-1455.7,332.83
shot_0136,1691.5043,250.67,-1402.95,352.1
shot_0136,1691.5124,250.41,-1365.26,358.0
shot_0136,1691.5204,253.49,-1313.22,371.56
shot_0136,1691.5285,254.0,-1268.05,380.26
shot_0136,1691.5365,255.17,-1227.45,386.48
shot_0136,1691.5445,257.15,-1181.87,398.76
shot_0136,1691.5526,258.8,-1140.02,403.58
shot_0136,1691.5606,258.73,-1098.57,410.95
shot_0136,1691.5687,259.64,-1050.55,419.44
shot_0136,1691.5767,259.59,-1003.73,426.68
shot_0136,1691.5847,261.34,-966.69,422.33
shot_0136,1691.5928,262.64,-923.45,425.04
shot_0136,1691.6089,264.48,-836.9,426.65
shot_0136,1691.6169,265.29,-796.74,423.66
shot_0136,1691.6249,264.2,-751.72,428.56
shot_0136,1691.633,265.43,-709.34,425.37
shot_0136,1691.641,266.37,-669.52,421.27
shot_0136,1691.6491,266.24,-624.92,420.43
shot_0136,1691.6571,267.48,-587.35,409.57
shot_0136,1691.6651,267.87,-544.14,408.96
shot_0136,1691.6732,268.01,-500.91,406.87
shot_0136,1691.6812,269.75,-463.02,396.99
shot_0136,1691.6893,268.85,-423.97,384.71
shot_0136,1691.6973,268.52,-382.7,382.25
shot_0136,1691.7053,269.74,-343.88,371.36
shot_0136,1691.7134,269.95,-304.13,362.55
shot_0136,1691.7214,270.35,-266.82,350.75
shot_0136,1691.7295,269.44,-226.47,346.83
shot_0136,1691.7375,269.76,-188.88,331.8
shot_0136,1691.7455,269.88,-149.51,321.56
shot_0136,1691.7536,270.29,-112.67,303.54
shot_0136,1691.7616,269.82,-75.24,291.55
shot_0136,1691.7777,269.5,-2.26,264.94
shot_0136,1691.7857,269.91,35.59,247.92
shot_0136,1691.7938,270.5,71.07,223.89
shot_0136,1691.8018,270.12,106.76,210.65
shot_0136,1691.8099,270.32,143.47,188.15
shot_0136,1691.8179,268.11,178.58,174.82
shot_0136,1691.8259,268.41,213.2,151.75
shot_0136,1691.834,266.99,245.63,136.78
shot_0136,1691.842,266.85,279.64,116.28
shot_0136,1691.8501,266.57,314.47,92.51
shot_0136,1691.8581,266.54,349.43,66.67
shot_0136,1691.8661,266.56,382.29,41.12
shot_0136,1691.8822,266.5,449.96,37.72
shot_0136,1691.8903,266.09,491.37,55.73
shot_0136,1691.8983,268.35,529.91,76.12
shot_0136,1691.9063,269.34,570.99,91.42
shot_0136,1691.9144,270.44,609.94,108.51
shot_0136,1691.9305,270.75,680.76,149.1
shot_0136,1691.9385,272.15,718.26,161.71
shot_0136,1691.9465,273.1,754.83,177.66
shot_0136,1691.9546,272.03,793.65,189.66
shot_0136,1691.9626,272.59,829.75,204.03
shot_0136,1691.9707,273.1,866.78,210.99
shot_0136,1691.9787,272.51,902.31,222.37
shot_0136,1691.9867,274.65,939.64,228.83
shot_0136,1691.9948,273.29,978.25,236.62
shot_0136,1692.0028,272.53,1009.6,249.4
shot_0136,1692.0109,273.3,1046.01,253.71
shot_0136,1692.0189,273.68,1085.53,255.81
shot_0136,1692.0269,273.94,1120.07,259.45
shot_0136,1692.043,273.53,1186.16,267.5
shot_0136,1692.0591,273.08,1252.55,277.16
shot_0136,1692.0671,271.95,1289.29,273.9
shot_0137,1728.6812,240.99,-1203.53,389.96
shot_0137,1728.6893,240.83,-1178.97,402.48
shot_0137,1728.6973,239.43,-1144.07,418.44
shot_0137,1728.7134,238.01,-1081.39,440.98
shot_0137,1728.7214,235.95,-1046.51,457.42
shot_0137,1728.7295,234.33,-1016.62,465.43
shot_0137,1728.7375,233.71,-989.8,470.77
shot_0137,1728.7456,232.96,-958.54,479.26
shot_0137,1728.7536,230.4,-919.93,495.72
shot_0137,1728.7616,228.62,-893.91,498.25
shot_0137,1728.7697,227.44,-859.73,506.3
shot_0137,1728.7777,224.93,-829.3,512.59
shot_0137,1728.7858,222.36,-795.63,519.79
shot_0137,1728.7938,221.75,-767.36,522.29
shot_0137,1728.8018,219.17,-736.48,526.49
shot_0137,1728.8099,216.56,-706.32,527.76
shot_0137,1728.8179,213.86,-675.28,529.9
shot_0137,1728.826,212.27,-643.92,533.25
shot_0137,1728.834,209.79,-615.16,531.52
shot_0137,1728.842,208.15,-583.39,531.29
shot_0137,1728.8501,205.75,-552.0,533.62
shot_0137,1728.8581,203.77,-522.98,532.25
shot_0137,1728.8662,200.51,-492.13,531.46
shot_0137,1728.8742,197.55,-464.24,524.99
shot_0137,1728.8822,194.24,-433.17,526.1
shot_0137,1728.8903,192.2,-402.65,522.85
shot_0137,1728.8983,190.22,-374.49,513.92
shot_0137,1728.9064,186.75,-344.2,511.17
shot_0137,1728.9144,184.41,-315.18,506.33
shot_0137,1728.9224,180.83,-285.66,501.95
shot_0137,1728.9305,178.28,-257.3,490.59
shot_0137,1728.9385,175.98,-228.44,485.55
shot_0137,1728.9466,172.9,-200.95,475.92
shot_0137,1728.9546,170.56,-174.39,467.52
shot_0137,1728.9626,166.97,-145.9,459.57
shot_0137,1728.9707,163.78,-118.12,444.08
shot_0137,1728.9787,160.52,-89.67,434.96
shot_0137,1728.9868,157.16,-62.93,424.59
shot_0137,1728.9948,154.82,-35.86,411.61
shot_0137,1729.0028,151.31,-9.26,395.09
shot_0137,1729.0109,148.98,17.57,381.71
shot_0137,1729.0189,145.49,43.15,365.42
shot_0137,1729.027,141.91,70.43,349.29
shot_0137,1729.035,139.32,96.28,336.48
shot_0137,1729.043,135.52,122.55,316.23
shot_0137,1729.0511,132.41,149.39,297.44
shot_0137,1729.0591,130.22,172.55,283.88
shot_0137,1729.0672,126.15,198.54,262.55
shot_0137,1729.0752,122.87,226.37,241.62
shot_0137,1729.0832,118.42,250.45,221.54
shot_0137,1729.0913,115.18,275.79,197.39
shot_0137,1729.0993,113.23,299.18,181.41
shot_0137,1729.1074,109.44,321.81,161.5
shot_0137,1729.1154,105.54,348.79,129.82
shot_0137,1729.1234,102.37,371.23,109.53
shot_0137,1729.1315,98.69,395.61,87.97
shot_0137,1729.1395,95.96,416.08,65.86
shot_0137,1729.1476,91.93,441.15,37.7
shot_0137,1729.1556,89.49,463.93,46.32
shot_0137,1729.1636,89.18,488.09,68.98
shot_0137,1729.1717,87.32,504.17,98.82
shot_0137,1729.1797,85.94,526.97,118.89
shot_0137,1729.1878,84.83,550.19,133.2
shot_0137,1729.1958,81.67,569.01,155.16
shot_0137,1729.2038,80.72,593.97,165.37
shot_0137,1729.2119,80.53,610.42,193.08
shot_0137,1729.2199,78.35,631.39,205.74
shot_0137,1729.228,76.54,651.23,221.11
shot_0137,1729.236,73.68,670.28,239.79
shot_0137,1729.244,72.21,692.68,252.18
shot_0137,1729.2521,70.86,711.59,266.25
shot_0137,1729.2601,67.06,732.21,279.02
shot_0137,1729.2682,65.86,754.18,286.4
shot_0137,1729.2762,64.23,771.27,303.71
shot_0137,1729.2842,62.9,791.4,314.89
shot_0137,1729.2923,59.54,812.62,323.78
shot_0137,1729.3003,56.74,831.62,334.38
shot_0137,1729.3084,54.79,849.49,343.22
shot_0137,1729.3164,52.16,867.74,353.63
shot_0137,1729.3244,49.8,886.18,362.31
shot_0137,1729.3325,46.61,908.01,367.38
shot_0137,1729.3405,44.82,926.39,370.97
shot_0137,1729.3486,41.63,946.29,374.11
shot_0137,1729.3566,38.81,962.41,382.26
shot_0137,1729.3646,35.29,985.01,382.63
shot_0137,1729.3727,31.55,1005.68,381.55
shot_0137,1729.3807,28.6,1025.75,382.63
shot_0137,1729.3888,26.51,1041.66,387.5
shot_0137,1729.3968,22.89,1063.89,384.06
shot_0137,1729.4048,20.59,1072.33,393.27
shot_0137,1729.4129,17.14,1096.15,387.13
shot_0137,1729.4209,14.16,1113.39,387.65
shot_0137,1729.429,9.59,1137.46,381.21
shot_0137,1729.437,8.03,1149.9,382.48
shot_0138,1735.2821,-266.12,1227.53,445.37
shot_0138,1735.2902,-275.08,1223.86,445.82
shot_0138,1735.2982,-282.53,1230.27,443.08
shot_0138,1735.3062,-294.62,1242.24,433.96
shot_0138,1735.3143,-295.5,1227.14,448.5
shot_0138,1735.3223,-303.82,1229.34,445.44
shot_0138,1735.3304,-316.44,1240.19,432.32
shot_0138,1735.3384,-321.64,1236.72,434.84
shot_0138,1735.3465,-327.7,1232.26,433.56
shot_0138,1735.3545,-335.16,1235.08,429.32
shot_0138,1735.3625,-344.96,1239.59,419.8
shot_0138,1735.3706,-352.5,1240.74,413.9
shot_0138,1735.3786,-360.37,1240.01,409.14
shot_0138,1735.3867,-371.87,1248.6,394.05
shot_0138,1735.3947,-380.77,1253.14,383.37
shot_0138,1735.4027,-384.93,1245.98,383.43
shot_0138,1735.4188,-402.57,1250.58,360.34
shot_0138,1735.4269,-411.71,1255.52,347.19
shot_0138,1735.4349,-421.71,1258.7,332.14
shot_0138,1735.4429,-431.66,1268.23,312.64
shot_0138,1735.451,-437.92,1257.0,310.68
shot_0138,1735.4671,-442.43,1238.85,305.24
shot_0138,1735.4831,-428.94,1179.48,326.74
shot_0138,1735.4912,-414.07,1136.91,355.26
shot_0138,1735.4992,-403.17,1099.18,377.0
shot_0138,1735.5073,-393.95,1067.14,390.57
shot_0138,1735.5153,-381.87,1024.5,412.42
shot_0138,1735.5233,-372.68,991.64,425.24
shot_0138,1735.5314,-357.65,945.13,449.66
shot_0138,1735.5394,-346.44,908.12,465.76
shot_0138,1735.5475,-335.36,869.6,483.43
shot_0138,1735.5555,-326.42,834.95,493.86
shot_0138,1735.5635,-313.96,793.73,511.69
shot_0138,1735.5716,-301.13,752.34,527.85
shot_0138,1735.5796,-292.5,717.81,537.43
shot_0138,1735.5877,-280.79,676.77,551.26
shot_0138,1735.5957,-272.5,643.45,556.94
shot_0138,1735.6037,-261.91,605.03,567.23
shot_0138,1735.6118,-251.08,567.8,577.42
shot_0138,1735.6198,-240.81,529.71,587.81
shot_0138,1735.6279,-232.05,494.16,593.5
shot_0138,1735.6359,-221.12,454.29,605.12
shot_0138,1735.6439,-211.86,418.95,609.84
shot_0138,1735.652,-202.46,383.76,613.2
shot_0138,1735.66,-194.51,349.57,615.68
shot_0138,1735.6681,-185.77,311.93,621.64
shot_0138,1735.6761,-176.87,277.09,623.27
shot_0138,1735.6841,-166.87,241.38,627.4
shot_0138,1735.6922,-159.86,206.65,625.05
shot_0138,1735.7002,-151.13,172.59,627.73
shot_0138,1735.7083,-143.48,138.11,624.2
shot_0138,1735.7163,-136.45,103.89,622.24
shot_0138,1735.7243,-127.32,69.13,621.96
shot_0138,1735.7324,-119.63,35.57,619.25
shot_0138,1735.7404,-113.33,2.74,613.54
shot_0138,1735.7485,-105.82,-31.38,610.55
shot_0138,1735.7565,-98.69,-63.97,602.44
shot_0138,1735.7645,-91.14,-97.24,598.38
shot_0138,1735.7726,-83.68,-130.02,591.0
shot_0138,1735.7806,-77.49,-163.0,583.78
shot_0138,1735.7887,-71.27,-197.75,571.67
shot_0138,1735.7967,-63.9,-229.56,564.82
shot_0138,1735.8047,-56.15,-261.49,558.28
shot_0138,1735.8128,-50.8,-293.28,544.34
shot_0138,1735.8208,-45.14,-326.23,529.67
shot_0138,1735.8289,-38.16,-356.14,521.95
shot_0138,1735.8369,-32.48,-388.17,509.39
shot_0138,1735.8449,-25.44,-419.25,493.71
shot_0138,1735.853,-19.87,-453.11,476.78
shot_0138,1735.861,-14.05,-481.64,465.16
shot_0138,1735.8691,-8.43,-513.26,449.94
shot_0138,1735.8771,-2.11,-543.63,434.96
shot_0138,1735.8851,1.86,-575.79,410.99
shot_0138,1735.8932,8.68,-605.08,399.91
shot_0138,1735.9012,13.41,-637.12,375.48
shot_0138,1735.9093,17.72,-667.86,354.0
shot_0138,1735.9173,23.72,-697.39,335.67
shot_0138,1735.9253,28.85,-724.84,318.61
shot_0138,1735.9334,32.97,-754.63,296.01
shot_0138,1735.9414,37.87,-780.02,278.94
shot_0138,1735.9495,43.68,-812.29,254.04
shot_0138,1735.9575,48.47,-839.16,233.54
shot_0138,1735.9655,51.31,-861.3,220.4
shot_0138,1735.9736,55.39,-898.21,181.1
shot_0138,1735.9816,61.39,-922.72,162.28
shot_0138,1735.9897,64.08,-948.52,141.85
shot_0138,1735.9977,69.7,-979.99,110.07
shot_0138,1736.0057,73.1,-1010.22,78.34
shot_0138,1736.0138,76.61,-1036.68,52.92
shot_0138,1736.0218,82.86,-1057.66,75.33
shot_0138,1736.0299,89.68,-1077.15,102.82
shot_0138,1736.0379,96.14,-1103.43,123.87
shot_0138,1736.0459,103.71,-1127.02,146.9
shot_0138,1736.054,109.72,-1146.3,172.72
shot_0138,1736.062,115.22,-1169.46,192.56
shot_0138,1736.0701,121.98,-1192.96,213.89
shot_0138,1736.0781,128.44,-1212.86,238.08
shot_0138,1736.0861,134.02,-1240.55,251.12
shot_0138,1736.0942,139.22,-1260.27,268.99
shot_0138,1736.1022,145.38,-1277.0,293.12
shot_0138,1736.1103,150.59,-1300.59,308.36
shot_0138,1736.1183,156.36,-1326.58,319.21
shot_0138,1736.1263,162.21,-1347.33,331.68
shot_0138,1736.1344,167.54,-1371.27,345.62
shot_0138,1736.1424,172.03,-1388.43,363.71
shot_0138,1736.1505,177.2,-1406.13,378.49
shot_0139,1736.1585,180.05,-1433.24,375.31
shot_0139,1736.1665,183.36,-1387.94,407.98
shot_0139,1736.1746,184.88,-1347.16,431.12
shot_0139,1736.1826,186.04,-1311.75,452.24
shot_0139,1736.1907,188.57,-1268.3,476.62
shot_0139,1736.1987,189.82,-1234.31,496.03
shot_0139,1736.2067,191.87,-1199.29,514.04
shot_0139,1736.2148,192.43,-1160.79,533.31
shot_0139,1736.2228,192.74,-1121.52,555.57
shot_0139,1736.2309,193.71,-1085.59,569.58
shot_0139,1736.2389,194.23,-1047.11,589.44
shot_0139,1736.2469,194.03,-1014.0,602.38
shot_0139,1736.255,193.59,-975.52,621.05
shot_0139,1736.263,193.28,-939.88,634.58
shot_0139,1736.2711,193.42,-904.12,647.21
shot_0139,1736.2791,192.34,-869.96,660.34
shot_0139,1736.2871,192.74,-836.01,670.71
shot_0139,1736.2952,192.28,-801.24,681.32
shot_0139,1736.3032,191.46,-766.69,691.09
shot_0139,1736.3113,191.17,-728.05,702.89
shot_0139,1736.3193,188.91,-696.4,708.71
shot_0139,1736.3273,188.19,-659.7,718.36
shot_0139,1736.3354,187.48,-624.54,726.64
shot_0139,1736.3434,185.44,-588.26,733.47
shot_0139,1736.3515,184.05,-554.77,738.88
shot_0139,1736.3595,182.75,-521.13,741.95
shot_0139,1736.3675,181.93,-488.19,747.14
shot_0139,1736.3756,178.91,-451.91,752.94
shot_0139,1736.3836,177.6,-420.96,751.85
shot_0139,1736.3917,174.53,-385.62,756.69
shot_0139,1736.3997,172.97,-351.44,758.99
shot_0139,1736.4077,171.7,-321.35,755.63
shot_0139,1736.4158,170.19,-287.32,756.02
shot_0139,1736.4238,166.85,-252.52,758.83
shot_0139,1736.4319,165.19,-221.63,754.66
shot_0139,1736.4479,159.77,-157.08,752.14
shot_0139,1736.456,157.58,-123.61,748.86
shot_0139,1736.464,154.13,-90.72,744.74
shot_0139,1736.4721,151.32,-59.46,742.03
shot_0139,1736.4801,148.71,-26.99,735.56
shot_0139,1736.4881,146.11,4.37,728.03
shot_0139,1736.4962,143.22,36.42,720.17
shot_0139,1736.5042,140.17,66.93,710.88
shot_0139,1736.5123,136.78,98.38,703.05
shot_0139,1736.5203,134.4,128.79,691.12
shot_0139,1736.5283,130.59,158.69,685.25
shot_0139,1736.5364,127.31,189.63,672.7
shot_0139,1736.5444,124.58,220.66,662.46
shot_0139,1736.5525,120.52,250.76,649.63
shot_0139,1736.5605,116.44,279.96,638.25
shot_0139,1736.5685,113.13,309.35,625.46
shot_0139,1736.5766,109.82,341.43,606.04
shot_0139,1736.5846,105.14,370.98,593.14
shot_0139,1736.5927,102.36,397.3,579.32
shot_0139,1736.6007,97.95,426.5,563.75
shot_0139,1736.6087,94.38,455.37,548.51
shot_0139,1736.6168,90.37,481.86,533.17
shot_0139,1736.6248,86.61,511.12,513.35
shot_0139,1736.6329,82.94,538.68,498.03
shot_0139,1736.6409,78.22,567.56,475.64
shot_0139,1736.657,69.96,625.35,432.86
shot_0139,1736.665,65.18,650.66,415.52
shot_0139,1736.6731,60.55,678.47,390.74
shot_0139,1736.6811,56.72,704.7,371.61
shot_0139,1736.6891,51.79,732.35,347.03
shot_0139,1736.6972,46.98,756.12,327.25
shot_0139,1736.7052,41.92,782.52,304.62
shot_0139,1736.7133,37.34,810.73,278.4
shot_0139,1736.7213,32.88,839.58,249.07
shot_0139,1736.7293,27.97,863.73,226.6
shot_0139,1736.7374,22.94,891.47,198.8
shot_0139,1736.7454,18.52,918.95,168.15
shot_0139,1736.7535,13.16,941.55,144.3
shot_0139,1736.7615,8.04,960.35,124.46
shot_0139,1736.7695,1.76,990.86,87.22
shot_0139,1736.7776,-2.6,1017.99,56.28
shot_0139,1736.7856,-10.05,1045.6,22.75
shot_0139,1736.7937,-12.88,1072.32,11.9
shot_0139,1736.8017,-10.82,1083.61,51.3
shot_0139,1736.8097,-11.87,1105.69,71.76
shot_0139,1736.8178,-13.24,1119.63,102.28
shot_0139,1736.8258,-13.79,1143.35,124.23
shot_0139,1736.8339,-14.54,1160.11,147.53
shot_0139,1736.8419,-14.99,1177.76,173.9
shot_0139,1736.8499,-15.65,1196.25,195.48
shot_0139,1736.858,-16.26,1208.96,216.7
shot_0139,1736.866,-18.58,1232.45,233.68
shot_0139,1736.8741,-19.26,1251.68,249.25
shot_0139,1736.8821,-21.73,1270.66,266.01
shot_0140,1736.8982,-21.67,1287.65,300.59
shot_0140,1736.9062,-19.23,1244.68,315.84
shot_0140,1736.9143,-16.01,1196.61,325.77
shot_0140,1736.9223,-13.32,1147.74,338.68
shot_0140,1736.9303,-10.53,1108.63,349.73
shot_0140,1736.9384,-8.29,1063.1,362.79
shot_0140,1736.9464,-5.05,1024.25,370.38
shot_0140,1736.9545,-2.81,976.91,381.42
shot_0140,1736.9625,-1.35,932.52,390.94
shot_0140,1736.9705,0.48,889.03,400.9
shot_0140,1736.9786,3.4,847.28,406.93
shot_0140,1736.9866,4.56,800.51,418.94
shot_0140,1736.9947,6.25,757.85,422.42
shot_0140,1737.0027,8.07,717.09,425.34
shot_0140,1737.0107,10.11,674.59,431.89
shot_0140,1737.0188,11.84,633.95,433.92
shot_0140,1737.0268,13.62,589.79,439.56
shot_0140,1737.0349,15.24,546.65,442.05
shot_0140,1737.0429,16.09,506.54,443.16
shot_0140,1737.0509,17.71,466.45,446.51
shot_0140,1737.067,20.07,384.71,441.68
shot_0140,1737.0751,21.27,345.22,440.47
shot_0140,1737.0831,23.1,305.95,439.37
shot_0140,1737.0911,24.0,263.05,442.56
shot_0140,1737.0992,24.57,224.15,438.43
shot_0140,1737.1072,25.0,186.5,430.47
shot_0140,1737.1153,27.01,144.9,431.37
shot_0140,1737.1233,26.91,107.67,424.26
shot_0140,1737.1313,28.89,66.84,420.81
shot_0140,1737.1394,29.78,28.8,416.69
shot_0140,1737.1474,30.24,-11.18,402.4
shot_0140,1737.1555,30.93,-48.86,396.09
shot_0140,1737.1635,32.57,-87.15,391.79
shot_0140,1737.1715,32.67,-125.66,378.76
shot_0140,1737.1796,33.56,-165.05,371.5
shot_0140,1737.1876,34.19,-202.53,361.12
shot_0140,1737.1957,34.95,-244.25,344.38
shot_0140,1737.2037,35.84,-279.77,339.43
shot_0140,1737.2117,36.09,-318.47,324.24
shot_0140,1737.2198,36.29,-356.28,309.77
shot_0140,1737.2278,36.03,-393.99,296.74
shot_0140,1737.2359,38.29,-429.04,286.38
shot_0140,1737.2439,38.17,-467.42,265.62
shot_0140,1737.2519,37.88,-502.29,255.27
shot_0140,1737.26,38.52,-540.38,237.13
shot_0140,1737.268,39.66,-574.33,226.11
shot_0140,1737.2761,38.59,-613.31,202.43
shot_0140,1737.2841,36.92,-653.02,178.28
shot_0140,1737.2921,37.62,-686.05,168.44
shot_0140,1737.3002,37.68,-721.72,146.84
shot_0140,1737.3082,37.01,-757.71,126.91
shot_0140,1737.3163,36.32,-796.75,101.43
shot_0140,1737.3243,36.17,-831.56,86.71
shot_0140,1737.3323,35.75,-866.41,62.35
shot_0140,1737.3404,36.93,-896.11,65.7
shot_0140,1737.3484,38.6,-927.43,84.36
shot_0140,1737.3565,41.15,-952.97,110.2
shot_0140,1737.3645,42.62,-981.11,130.66
shot_0140,1737.3725,44.75,-1016.35,137.37
shot_0140,1737.3806,47.14,-1043.71,155.76
shot_0140,1737.3886,48.67,-1072.82,172.78
shot_0140,1737.3967,50.14,-1094.89,196.42
shot_0140,1737.4047,51.55,-1124.43,207.75
shot_0140,1737.4127,53.26,-1151.72,222.17
shot_0140,1737.4208,54.44,-1184.59,230.31
shot_0140,1737.4288,56.47,-1212.15,243.53
shot_0140,1737.4369,56.25,-1239.36,253.27
shot_0140,1737.4449,59.95,-1259.08,272.62
shot_0140,1737.4529,60.19,-1284.78,284.22
shot_0140,1737.461,60.76,-1310.8,292.02
shot_0140,1737.469,61.66,-1347.87,289.61
shot_0140,1737.4771,62.64,-1375.22,297.82
shot_0140,1737.4851,63.22,-1403.24,304.43
shot_0140,1737.4931,64.55,-1414.55,321.56
shot_0140,1737.5012,66.64,-1444.94,326.65
shot_0141,1737.5173,65.7,-1501.08,317.8
shot_0141,1737.5333,69.74,-1400.34,361.54
shot_0141,1737.5414,72.63,-1359.87,374.0
shot_0141,1737.5494,73.71,-1315.43,388.17
shot_0141,1737.5575,75.47,-1275.23,400.89
shot_0141,1737.5655,77.02,-1229.62,416.62
shot_0141,1737.5735,78.2,-1193.7,423.7
shot_0141,1737.5816,79.48,-1146.21,441.15
shot_0141,1737.5896,81.25,-1111.11,445.86
shot_0141,1737.5977,83.94,-1066.28,457.1
shot_0141,1737.6057,85.28,-1025.32,469.84
shot_0141,1737.6137,85.95,-988.21,473.75
shot_0141,1737.6218,87.26,-948.88,477.45
shot_0141,1737.6298,89.27,-909.31,483.97
shot_0141,1737.6379,90.48,-866.98,493.27
shot_0141,1737.6459,92.38,-828.92,495.55
shot_0141,1737.6539,93.75,-789.8,498.4
shot_0141,1737.662,95.64,-748.52,501.98
shot_0141,1737.67,97.05,-707.23,507.61
shot_0141,1737.6781,97.17,-671.29,506.67
shot_0141,1737.6861,99.84,-634.55,505.89
shot_0141,1737.6941,101.04,-596.17,505.55
shot_0141,1737.7022,102.19,-556.25,507.36
shot_0141,1737.7102,103.83,-519.95,505.69
shot_0141,1737.7183,106.07,-481.65,503.71
shot_0141,1737.7263,107.31,-446.22,498.45
shot_0141,1737.7343,107.29,-408.52,498.74
shot_0141,1737.7424,108.55,-371.83,496.95
shot_0141,1737.7504,110.69,-335.56,490.21
shot_0141,1737.7585,112.11,-297.56,484.94
shot_0141,1737.7665,112.8,-261.84,479.43
shot_0141,1737.7745,114.61,-226.45,472.41
shot_0141,1737.7826,115.68,-191.29,462.41
shot_0141,1737.7906,116.91,-154.96,455.25
shot_0141,1737.7987,117.02,-117.61,448.97
shot_0141,1737.8067,118.47,-83.07,442.5
shot_0141,1737.8148,119.83,-48.02,427.54
shot_0141,1737.8308,121.56,23.4,407.98
shot_0141,1737.8389,123.18,55.54,399.07
shot_0141,1737.8469,123.85,92.03,383.97
shot_0141,1737.855,124.72,127.89,371.35
shot_0141,1737.863,124.83,159.31,362.33
shot_0141,1737.871,126.44,195.45,341.52
shot_0141,1737.8791,127.16,227.51,332.08
shot_0141,1737.8871,127.89,262.41,308.08
shot_0141,1737.8952,128.67,295.41,293.57
shot_0141,1737.9032,128.73,329.08,279.96
shot_0141,1737.9112,129.68,362.45,261.09
shot_0141,1737.9193,130.35,394.69,243.23
shot_0141,1737.9273,129.95,428.7,222.63
shot_0141,1737.9354,131.02,460.0,204.5
shot_0141,1737.9434,131.94,492.87,185.49
shot_0141,1737.9514,132.62,521.79,167.25
shot_0141,1737.9595,133.11,556.5,139.78
shot_0141,1737.9675,133.85,590.86,115.78
shot_0141,1737.9756,133.72,618.7,102.32
shot_0141,1737.9836,134.06,649.42,80.17
shot_0141,1737.9916,134.35,678.04,58.14
shot_0141,1737.9997,135.29,710.47,30.67
shot_0141,1738.0077,136.94,738.2,30.23
shot_0141,1738.0158,139.76,765.8,52.48
shot_0141,1738.0238,142.6,787.26,80.99
shot_0141,1738.0318,145.49,815.85,96.23
shot_0141,1738.0399,148.67,843.21,114.46
shot_0141,1738.0479,152.48,872.42,125.26
shot_0141,1738.056,154.88,897.83,142.75
shot_0141,1738.064,157.02,926.05,155.5
shot_0141,1738.072,160.69,950.33,171.16
shot_0141,1738.0801,162.27,971.67,192.42
shot_0141,1738.0881,165.57,998.07,203.25
shot_0141,1738.0962,167.97,1021.2,217.12
shot_0141,1738.1042,170.91,1048.12,228.55
shot_0141,1738.1122,173.57,1071.78,240.0
shot_0141,1738.1203,175.6,1100.06,248.56
shot_0141,1738.1283,177.18,1126.51,253.17
shot_0141,1738.1364,179.0,1146.29,265.92
shot_0141,1738.1444,181.85,1169.25,275.51
shot_0141,1738.1605,186.27,1222.85,282.87
shot_0141,1738.1685,187.9,1249.59,285.12
shot_0141,1738.1766,189.87,1267.96,296.88
shot_0142,1738.1846,190.43,1287.12,297.66
shot_0142,1738.1926,191.49,1245.94,313.1
shot_0142,1738.2007,192.43,1205.18,320.19
shot_0142,1738.2087,194.03,1163.3,325.57
shot_0142,1738.2168,194.2,1119.79,334.46
shot_0142,1738.2248,194.48,1072.37,343.69
shot_0142,1738.2328,195.29,1036.65,347.54
shot_0142,1738.2409,195.91,986.81,360.08
shot_0142,1738.2489,196.27,947.51,360.48
shot_0142,1738.257,198.26,905.91,365.61
shot_0142,1738.265,198.82,864.2,369.01
shot_0142,1738.273,200.01,825.55,368.08
shot_0142,1738.2811,200.26,781.64,370.5
shot_0142,1738.2891,201.23,740.01,374.04
shot_0142,1738.2972,201.44,696.27,376.31
shot_0142,1738.3132,202.09,617.26,370.1
shot_0142,1738.3213,202.93,573.72,368.47
shot_0142,1738.3293,203.57,536.39,361.81
shot_0142,1738.3374,203.61,498.99,356.17
shot_0142,1738.3454,203.79,456.01,353.93
shot_0142,1738.3534,204.3,418.94,346.29
shot_0142,1738.3615,205.14,378.58,343.04
shot_0142,1738.3695,204.82,338.3,340.68
shot_0142,1738.3776,205.27,300.81,327.6
shot_0142,1738.3856,205.03,260.28,320.0
shot_0142,1738.3936,205.68,223.94,317.18
shot_0142,1738.4097,205.74,146.74,292.32
shot_0142,1738.4178,206.09,111.76,278.29
shot_0142,1738.4258,206.05,74.43,266.29
shot_0142,1738.4338,206.96,37.41,257.52
shot_0142,1738.4419,206.8,0.48,247.32
shot_0142,1738.4499,207.1,-36.44,231.26
shot_0142,1738.458,206.86,-74.39,213.52
shot_0142,1738.466,206.48,-109.21,203.06
shot_0142,1738.474,206.96,-146.7,183.63
shot_0142,1738.4821,207.09,-181.99,165.18
shot_0142,1738.4901,206.95,-217.4,147.67
shot_0142,1738.4982,207.14,-252.5,124.96
shot_0142,1738.5062,207.09,-287.2,109.42
shot_0142,1738.5142,207.48,-321.32,99.96
shot_0142,1738.5223,206.67,-356.4,72.67
shot_0142,1738.5303,206.92,-392.06,49.06
shot_0142,1738.5384,208.47,-421.71,61.32
shot_0142,1738.5464,210.65,-451.53,87.47
shot_0142,1738.5544,213.55,-479.67,103.06
shot_0142,1738.5625,215.76,-509.27,116.9
shot_0142,1738.5705,217.73,-541.53,131.4
shot_0142,1738.5786,220.67,-569.74,149.12
shot_0142,1738.5866,222.51,-597.12,169.52
shot_0142,1738.5946,223.54,-626.25,184.13
shot_0142,1738.6027,225.69,-652.4,200.71
shot_0142,1738.6107,228.41,-684.21,210.75
shot_0142,1738.6188,230.71,-710.0,224.04
shot_0142,1738.6268,232.47,-737.89,233.76
shot_0142,1738.6348,234.23,-761.8,253.69
shot_0142,1738.6429,236.5,-790.38,263.94
shot_0142,1738.6509,237.14,-816.69,273.72
shot_0142,1738.659,239.53,-845.15,281.04
shot_0142,1738.667,241.81,-870.8,290.62
shot_0142,1738.675,242.81,-897.14,299.25
shot_0142,1738.6831,245.37,-929.12,300.48
shot_0142,1738.6911,246.63,-954.86,307.23
shot_0142,1738.6992,249.68,-978.87,315.82
shot_0142,1738.7072,250.69,-1002.32,323.43
shot_0142,1738.7152,252.18,-1031.77,325.26
shot_0142,1738.7313,254.43,-1083.05,328.13
shot_0142,1738.7394,257.48,-1111.78,328.07
shot_0142,1738.7474,256.82,-1136.99,330.0
shot_0142,1738.7554,257.14,-1154.61,337.19
shot_0142,1738.7635,260.01,-1184.49,331.63
shot_0142,1738.7715,259.75,-1207.81,332.42
shot_0142,1738.7796,262.31,-1241.44,320.41
shot_0142,1738.7876,262.28,-1264.03,318.29
shot_0142,1738.7956,263.32,-1284.66,320.79
shot_0142,1738.8037,263.13,-1300.31,325.04
shot_0142,1738.8117,263.49,-1328.34,314.32
shot_0142,1738.8198,265.8,-1352.72,310.53
shot_0143,1738.8278,266.93,-1379.8,298.77
shot_0143,1738.8358,270.44,-1366.38,304.6
shot_0143,1738.8439,276.15,-1315.11,328.48
shot_0143,1738.8519,282.42,-1270.31,345.09
shot_0143,1738.86,288.87,-1234.41,355.38
shot_0143,1738.868,293.51,-1191.8,369.84
shot_0143,1738.876,299.73,-1148.06,384.78
shot_0143,1738.8841,305.44,-1110.03,395.76
shot_0143,1738.8921,311.55,-1066.89,408.98
shot_0143,1738.9002,316.86,-1026.52,418.87
shot_0143,1738.9082,322.74,-985.48,428.88
shot_0143,1738.9162,328.63,-943.69,440.35
shot_0143,1738.9243,334.22,-907.84,444.76
shot_0143,1738.9323,340.75,-866.6,451.14
shot_0143,1738.9404,344.84,-823.62,462.55
shot_0143,1738.9484,351.52,-784.19,467.31
shot_0143,1738.9564,356.84,-746.59,470.33
shot_0143,1738.9645,362.86,-706.58,474.77
shot_0143,1738.9725,369.43,-667.07,478.63
shot_0143,1738.9806,375.35,-627.48,483.03
shot_0143,1738.9886,381.13,-590.48,482.59
shot_0143,1738.9966,388.85,-553.04,480.81
shot_0143,1739.0047,393.97,-514.29,482.11
shot_0143,1739.0127,399.55,-476.2,481.76
shot_0143,1739.0208,406.06,-438.37,480.12
shot_0143,1739.0288,411.65,-399.76,480.6
shot_0143,1739.0368,417.79,-362.73,476.8
shot_0143,1739.0449,425.58,-326.32,471.11
shot_0143,1739.0529,431.51,-289.96,466.8
shot_0143,1739.061,437.28,-252.27,463.61
shot_0143,1739.069,442.23,-216.45,458.5
shot_0143,1739.077,451.12,-179.4,446.81
shot_0143,1739.0851,455.53,-143.49,447.75
shot_0143,1739.0931,461.34,-107.99,440.64
shot_0143,1739.1012,468.0,-72.15,430.36
shot_0143,1739.1092,474.82,-37.42,421.37
shot_0143,1739.1172,479.29,-1.95,411.5
shot_0143,1739.1253,486.5,31.72,400.76
shot_0143,1739.1414,498.47,101.41,376.23
shot_0143,1739.1494,504.81,134.86,366.51
shot_0143,1739.1574,512.21,170.5,347.8
shot_0143,1739.1655,516.55,203.69,338.42
shot_0143,1739.1735,522.75,236.39,323.84
shot_0143,1739.1816,528.77,271.1,307.36
shot_0143,1739.1896,533.67,301.85,296.66
shot_0143,1739.1976,540.32,336.59,277.46
shot_0143,1739.2057,544.67,366.53,263.16
shot_0143,1739.2137,550.09,397.72,251.13
shot_0143,1739.2218,556.08,429.22,233.24
shot_0143,1739.2298,563.4,462.15,206.69
shot_0143,1739.2378,568.23,494.04,191.05
shot_0143,1739.2459,572.58,523.19,175.71
shot_0143,1739.2539,580.6,557.4,148.16
shot_0143,1739.262,587.0,588.06,127.09
shot_0143,1739.27,590.78,616.19,108.66
shot_0143,1739.278,594.4,646.21,88.57
shot_0143,1739.2861,601.85,677.28,60.07
shot_0143,1739.2941,604.86,703.57,43.54
shot_0143,1739.3022,607.6,728.33,29.51
shot_0143,1739.3182,621.31,781.65,29.63
shot_0143,1739.3263,630.97,811.86,42.73
shot_0143,1739.3343,638.14,834.69,62.24
shot_0143,1739.3424,647.68,863.99,73.64
shot_0143,1739.3504,655.11,888.91,95.02
shot_0143,1739.3584,663.04,913.01,109.3
shot_0143,1739.3665,672.77,941.98,120.17
shot_0144,1741.3845,-209.51,-1467.55,363.31
shot_0144,1741.4006,-193.36,-1380.11,391.95
shot_0144,1741.4087,-189.37,-1341.87,400.68
shot_0144,1741.4167,-182.11,-1300.6,409.7
shot_0144,1741.4247,-175.49,-1252.07,423.35
shot_0144,1741.4328,-169.37,-1208.97,435.07
shot_0144,1741.4408,-164.38,-1178.12,435.79
shot_0144,1741.4489,-158.68,-1131.72,448.8
shot_0144,1741.4569,-152.11,-1087.89,458.93
shot_0144,1741.4649,-146.62,-1051.82,462.91
shot_0144,1741.473,-140.99,-1008.17,472.74
shot_0144,1741.481,-135.08,-969.57,474.85
shot_0144,1741.4891,-127.6,-922.93,483.9
shot_0144,1741.4971,-120.26,-885.01,487.53
shot_0144,1741.5051,-116.0,-845.09,488.76
shot_0144,1741.5132,-110.27,-803.82,493.47
shot_0144,1741.5212,-102.93,-765.27,495.69
shot_0144,1741.5293,-96.34,-723.97,495.87
shot_0144,1741.5373,-91.51,-686.93,493.26
shot_0144,1741.5453,-85.1,-649.7,492.12
shot_0144,1741.5534,-80.69,-613.98,489.45
shot_0144,1741.5614,-76.04,-577.46,486.59
shot_0144,1741.5695,-68.91,-538.13,485.15
shot_0144,1741.5775,-62.22,-502.89,482.56
shot_0144,1741.5855,-57.45,-462.51,482.63
shot_0144,1741.5936,-51.61,-426.88,473.61
shot_0144,1741.6016,-45.64,-392.65,468.2
shot_0144,1741.6097,-41.32,-356.56,455.75
shot_0144,1741.6177,-35.51,-322.62,452.7
shot_0144,1741.6257,-30.07,-288.71,446.24
shot_0144,1741.6338,-24.56,-252.52,433.95
shot_0144,1741.6418,-18.89,-218.4,421.59
shot_0144,1741.6499,-13.79,-182.41,414.71
shot_0144,1741.6579,-8.16,-149.96,403.79
shot_0144,1741.6659,-3.02,-115.93,395.49
shot_0144,1741.674,2.89,-83.49,378.03
shot_0144,1741.682,6.9,-49.93,365.2
shot_0144,1741.6901,11.69,-19.06,346.1
shot_0144,1741.6981,17.46,15.16,335.56
shot_0144,1741.7061,22.53,48.3,315.58
shot_0144,1741.7142,28.31,78.08,300.5
shot_0144,1741.7222,33.4,112.21,286.24
shot_0144,1741.7303,38.33,143.87,264.47
shot_0144,1741.7383,42.5,174.82,248.37
shot_0144,1741.7463,48.77,205.46,228.06
shot_0144,1741.7544,53.14,235.27,208.63
shot_0144,1741.7624,57.69,263.3,192.11
shot_0144,1741.7705,62.69,295.02,165.4
shot_0144,1741.7785,66.9,323.78,144.43
shot_0144,1741.7865,72.36,353.73,121.86
shot_0144,1741.7946,75.73,384.5,99.55
shot_0144,1741.8026,80.0,409.88,83.51
shot_0144,1741.8107,85.41,442.72,46.3
shot_0144,1741.8187,89.58,465.16,41.52
shot_0144,1741.8267,97.17,496.49,52.21
shot_0144,1741.8348,104.09,517.49,83.86
shot_0144,1741.8428,111.83,553.85,84.54
shot_0144,1741.8509,117.95,575.11,111.72
shot_0144,1741.8589,123.76,597.3,137.04
shot_0144,1741.8669,131.09,622.45,149.45
shot_0144,1741.875,135.85,647.22,166.44
shot_0144,1741.883,142.76,679.41,170.87
shot_0144,1741.8911,150.13,706.85,179.27
shot_0144,1741.8991,155.16,724.18,207.21
shot_0144,1741.9071,163.15,750.83,218.24
shot_0144,1741.9152,169.15,779.08,224.59
shot_0144,1741.9232,174.73,802.73,237.78
shot_0144,1741.9313,181.34,825.02,255.24
shot_0144,1741.9393,187.19,849.98,262.96
shot_0144,1741.9473,194.07,874.36,269.89
shot_0144,1741.9554,200.0,900.25,275.94
shot_0144,1741.9634,205.82,924.35,285.83
shot_0144,1741.9715,212.0,948.85,290.84
shot_0144,1741.9795,217.63,970.81,297.02
shot_0144,1741.9875,224.98,997.36,297.12
shot_0144,1741.9956,230.09,1017.56,308.86
shot_0144,1742.0036,234.49,1041.64,310.75
shot_0144,1742.0117,241.6,1062.53,314.72
shot_0144,1742.0197,247.26,1090.62,311.65
shot_0144,1742.0277,252.92,1117.58,308.06
shot_0144,1742.0358,258.71,1132.57,318.7
shot_0144,1742.0438,264.96,1162.54,313.73
shot_0144,1742.0519,270.09,1184.94,310.33
shot_0144,1742.0599,274.78,1206.74,310.23
shot_0144,1742.0679,281.64,1229.76,309.27
shot_0144,1742.076,287.42,1256.77,302.81
shot_0144,1742.084,293.11,1272.46,302.94
shot_0145,1742.1001,298.07,1287.84,312.49
shot_0145,1742.1081,288.65,1243.65,319.26
shot_0145,1742.1162,277.92,1192.5,311.91
shot_0145,1742.1242,267.69,1139.58,324.23
shot_0145,1742.1403,247.7,1031.76,374.51
shot_0145,1742.1483,236.37,975.72,393.87
shot_0145,1742.1564,225.83,925.04,405.13
shot_0145,1742.1644,216.4,873.98,413.85
shot_0145,1742.1725,205.57,819.3,426.57
shot_0145,1742.1805,196.54,768.81,433.47
shot_0145,1742.1885,185.31,720.84,441.1
shot_0145,1742.1966,176.73,667.87,450.58
shot_0145,1742.2046,166.26,617.05,456.29
shot_0145,1742.2127,156.4,566.22,462.55
shot_0145,1742.2207,145.96,517.33,464.41
shot_0145,1742.2287,138.44,468.43,471.37
shot_0145,1742.2368,128.18,423.13,464.43
shot_0145,1742.2448,118.04,371.34,471.18
shot_0145,1742.2529,109.25,325.9,468.31
shot_0145,1742.2609,100.34,275.26,474.47
shot_0145,1742.2689,91.07,224.83,476.96
shot_0145,1742.277,82.12,180.57,470.0
shot_0145,1742.285,74.34,134.24,472.79
shot_0145,1742.2931,65.25,87.16,465.82
shot_0145,1742.3011,55.79,41.42,464.79
shot_0145,1742.3091,47.69,-5.3,461.64
shot_0145,1742.3172,38.59,-50.79,454.2
shot_0145,1742.3252,30.39,-96.69,446.75
shot_0145,1742.3333,23.21,-141.69,444.5
shot_0145,1742.3413,14.79,-186.23,430.11
shot_0145,1742.3574,-2.83,-276.59,408.66
shot_0145,1742.3654,-11.3,-321.97,397.75
shot_0145,1742.3735,-19.01,-364.36,384.72
shot_0145,1742.3815,-27.34,-409.45,372.09
shot_0145,1742.3895,-34.36,-452.7,358.91
shot_0145,1742.3976,-43.75,-496.5,342.03
shot_0145,1742.4056,-50.93,-539.32,325.6
shot_0145,1742.4137,-59.1,-578.68,313.31
shot_0145,1742.4217,-67.14,-626.29,291.66
shot_0145,1742.4297,-74.54,-668.36,275.56
shot_0145,1742.4378,-84.22,-713.18,254.14
shot_0145,1742.4458,-89.83,-749.02,243.88
shot_0145,1742.4539,-99.39,-794.35,216.8
shot_0145,1742.4619,-105.22,-829.16,205.07
shot_0145,1742.4699,-117.21,-880.0,171.59
shot_0145,1742.478,-122.17,-915.19,156.14
shot_0145,1742.486,-128.31,-950.08,141.63
shot_0145,1742.4941,-138.43,-998.11,107.15
shot_0145,1742.5021,-146.08,-1042.49,77.06
shot_0145,1742.5101,-151.29,-1066.92,72.65
shot_0145,1742.5182,-155.87,-1107.3,77.32
shot_0145,1742.5262,-159.91,-1143.42,90.13
shot_0145,1742.5343,-161.71,-1171.42,124.31
shot_0145,1742.5423,-164.75,-1209.74,136.58
shot_0145,1742.5503,-169.21,-1249.19,150.08
shot_0145,1742.5584,-170.25,-1268.32,183.52
shot_0145,1742.5664,-173.17,-1306.64,192.87
shot_0145,1742.5745,-176.46,-1339.41,211.65
shot_0145,1742.5825,-176.33,-1362.72,232.09
shot_0145,1742.5905,-178.01,-1391.79,248.77
shot_0145,1742.5986,-180.82,-1422.16,260.99
shot_0145,1742.6066,-182.37,-1452.02,276.14
shot_0145,1742.6147,-186.74,-1485.54,289.74
shot_0145,1742.6227,-189.29,-1517.04,300.37
shot_0146,1742.6307,-192.93,-1512.66,307.61
shot_0146,1742.6468,-190.9,-1428.13,344.43
shot_0146,1742.6629,-191.32,-1346.0,374.51
shot_0146,1742.6709,-190.47,-1296.56,393.9
shot_0146,1742.679,-192.82,-1263.54,398.57
shot_0146,1742.687,-192.83,-1217.53,416.51
shot_0146,1742.7031,-192.13,-1140.04,438.26
shot_0146,1742.7111,-191.52,-1099.62,450.51
shot_0146,1742.7192,-188.61,-1053.31,468.67
shot_0146,1742.7272,-187.53,-1012.96,478.7
shot_0146,1742.7353,-187.92,-973.95,486.24
shot_0146,1742.7433,-186.87,-938.32,491.79
shot_0146,1742.7514,-187.21,-899.58,496.34
shot_0146,1742.7594,-187.02,-861.49,501.31
shot_0146,1742.7674,-183.96,-817.18,514.32
shot_0146,1742.7755,-183.06,-782.81,514.75
shot_0146,1742.7916,-182.14,-710.2,518.58
shot_0146,1742.7996,-181.51,-671.5,522.03
shot_0146,1742.8076,-180.14,-631.69,525.76
shot_0146,1742.8157,-179.48,-596.79,524.33
shot_0146,1742.8237,-177.46,-558.05,525.37
shot_0146,1742.8318,-174.45,-522.61,525.61
shot_0146,1742.8398,-175.42,-488.87,521.08
shot_0146,1742.8478,-174.58,-452.65,518.19
shot_0146,1742.8559,-173.15,-414.48,515.3
shot_0146,1742.8639,-171.49,-381.38,513.82
shot_0146,1742.872,-168.47,-344.41,511.29
shot_0146,1742.88,-167.52,-310.16,504.22
shot_0146,1742.888,-166.15,-275.81,498.13
shot_0146,1742.8961,-165.0,-242.63,493.2
shot_0146,1742.9041,-163.64,-210.03,487.86
shot_0146,1742.9122,-161.92,-175.65,478.38
shot_0146,1742.9202,-159.45,-142.17,469.51
shot_0146,1742.9282,-158.22,-107.85,461.22
shot_0146,1742.9363,-157.01,-75.84,447.02
shot_0146,1742.9524,-156.25,-11.62,419.44
shot_0146,1742.9604,-153.74,20.19,409.34
shot_0146,1742.9684,-152.12,52.83,397.68
shot_0146,1742.9765,-150.18,84.65,381.35
shot_0146,1742.9845,-148.0,115.01,368.45
shot_0146,1742.9926,-147.02,146.64,350.1
shot_0146,1743.0006,-145.32,177.79,334.78
shot_0146,1743.0086,-142.83,207.9,319.71
shot_0146,1743.0167,-142.04,238.57,302.24
shot_0146,1743.0247,-140.48,268.87,284.95
shot_0146,1743.0328,-137.9,299.59,262.96
shot_0146,1743.0408,-137.55,331.58,240.4
shot_0146,1743.0488,-133.82,358.29,227.3
shot_0146,1743.0569,-132.77,386.06,208.41
shot_0146,1743.0649,-130.62,416.58,185.57
shot_0146,1743.073,-129.36,447.39,163.47
shot_0146,1743.081,-128.55,475.86,141.14
shot_0146,1743.089,-125.99,503.9,117.91
shot_0146,1743.0971,-124.41,531.28,93.45
shot_0146,1743.1051,-123.97,559.99,66.77
shot_0146,1743.1132,-121.44,587.12,44.03
shot_0146,1743.1212,-117.13,611.24,57.06
shot_0146,1743.1292,-113.63,637.25,76.25
shot_0146,1743.1373,-108.91,660.21,94.74
shot_0146,1743.1453,-104.48,684.94,113.61
shot_0146,1743.1534,-98.74,704.04,141.11
shot_0146,1743.1614,-95.45,728.21,154.52
shot_0146,1743.1694,-92.58,756.14,166.73
shot_0146,1743.1775,-87.4,775.88,185.63
shot_0146,1743.1855,-82.14,796.27,203.17
shot_0146,1743.1936,-78.43,818.99,218.78
shot_0146,1743.2016,-73.66,844.25,231.98
shot_0146,1743.2096,-68.31,870.08,242.18
shot_0146,1743.2177,-65.85,891.85,251.74
shot_0146,1743.2257,-59.61,909.81,271.0
shot_0146,1743.2338,-56.45,931.9,282.4
shot_0146,1743.2418,-51.96,960.22,286.42
shot_0146,1743.2579,-43.94,1000.28,309.51
shot_0146,1743.2659,-41.95,1028.79,309.46
shot_0146,1743.274,-35.36,1044.33,321.36
shot_0146,1743.282,-32.14,1063.56,330.96
shot_0146,1743.29,-27.69,1089.18,333.29
shot_0146,1743.2981,-23.72,1105.22,342.35
shot_0146,1743.3061,-21.0,1128.32,345.91
shot_0146,1743.3142,-15.56,1145.78,348.56
shot_0146,1743.3222,-11.38,1168.04,350.62
shot_0146,1743.3302,-8.98,1193.72,351.77
shot_0146,1743.3383,-7.1,1224.19,344.6
shot_0146,1743.3463,-0.6,1239.51,354.06
shot_0146,1743.3544,3.14,1259.42,354.49
shot_0146,1743.3624,4.51,1279.73,354.16
shot_0147,1743.3785,12.18,1307.52,357.13
shot_0147,1743.3865,11.08,1263.11,365.69
shot_0147,1743.3946,8.36,1220.29,370.98
shot_0147,1743.4026,4.83,1162.6,378.91
shot_0147,1743.4106,4.39,1107.05,390.0
shot_0147,1743.4187,0.5,1068.78,388.75
shot_0147,1743.4267,-1.71,1016.5,400.61
shot_0147,1743.4348,-4.2,968.18,404.95
shot_0147,1743.4428,-7.12,920.64,409.31
shot_0147,1743.4508,-10.56,871.66,412.89
shot_0147,1743.4589,-13.13,822.93,414.65
shot_0147,1743.4669,-16.96,778.59,413.35
shot_0147,1743.475,-19.29,730.1,418.71
shot_0147,1743.483,-21.54,681.89,416.99
shot_0147,1743.491,-24.22,635.24,415.86
shot_0147,1743.4991,-27.59,587.47,415.84
shot_0147,1743.5071,-29.3,537.37,414.51
shot_0147,1743.5152,-33.59,489.73,416.78
shot_0147,1743.5232,-37.17,449.42,400.11
shot_0147,1743.5312,-39.34,401.9,401.11
shot_0147,1743.5393,-41.03,355.02,399.94
shot_0147,1743.5473,-45.59,313.6,385.92
shot_0147,1743.5554,-47.45,267.43,387.03
shot_0147,1743.5634,-50.82,224.42,376.28
shot_0147,1743.5714,-51.98,179.93,371.73
shot_0147,1743.5795,-57.21,138.13,352.09
shot_0147,1743.5875,-59.69,96.09,347.44
shot_0147,1743.5956,-63.52,52.19,333.37
shot_0147,1743.6036,-66.38,11.0,321.16
shot_0147,1743.6116,-69.82,-30.74,308.24
shot_0147,1743.6197,-72.9,-71.96,296.27
shot_0147,1743.6277,-75.19,-113.32,284.09
shot_0147,1743.6358,-77.25,-155.5,268.62
shot_0147,1743.6438,-80.76,-195.08,258.41
shot_0147,1743.6518,-84.42,-238.77,228.19
shot_0147,1743.6599,-86.99,-277.44,218.17
shot_0147,1743.6679,-90.53,-318.95,195.41
shot_0147,1743.676,-93.13,-358.76,179.44
shot_0147,1743.684,-98.44,-395.83,153.1
shot_0147,1743.692,-100.83,-436.3,136.15
shot_0147,1743.7001,-106.22,-478.58,109.63
shot_0147,1743.7081,-106.95,-512.86,95.56
shot_0147,1743.7162,-110.38,-552.6,71.01
shot_0147,1743.7242,-113.41,-590.21,68.26
shot_0147,1743.7322,-112.16,-621.02,94.08
shot_0147,1743.7403,-110.27,-652.72,124.23
shot_0147,1743.7483,-110.97,-686.0,139.74
shot_0147,1743.7564,-109.0,-717.72,165.06
shot_0147,1743.7644,-111.8,-751.83,173.07
shot_0147,1743.7724,-112.64,-783.56,186.2
shot_0147,1743.7805,-109.77,-814.92,210.15
shot_0147,1743.7885,-110.59,-845.09,224.79
shot_0147,1743.7966,-110.1,-878.01,236.92
shot_0147,1743.8046,-109.69,-906.18,254.36
shot_0147,1743.8126,-110.02,-936.93,265.11
shot_0147,1743.8207,-111.73,-975.89,269.68
shot_0147,1743.8287,-110.67,-1000.32,285.12
shot_0147,1743.8368,-110.28,-1031.67,297.12
shot_0147,1743.8448,-110.01,-1060.85,307.73
shot_0147,1743.8528,-111.6,-1097.69,307.59
shot_0147,1743.8609,-112.46,-1125.85,319.83
shot_0147,1743.8689,-110.31,-1152.82,329.47
shot_0147,1743.877,-110.44,-1178.09,338.95
shot_0147,1743.885,-110.24,-1207.21,344.41
shot_0147,1743.893,-111.08,-1242.05,343.95
shot_0147,1743.9011,-111.18,-1274.83,344.32
shot_0147,1743.9091,-112.13,-1303.09,345.65
shot_0147,1743.9172,-111.5,-1328.23,351.79
shot_0147,1743.9252,-111.9,-1364.83,348.8
shot_0147,1743.9332,-112.95,-1388.18,355.72
shot_0147,1743.9413,-110.87,-1409.16,360.27
shot_0148,1743.9574,-119.0,-1433.69,363.89
shot_0148,1743.9654,-121.41,-1380.31,395.66
shot_0148,1743.9734,-127.13,-1342.06,415.67
shot_0148,1743.9815,-134.58,-1314.46,429.01
shot_0148,1743.9976,-145.88,-1234.93,466.6
shot_0148,1744.0056,-151.61,-1191.61,484.33
shot_0148,1744.0136,-156.86,-1160.52,495.63
shot_0148,1744.0217,-162.87,-1121.92,513.35
shot_0148,1744.0297,-166.44,-1082.11,532.22
shot_0148,1744.0378,-171.62,-1041.45,548.32
shot_0148,1744.0458,-178.64,-1011.93,554.65
shot_0148,1744.0538,-181.65,-972.92,569.38
shot_0148,1744.0619,-185.87,-939.12,581.3
shot_0148,1744.0699,-187.9,-897.82,596.35
shot_0148,1744.078,-194.96,-866.45,601.23
shot_0148,1744.086,-198.28,-827.92,612.05
shot_0148,1744.094,-203.8,-794.28,619.69
shot_0148,1744.1021,-206.58,-754.42,631.86
shot_0148,1744.1101,-210.85,-720.39,637.67
shot_0148,1744.1182,-215.17,-685.39,642.5
shot_0148,1744.1262,-219.0,-648.32,648.36
shot_0148,1744.1342,-223.57,-616.77,651.52
shot_0148,1744.1423,-227.82,-579.56,657.99
shot_0148,1744.1503,-232.96,-547.15,656.77
shot_0148,1744.1584,-234.65,-513.36,660.63
shot_0148,1744.1664,-240.42,-479.31,658.91
shot_0148,1744.1744,-244.95,-445.97,660.05
shot_0148,1744.1825,-247.37,-411.56,662.86
shot_0148,1744.1905,-251.42,-377.25,663.23
shot_0148,1744.1986,-255.67,-343.87,659.66
shot_0148,1744.2066,-258.37,-310.99,658.61
shot_0148,1744.2146,-261.84,-278.13,657.64
shot_0148,1744.2227,-268.65,-247.79,648.14
shot_0148,1744.2307,-268.83,-214.43,649.17
shot_0148,1744.2388,-272.03,-181.32,644.53
shot_0148,1744.2468,-278.04,-151.32,632.75
shot_0148,1744.2548,-282.11,-119.67,627.01
shot_0148,1744.2629,-285.7,-87.78,619.47
shot_0148,1744.2709,-289.17,-56.13,610.71
shot_0148,1744.279,-293.16,-26.68,601.33
shot_0148,1744.287,-295.88,3.04,592.72
shot_0148,1744.295,-300.34,33.81,582.41
shot_0148,1744.3031,-304.74,64.01,568.85
shot_0148,1744.3111,-307.33,93.7,559.65
shot_0148,1744.3192,-310.85,124.24,546.99
shot_0148,1744.3272,-313.74,153.48,532.21
shot_0148,1744.3352,-319.52,181.86,516.09
shot_0148,1744.3433,-324.37,212.61,500.76
shot_0148,1744.3513,-326.88,241.01,487.13
shot_0148,1744.3674,-332.64,296.68,455.25
shot_0148,1744.3754,-337.53,324.62,436.99
shot_0148,1744.3835,-342.1,353.18,417.22
shot_0148,1744.3915,-344.2,380.59,402.39
shot_0148,1744.3996,-348.99,410.12,377.85
shot_0148,1744.4076,-351.88,434.85,360.88
shot_0148,1744.4156,-356.16,463.27,339.37
shot_0148,1744.4237,-359.32,491.42,317.45
shot_0148,1744.4317,-363.12,514.83,297.71
shot_0148,1744.4398,-369.06,545.92,269.11
shot_0148,1744.4478,-369.98,570.53,248.97
shot_0148,1744.4558,-374.29,595.75,225.38
shot_0148,1744.4639,-378.06,620.78,202.16
shot_0148,1744.4719,-383.26,648.51,172.18
shot_0148,1744.48,-387.17,676.23,143.67
shot_0148,1744.488,-387.14,693.84,129.89
shot_0148,1744.496,-393.95,722.99,94.09
shot_0148,1744.5041,-397.69,746.39,67.45
shot_0148,1744.5121,-396.37,764.48,56.44
shot_0148,1744.5202,-399.26,795.25,64.84
shot_0148,1744.5282,-394.87,813.74,92.67
shot_0148,1744.5362,-394.83,837.31,110.75
shot_0148,1744.5443,-389.78,857.41,139.42
shot_0148,1744.5604,-382.82,898.14,184.37
shot_0148,1744.5684,-382.31,920.02,204.03
shot_0148,1744.5764,-380.79,945.24,219.37
shot_0148,1744.5845,-377.79,965.19,238.15
shot_0148,1744.5925,-379.19,994.83,244.57
shot_0148,1744.6006,-376.95,1015.16,260.92
shot_0148,1744.6086,-372.82,1032.76,281.71
shot_0148,1744.6166,-370.95,1056.27,293.46
shot_0148,1744.6247,-366.85,1071.73,314.25
shot_0148,1744.6327,-363.06,1092.54,329.96
shot_0148,1744.6408,-359.16,1107.05,347.97
shot_0148,1744.6488,-357.46,1128.16,359.11
shot_0148,1744.6568,-353.97,1146.11,372.35
shot_0148,1744.6649,-352.89,1167.42,381.37
shot_0148,1744.6729,-348.34,1179.52,398.71
shot_0148,1744.681,-345.28,1195.33,416.49
shot_0148,1744.689,-343.38,1220.16,427.14
shot_0148,1744.697,-338.36,1228.0,448.02
shot_0148,1744.7051,-335.56,1250.74,454.98
shot_0148,1744.7131,-326.68,1250.24,484.6
shot_0148,1744.7212,-321.93,1256.33,508.27
shot_0148,1744.7292,-315.13,1264.6,528.92
shot_0148,1744.7372,-310.93,1276.59,553.91
shot_0149,1750.9763,247.35,-1430.82,395.2
shot_0149,1750.9844,248.49,-1403.68,410.8
shot_0149,1750.9924,250.03,-1371.44,428.92
shot_0149,1751.0005,251.93,-1328.05,453.74
shot_0149,1751.0085,252.24,-1294.59,469.0
shot_0149,1751.0165,253.46,-1266.49,480.38
shot_0149,1751.0246,254.26,-1227.28,503.62
shot_0149,1751.0326,255.11,-1187.3,521.24
shot_0149,1751.0407,256.3,-1155.02,534.62
shot_0149,1751.0487,256.53,-1118.49,548.18
shot_0149,1751.0567,255.32,-1081.92,566.07
shot_0149,1751.0648,256.72,-1049.05,576.84
shot_0149,1751.0728,255.84,-1011.68,592.44
shot_0149,1751.0809,254.53,-974.51,605.38
shot_0149,1751.0889,255.93,-944.27,613.92
shot_0149,1751.0969,255.95,-909.02,623.69
shot_0149,1751.105,255.74,-875.57,634.08
shot_0149,1751.113,254.95,-842.62,642.62
shot_0149,1751.1211,253.79,-803.0,652.75
shot_0149,1751.1291,253.71,-768.39,660.54
shot_0149,1751.1371,252.57,-734.82,667.2
shot_0149,1751.1452,251.73,-701.41,670.99
shot_0149,1751.1532,250.81,-667.76,674.98
shot_0149,1751.1613,250.57,-634.17,678.17
shot_0149,1751.1693,249.93,-601.59,679.66
shot_0149,1751.1773,248.38,-566.9,682.85
shot_0149,1751.1854,246.77,-532.92,685.64
shot_0149,1751.1934,246.53,-500.22,685.01
shot_0149,1751.2015,243.57,-467.35,686.47
shot_0149,1751.2095,242.79,-432.46,686.3
shot_0149,1751.2175,241.38,-400.09,684.56
shot_0149,1751.2256,240.29,-369.01,679.73
shot_0149,1751.2336,238.46,-334.12,679.87
shot_0149,1751.2417,236.94,-303.6,675.48
shot_0149,1751.2497,235.58,-271.83,671.32
shot_0149,1751.2577,233.29,-238.87,667.4
shot_0149,1751.2658,231.04,-207.79,660.85
shot_0149,1751.2738,230.13,-177.37,652.81
shot_0149,1751.2819,228.42,-144.29,646.09
shot_0149,1751.2899,226.37,-113.81,639.36
shot_0149,1751.2979,224.2,-81.96,632.7
shot_0149,1751.306,222.24,-51.9,622.27
shot_0149,1751.314,220.07,-22.16,610.92
shot_0149,1751.3221,218.45,6.98,599.49
shot_0149,1751.3301,216.25,37.82,589.8
shot_0149,1751.3381,214.12,68.22,576.93
shot_0149,1751.3462,213.16,97.89,561.86
shot_0149,1751.3542,210.74,126.03,550.83
shot_0149,1751.3623,208.77,156.1,535.39
shot_0149,1751.3703,205.98,184.01,520.57
shot_0149,1751.3783,203.91,213.37,504.34
shot_0149,1751.3864,201.88,242.34,488.52
shot_0149,1751.3944,199.08,270.24,472.04
shot_0149,1751.4025,197.3,300.27,450.94
shot_0149,1751.4105,195.5,327.34,433.54
shot_0149,1751.4185,192.93,355.61,413.0
shot_0149,1751.4266,190.88,382.87,392.79
shot_0149,1751.4346,188.32,409.14,376.27
shot_0149,1751.4427,185.79,437.56,353.66
shot_0149,1751.4507,183.24,463.32,332.52
shot_0149,1751.4587,180.14,489.81,312.6
shot_0149,1751.4668,177.09,515.13,290.64
shot_0149,1751.4748,176.62,543.88,260.23
shot_0149,1751.4829,173.65,568.33,237.51
shot_0149,1751.4909,170.75,591.58,219.37
shot_0149,1751.4989,168.27,618.31,191.69
shot_0149,1751.507,165.28,643.51,166.27
shot_0149,1751.515,162.85,665.48,144.49
shot_0149,1751.5231,160.09,688.75,119.43
shot_0149,1751.5311,157.51,715.5,91.18
shot_0149,1751.5391,154.0,738.8,60.41
shot_0149,1751.5472,152.86,762.56,33.81
shot_0149,1751.5552,150.07,790.15,27.91
shot_0149,1751.5633,150.88,806.31,61.51
shot_0149,1751.5713,148.7,832.53,76.65
shot_0149,1751.5793,147.95,854.33,103.17
shot_0149,1751.5874,146.9,873.06,127.54
shot_0149,1751.5954,146.54,889.1,155.76
shot_0149,1751.6035,144.51,918.69,170.33
shot_0149,1751.6115,141.33,938.61,193.13
shot_0149,1751.6195,139.99,951.13,221.88
shot_0149,1751.6276,138.87,973.04,237.67
shot_0149,1751.6356,136.04,999.66,249.57
shot_0149,1751.6437,133.71,1023.2,267.25
shot_0149,1751.6517,132.07,1038.59,287.92
shot_0149,1751.6597,130.38,1059.36,302.89
shot_0149,1751.6678,128.08,1078.56,317.36
shot_0149,1751.6758,125.69,1099.2,330.0
shot_0149,1751.6839,123.49,1119.08,345.51
shot_0149,1751.6919,121.51,1141.91,352.95
shot_0149,1751.6999,118.64,1165.68,362.69
shot_0149,1751.708,117.79,1184.39,373.86
shot_0149,1751.716,114.72,1198.49,389.87
shot_0149,1751.7241,112.32,1224.95,397.26
shot_0149,1751.7321,109.23,1239.28,411.08
shot_0149,1751.7401,106.87,1254.42,427.12
shot_0149,1751.7482,104.76,1283.65,430.71
shot_0149,1751.7562,103.04,1293.08,449.67
shot_0149,1751.7643,99.94,1319.55,460.31
shot_0149,1751.7723,98.9,1335.75,481.86
shot_0149,1751.7803,96.56,1386.0,496.66
shot_0149,1751.7964,93.2,1410.58,531.41
shot_0150,1751.8045,90.77,1425.86,550.59
shot_0150,1751.8205,77.9,1367.38,536.8
shot_0150,1751.8286,71.93,1319.97,531.92
shot_0150,1751.8366,67.03,1278.5,526.48
shot_0150,1751.8447,61.09,1234.98,522.81
shot_0150,1751.8527,55.64,1192.12,524.32
shot_0150,1751.8607,50.3,1158.9,520.27
shot_0150,1751.8688,44.67,1122.25,518.38
shot_0150,1751.8768,41.14,1077.28,528.27
shot_0150,1751.8849,35.99,1045.28,523.01
shot_0150,1751.8929,32.32,1001.57,531.9
shot_0150,1751.9009,28.41,960.83,537.81
shot_0150,1751.909,23.58,926.55,534.63
shot_0150,1751.917,18.89,888.62,539.35
shot_0150,1751.9251,16.81,853.33,538.59
shot_0150,1751.9331,12.71,817.08,538.27
shot_0150,1751.9411,8.77,780.24,536.09
shot_0150,1751.9492,4.24,743.5,536.11
shot_0150,1751.9572,0.2,704.69,536.77
shot_0150,1751.9653,-3.14,669.71,530.9
shot_0150,1751.9733,-5.46,632.11,529.08
shot_0150,1751.9813,-7.96,594.24,529.85
shot_0150,1751.9894,-11.67,561.71,520.9
shot_0150,1752.0055,-18.03,488.87,509.56
shot_0150,1752.0135,-21.31,454.3,503.42
shot_0150,1752.0215,-24.53,420.43,491.64
shot_0150,1752.0296,-26.21,383.93,488.11
shot_0150,1752.0376,-30.06,352.14,477.69
shot_0150,1752.0457,-33.16,318.44,468.98
shot_0150,1752.0617,-37.86,247.44,447.25
shot_0150,1752.0698,-40.96,213.17,437.57
shot_0150,1752.0778,-42.12,179.91,428.84
shot_0150,1752.0859,-44.49,146.79,412.27
shot_0150,1752.0939,-46.95,113.07,401.44
shot_0150,1752.1019,-49.22,78.89,389.66
shot_0150,1752.11,-51.12,45.74,374.0
shot_0150,1752.118,-54.4,12.93,356.89
shot_0150,1752.1261,-55.39,-21.13,340.51
shot_0150,1752.1341,-55.36,-51.78,329.58
shot_0150,1752.1421,-57.39,-84.54,312.36
shot_0150,1752.1502,-59.93,-117.19,293.53
shot_0150,1752.1582,-61.53,-150.44,274.5
shot_0150,1752.1663,-62.62,-182.43,263.27
shot_0150,1752.1743,-63.39,-213.14,237.22
shot_0150,1752.1823,-64.27,-246.82,219.0
shot_0150,1752.1904,-67.86,-276.5,192.39
shot_0150,1752.1984,-68.39,-308.16,174.34
shot_0150,1752.2065,-68.11,-339.22,154.82
shot_0150,1752.2145,-67.63,-369.74,137.36
shot_0150,1752.2225,-70.82,-402.27,105.79
shot_0150,1752.2306,-70.35,-434.95,80.53
shot_0150,1752.2467,-70.32,-488.9,72.97
shot_0150,1752.2547,-68.29,-513.97,99.39
shot_0150,1752.2627,-65.29,-540.6,119.37
shot_0150,1752.2708,-60.88,-562.77,149.17
shot_0150,1752.2788,-59.12,-588.42,160.65
shot_0150,1752.2869,-57.73,-613.58,178.96
shot_0150,1752.2949,-56.15,-638.45,197.43
shot_0150,1752.3029,-53.31,-658.47,217.29
shot_0150,1752.311,-50.83,-684.08,233.9
shot_0150,1752.319,-48.88,-708.82,246.76
shot_0150,1752.3351,-41.43,-751.42,282.26
shot_0150,1752.3431,-39.55,-776.55,292.66
shot_0150,1752.3512,-38.86,-801.94,301.39
shot_0150,1752.3592,-34.62,-821.08,320.35
shot_0150,1752.3673,-32.96,-846.46,328.86
shot_0150,1752.3753,-29.96,-871.83,338.11
shot_0150,1752.3833,-26.78,-892.14,348.76
shot_0150,1752.3914,-24.63,-916.63,358.89
shot_0150,1752.3994,-21.72,-938.67,367.94
shot_0150,1752.4075,-19.47,-959.04,374.95
shot_0150,1752.4155,-17.55,-985.09,380.77
shot_0150,1752.4235,-13.88,-1009.26,385.91
shot_0150,1752.4316,-11.31,-1030.05,393.51
shot_0150,1752.4396,-8.91,-1045.78,405.15
shot_0150,1752.4477,-7.1,-1072.87,405.57
shot_0150,1752.4557,-5.24,-1090.54,413.22
shot_0150,1752.4637,-0.51,-1110.07,418.98
shot_0150,1752.4798,3.19,-1153.88,422.19
shot_0150,1752.4879,7.73,-1177.55,420.95
shot_0150,1752.4959,7.97,-1194.59,425.0
shot_0150,1752.5039,11.02,-1215.67,424.75
shot_0150,1752.512,15.05,-1238.8,422.36
shot_0150,1752.52,15.44,-1267.79,413.66
shot_0150,1752.5281,17.71,-1286.5,412.24
shot_0150,1752.5361,21.66,-1304.36,413.07
shot_0150,1752.5441,24.1,-1318.34,416.4
shot_0150,1752.5522,26.99,-1339.65,411.84
shot_0150,1752.5602,28.12,-1367.03,402.9
shot_0150,1752.5683,30.1,-1387.09,396.24
shot_0150,1752.5763,33.46,-1401.84,395.11
shot_0151,1765.151,223.31,-1375.85,364.65
shot_0151,1765.159,225.01,-1353.03,376.94
shot_0151,1765.1671,229.54,-1326.97,389.27
shot_0151,1765.1751,232.79,-1288.04,408.56
shot_0151,1765.1912,237.08,-1224.38,436.85
shot_0151,1765.1992,239.81,-1196.4,447.3
shot_0151,1765.2073,243.22,-1165.53,456.88
shot_0151,1765.2153,245.1,-1133.28,470.54
shot_0151,1765.2233,247.29,-1099.87,482.31
shot_0151,1765.2314,247.46,-1063.75,498.3
shot_0151,1765.2394,250.86,-1036.56,502.0
shot_0151,1765.2475,252.93,-1008.27,507.83
shot_0151,1765.2555,254.6,-974.78,519.53
shot_0151,1765.2635,256.19,-941.32,528.85
shot_0151,1765.2716,257.92,-911.88,532.6
shot_0151,1765.2796,260.15,-882.32,536.92
shot_0151,1765.2877,261.98,-851.95,541.29
shot_0151,1765.2957,263.03,-822.99,543.77
shot_0151,1765.3037,264.17,-792.39,546.31
shot_0151,1765.3118,264.54,-759.5,551.75
shot_0151,1765.3198,265.82,-729.96,552.23
shot_0151,1765.3279,267.97,-703.38,549.68
shot_0151,1765.3359,268.39,-671.72,552.72
shot_0151,1765.3439,269.46,-644.46,549.23
shot_0151,1765.352,269.98,-611.22,551.85
shot_0151,1765.36,271.21,-586.18,545.57
shot_0151,1765.3681,272.15,-555.77,543.83
shot_0151,1765.3841,272.55,-498.62,535.52
shot_0151,1765.3922,273.48,-470.09,529.63
shot_0151,1765.4002,274.09,-443.73,523.48
shot_0151,1765.4083,273.56,-413.74,517.54
shot_0151,1765.4163,274.39,-385.9,508.59
shot_0151,1765.4243,273.92,-356.34,502.93
shot_0151,1765.4324,274.85,-329.9,492.36
shot_0151,1765.4404,274.45,-302.4,484.27
shot_0151,1765.4485,274.5,-274.25,476.29
shot_0151,1765.4565,274.61,-246.71,463.32
shot_0151,1765.4645,273.71,-219.82,451.92
shot_0151,1765.4726,274.06,-193.54,442.82
shot_0151,1765.4806,273.48,-166.85,432.08
shot_0151,1765.4887,273.92,-139.6,415.74
shot_0151,1765.4967,273.32,-113.29,402.46
shot_0151,1765.5047,272.64,-88.07,388.84
shot_0151,1765.5128,272.64,-62.38,370.03
shot_0151,1765.5208,271.89,-35.65,360.62
shot_0151,1765.5289,271.11,-11.18,340.48
shot_0151,1765.5369,271.32,13.72,324.82
shot_0151,1765.5449,271.23,38.97,304.23
shot_0151,1765.553,271.08,63.89,283.47
shot_0151,1765.561,268.95,88.46,268.82
shot_0151,1765.5691,268.93,112.97,246.08
shot_0151,1765.5771,268.26,136.36,228.78
shot_0151,1765.5851,267.8,160.28,203.86
shot_0151,1765.5932,266.61,183.82,188.31
shot_0151,1765.6012,265.1,206.89,167.7
shot_0151,1765.6093,266.21,232.32,134.34
shot_0151,1765.6173,264.94,252.39,119.72
shot_0151,1765.6253,263.72,274.7,92.7
shot_0151,1765.6334,262.73,297.27,71.87
shot_0151,1765.6414,261.75,319.62,46.87
shot_0151,1765.6495,261.91,344.08,24.62
shot_0151,1765.6575,260.66,364.67,48.58
shot_0151,1765.6655,259.52,389.77,68.98
shot_0151,1765.6736,258.62,411.93,92.46
shot_0151,1765.6816,258.06,436.83,113.11
shot_0151,1765.6897,257.84,458.37,131.19
shot_0151,1765.6977,254.37,479.11,154.13
shot_0151,1765.7057,254.94,504.79,164.6
shot_0151,1765.7138,253.93,527.84,184.11
shot_0151,1765.7218,251.0,549.16,201.21
shot_0151,1765.7299,250.63,571.64,217.71
shot_0151,1765.7379,248.05,590.52,236.9
shot_0151,1765.7459,247.67,615.16,245.93
shot_0151,1765.754,245.94,640.52,256.73
shot_0151,1765.762,244.16,660.92,268.94
shot_0151,1765.7701,242.58,682.8,281.8
shot_0151,1765.7781,240.92,703.23,294.71
shot_0151,1765.7861,238.74,726.46,304.41
shot_0151,1765.7942,236.71,744.78,319.03
shot_0151,1765.8022,234.02,768.89,324.22
shot_0151,1765.8103,232.25,789.45,331.28
shot_0151,1765.8183,229.58,807.07,344.83
shot_0151,1765.8263,227.43,828.6,352.4
shot_0151,1765.8344,224.87,852.76,352.62
shot_0151,1765.8424,222.64,872.81,356.63
shot_0151,1765.8505,221.07,895.05,362.46
shot_0151,1765.8585,218.04,917.4,363.98
shot_0151,1765.8665,216.16,936.51,367.04
shot_0151,1765.8746,211.84,954.05,375.22
shot_0151,1765.8826,208.66,976.27,374.96
shot_0151,1765.8907,207.02,997.02,375.25
shot_0151,1765.8987,204.81,1018.48,374.97
shot_0151,1765.9067,201.11,1038.92,375.22
shot_0151,1765.9148,197.99,1058.13,372.95
shot_0151,1765.9228,196.86,1082.38,365.84
shot_0151,1765.9309,193.22,1104.99,364.28
shot_0151,1765.9389,190.27,1124.4,360.23
shot_0151,1765.9469,186.63,1135.31,365.39
shot_0151,1765.955,184.25,1154.2,360.44
shot_0151,1765.963,182.17,1173.4,355.51
shot_0151,1765.9711,178.86,1186.98,357.01
shot_0151,1765.9791,175.34,1220.8,337.41
shot_0151,1765.9871,171.56,1233.37,338.78
shot_0151,1765.9952,169.87,1256.6,326.21
shot_0151,1766.0032,165.46,1275.58,319.53
shot_0151,1766.0113,162.91,1281.77,321.31
shot_0151,1766.0193,159.15,1306.34,308.75
shot_0151,1766.0273,156.73,1328.51,295.45
shot_0151,1766.0354,153.24,1359.95,273.57
shot_0152,1766.0434,148.61,1361.35,277.22
shot_0152,1766.0515,141.92,1342.02,284.71
shot_0152,1766.0595,132.91,1301.26,296.18
shot_0152,1766.0675,124.04,1259.66,310.74
shot_0152,1766.0756,116.18,1219.54,321.32
shot_0152,1766.0836,104.89,1182.06,330.21
shot_0152,1766.0917,98.2,1129.12,351.68
shot_0152,1766.0997,89.74,1083.15,369.5
shot_0152,1766.1077,81.98,1044.59,381.05
shot_0152,1766.1158,74.32,1006.17,388.53
shot_0152,1766.1238,67.38,957.43,408.57
shot_0152,1766.1319,59.99,919.67,416.2
shot_0152,1766.1399,52.93,880.81,422.46
shot_0152,1766.1479,45.61,837.76,433.11
shot_0152,1766.156,38.77,792.86,446.7
shot_0152,1766.164,31.29,754.42,451.21
shot_0152,1766.1721,24.3,713.18,456.66
shot_0152,1766.1801,18.09,673.64,463.9
shot_0152,1766.1881,12.13,632.9,471.28
shot_0152,1766.1962,5.97,593.61,474.45
shot_0152,1766.2042,-0.87,555.04,478.25
shot_0152,1766.2123,-5.21,514.96,484.13
shot_0152,1766.2203,-12.54,480.26,478.38
shot_0152,1766.2283,-19.12,433.58,492.69
shot_0152,1766.2364,-23.6,398.76,490.42
shot_0152,1766.2444,-29.16,363.91,487.65
shot_0152,1766.2525,-34.62,324.65,490.87
shot_0152,1766.2605,-38.85,283.39,492.02
shot_0152,1766.2685,-44.72,250.04,488.13
shot_0152,1766.2766,-50.57,210.91,485.75
shot_0152,1766.2846,-56.45,174.1,486.88
shot_0152,1766.2927,-59.35,137.6,483.0
shot_0152,1766.3007,-64.2,104.66,476.99
shot_0152,1766.3087,-70.07,65.02,471.53
shot_0152,1766.3168,-75.27,27.04,464.6
shot_0152,1766.3248,-78.04,-6.42,463.36
shot_0152,1766.3329,-83.48,-42.88,455.73
shot_0152,1766.3409,-87.18,-78.73,448.96
shot_0152,1766.3489,-90.82,-114.91,442.84
shot_0152,1766.357,-95.53,-148.87,429.45
shot_0152,1766.365,-98.7,-184.11,426.51
shot_0152,1766.3731,-102.54,-219.48,413.69
shot_0152,1766.3811,-106.38,-253.53,402.47
shot_0152,1766.3891,-110.02,-286.27,395.74
shot_0152,1766.3972,-115.23,-324.63,374.47
shot_0152,1766.4052,-117.2,-356.36,366.67
shot_0152,1766.4133,-120.97,-390.53,354.05
shot_0152,1766.4213,-123.89,-424.94,341.06
shot_0152,1766.4293,-127.5,-459.16,327.07
shot_0152,1766.4374,-130.17,-493.99,308.23
shot_0152,1766.4454,-134.27,-524.2,298.06
shot_0152,1766.4535,-136.68,-559.02,280.98
shot_0152,1766.4615,-141.21,-593.79,259.94
shot_0152,1766.4695,-140.18,-623.21,250.49
shot_0152,1766.4776,-144.74,-657.29,228.28
shot_0152,1766.4856,-147.53,-691.74,209.63
shot_0152,1766.4937,-150.18,-725.82,187.64
shot_0152,1766.5017,-152.71,-754.4,170.51
shot_0152,1766.5097,-152.64,-786.13,155.21
shot_0152,1766.5178,-157.17,-822.75,126.14
shot_0152,1766.5258,-156.89,-849.91,111.74
shot_0152,1766.5339,-159.8,-881.21,88.22
shot_0152,1766.5419,-162.25,-915.86,63.02
shot_0152,1766.5499,-159.93,-941.27,75.88
shot_0152,1766.558,-159.5,-968.3,93.39
shot_0152,1766.566,-157.0,-996.07,109.8
shot_0152,1766.5741,-152.09,-1016.97,136.68
shot_0152,1766.5821,-150.76,-1039.87,155.82
shot_0152,1766.5901,-149.85,-1068.63,166.78
shot_0152,1766.5982,-147.53,-1096.29,183.2
shot_0152,1766.6062,-144.35,-1113.2,209.03
shot_0152,1766.6143,-143.41,-1146.97,214.22
shot_0152,1766.6223,-141.76,-1170.68,229.28
shot_0152,1766.6303,-137.04,-1189.9,250.24
shot_0152,1766.6384,-137.3,-1217.79,258.6
shot_0152,1766.6464,-135.57,-1237.61,274.86
shot_0152,1766.6545,-133.23,-1263.36,283.65
shot_0152,1766.6625,-130.76,-1285.81,297.49
shot_0152,1766.6705,-128.86,-1312.01,304.05
shot_0152,1766.6786,-125.79,-1332.8,316.88
shot_0152,1766.6866,-122.28,-1347.61,330.92
shot_0152,1766.6947,-122.85,-1381.82,332.12
shot_0152,1766.7027,-118.72,-1394.05,349.32
shot_0152,1766.7107,-118.92,-1423.64,348.08
shot_0152,1766.7188,-116.49,-1443.38,357.37
shot_0152,1766.7268,-114.32,-1469.54,365.43
shot_0152,1766.7349,-112.36,-1488.26,372.73
shot_0152,1766.7429,-109.41,-1506.41,380.29
shot_0152,1766.7509,-110.71,-1532.81,381.77
shot_0152,1766.759,-107.72,-1554.64,387.51
shot_0152,1766.767,-106.38,-1584.51,388.82
shot_0152,1766.7751,-106.42,-1613.65,388.42
shot_0153,1775.8684,364.11,-1397.42,336.71
shot_0153,1775.8764,361.92,-1374.58,343.65
shot_0153,1775.8845,357.5,-1323.8,361.38
shot_0153,1775.8925,354.54,-1292.01,365.58
shot_0153,1775.9005,349.35,-1247.13,380.47
shot_0153,1775.9086,344.0,-1201.38,396.79
shot_0153,1775.9166,339.79,-1153.65,411.94
shot_0153,1775.9247,335.03,-1117.4,417.15
shot_0153,1775.9327,330.27,-1071.28,430.84
shot_0153,1775.9407,326.84,-1037.18,431.69
shot_0153,1775.9488,321.23,-990.78,442.49
shot_0153,1775.9568,316.24,-950.46,450.09
shot_0153,1775.9649,312.98,-911.03,455.28
shot_0153,1775.9729,307.81,-868.48,462.83
shot_0153,1775.9809,304.81,-828.5,465.81
shot_0153,1775.989,300.52,-789.81,466.32
shot_0153,1775.997,296.64,-749.03,468.79
shot_0153,1776.0051,293.68,-710.17,470.61
shot_0153,1776.0131,288.79,-668.67,474.25
shot_0153,1776.0211,284.74,-628.49,476.45
shot_0153,1776.0292,281.48,-590.85,474.69
shot_0153,1776.0372,277.95,-549.17,474.14
shot_0153,1776.0453,274.27,-511.39,472.48
shot_0153,1776.0533,271.4,-473.18,468.18
shot_0153,1776.0613,267.73,-432.59,467.81
shot_0153,1776.0694,264.42,-394.33,463.48
shot_0153,1776.0774,261.0,-356.55,459.09
shot_0153,1776.0855,257.77,-317.75,453.2
shot_0153,1776.0935,253.44,-279.06,455.49
shot_0153,1776.1015,250.86,-241.58,444.23
shot_0153,1776.1096,248.67,-204.36,434.76
shot_0153,1776.1176,245.23,-167.09,427.11
shot_0153,1776.1257,242.48,-129.05,420.8
shot_0153,1776.1337,239.89,-93.18,411.58
shot_0153,1776.1417,236.28,-56.07,403.62
shot_0153,1776.1498,233.68,-21.68,392.2
shot_0153,1776.1578,231.68,15.29,381.61
shot_0153,1776.1659,228.47,49.47,369.68
shot_0153,1776.1739,226.2,87.92,353.2
shot_0153,1776.1819,223.69,121.94,342.62
shot_0153,1776.19,220.77,157.08,333.02
shot_0153,1776.198,217.28,191.07,317.65
shot_0153,1776.2061,215.7,227.54,296.57
shot_0153,1776.2141,212.57,261.96,282.38
shot_0153,1776.2221,211.03,295.17,264.89
shot_0153,1776.2302,207.98,329.77,248.17
shot_0153,1776.2382,206.62,362.91,229.49
shot_0153,1776.2463,202.22,396.21,216.3
shot_0153,1776.2543,201.35,431.04,189.57
shot_0153,1776.2623,199.29,465.24,169.95
shot_0153,1776.2704,196.86,498.74,146.69
shot_0153,1776.2784,193.92,530.76,128.98
shot_0153,1776.2865,191.88,563.46,106.52
shot_0153,1776.2945,190.87,593.76,87.61
shot_0153,1776.3025,188.17,627.92,58.89
shot_0153,1776.3106,185.27,660.92,34.16
shot_0153,1776.3186,182.78,688.38,23.68
shot_0153,1776.3267,184.23,717.44,36.72
shot_0153,1776.3347,185.94,744.75,60.27
shot_0153,1776.3427,187.46,768.75,82.02
shot_0153,1776.3508,189.76,797.36,100.91
shot_0153,1776.3588,192.23,824.06,118.08
shot_0153,1776.3669,191.93,853.32,134.42
shot_0153,1776.3749,193.47,881.02,147.37
shot_0153,1776.3829,193.79,900.4,172.72
shot_0153,1776.391,196.69,927.58,187.9
shot_0153,1776.399,198.44,957.71,194.47
shot_0153,1776.4071,198.89,979.45,215.32
shot_0153,1776.4151,199.61,1010.29,219.31
shot_0153,1776.4231,202.33,1035.6,231.3
shot_0153,1776.4312,203.7,1059.31,245.2
shot_0153,1776.4392,203.09,1084.39,254.14
shot_0153,1776.4473,204.95,1110.06,266.63
shot_0153,1776.4553,206.3,1132.39,275.0
shot_0153,1776.4633,207.65,1159.96,280.71
shot_0153,1776.4714,209.51,1182.51,289.85
shot_0153,1776.4794,209.85,1210.86,292.12
shot_0153,1776.4875,209.81,1222.81,308.07
shot_0153,1776.4955,211.18,1251.5,310.7
shot_0153,1776.5035,212.82,1276.64,317.47
shot_0153,1776.5116,214.3,1301.6,322.08
shot_0153,1776.5196,216.96,1335.58,316.92
shot_0153,1776.5277,218.31,1358.83,325.69
shot_0153,1776.5357,220.1,1385.5,330.03
shot_0153,1776.5437,221.63,1408.39,334.62
shot_0154,1776.5598,221.27,1440.42,346.72
shot_0154,1776.5679,203.11,1393.21,346.55
shot_0154,1776.5759,186.99,1332.53,363.39
shot_0154,1776.5839,168.96,1291.05,361.6
shot_0154,1776.592,152.94,1243.83,368.06
shot_0154,1776.6,136.69,1191.33,376.92
shot_0154,1776.6081,120.09,1144.97,381.57
shot_0154,1776.6161,105.29,1094.7,392.45
shot_0154,1776.6241,89.59,1049.95,398.28
shot_0154,1776.6322,74.14,1006.84,400.74
shot_0154,1776.6402,58.8,957.3,410.6
shot_0154,1776.6483,45.07,911.22,416.78
shot_0154,1776.6563,28.7,869.62,416.05
shot_0154,1776.6643,12.98,827.8,412.57
shot_0154,1776.6724,0.69,775.91,427.24
shot_0154,1776.6804,-14.38,734.69,423.23
shot_0154,1776.6885,-28.56,685.01,429.83
shot_0154,1776.6965,-42.53,639.51,431.54
shot_0154,1776.7045,-56.31,595.96,432.64
shot_0154,1776.7126,-67.56,555.29,431.88
shot_0154,1776.7206,-80.76,509.76,434.51
shot_0154,1776.7287,-95.9,464.45,429.26
shot_0154,1776.7367,-108.81,423.38,425.68
shot_0154,1776.7447,-118.82,377.87,428.59
shot_0154,1776.7528,-133.67,337.74,420.44
shot_0154,1776.7608,-144.94,294.44,420.65
shot_0154,1776.7689,-158.83,253.99,414.11
shot_0154,1776.7769,-167.81,212.81,414.94
shot_0154,1776.7849,-182.22,172.47,402.36
shot_0154,1776.793,-193.59,129.75,397.47
shot_0154,1776.801,-203.64,90.13,394.11
shot_0154,1776.8091,-214.88,51.3,385.29
shot_0154,1776.8171,-225.94,8.4,380.55
shot_0154,1776.8251,-235.12,-31.46,373.01
shot_0154,1776.8332,-248.76,-72.19,359.01
shot_0154,1776.8412,-255.69,-109.02,354.73
shot_0154,1776.8493,-269.69,-150.9,336.48
shot_0154,1776.8573,-279.78,-191.42,326.58
shot_0154,1776.8653,-288.08,-229.66,318.53
shot_0154,1776.8734,-297.26,-268.9,305.98
shot_0154,1776.8814,-306.53,-306.91,297.46
shot_0154,1776.8895,-318.21,-347.89,279.45
shot_0154,1776.8975,-324.2,-382.41,273.21
shot_0154,1776.9055,-335.85,-423.61,250.69
shot_0154,1776.9136,-342.62,-460.21,242.26
shot_0154,1776.9216,-351.76,-498.89,227.13
shot_0154,1776.9297,-363.01,-539.92,205.19
shot_0154,1776.9377,-372.42,-579.8,186.57
shot_0154,1776.9457,-376.21,-613.73,181.2
shot_0154,1776.9538,-390.3,-658.61,151.1
shot_0154,1776.9618,-398.84,-696.16,132.74
shot_0154,1776.9699,-404.24,-729.22,118.51
shot_0154,1776.9779,-414.55,-772.67,95.35
shot_0154,1776.9859,-422.02,-807.31,78.39
shot_0154,1776.994,-431.56,-847.49,54.85
shot_0154,1777.002,-435.4,-879.79,72.93
shot_0154,1777.0101,-435.89,-909.01,98.75
shot_0154,1777.0181,-439.66,-943.34,113.09
shot_0154,1777.0261,-443.73,-973.51,131.0
shot_0154,1777.0342,-444.35,-1001.23,150.98
shot_0154,1777.0422,-452.94,-1040.86,154.34
shot_0154,1777.0503,-459.9,-1079.26,162.1
shot_0154,1777.0583,-461.4,-1108.38,178.21
shot_0154,1777.0663,-464.74,-1140.16,189.72
shot_0154,1777.0744,-466.51,-1165.65,201.54
shot_0154,1777.0824,-472.25,-1203.14,210.64
shot_0154,1777.0905,-474.76,-1231.83,223.79
shot_0154,1777.0985,-481.0,-1268.73,224.45
shot_0154,1777.1065,-487.45,-1308.44,226.56
shot_0154,1777.1146,-488.96,-1332.79,238.34
shot_0154,1777.1226,-486.78,-1351.31,255.02
shot_0154,1777.1307,-492.98,-1389.81,251.01
shot_0154,1777.1387,-494.1,-1415.17,261.73
shot_0154,1777.1709,-500.26,-1532.64,293.09
shot_0154,1777.1789,-506.66,-1566.05,285.47
shot_0154,1777.1869,-504.84,-1578.64,302.41
shot_0154,1777.195,-506.65,-1611.13,305.77
shot_0155,1783.6753,-355.52,1371.9,262.96
shot_0155,1783.6833,-346.54,1341.78,279.97
shot_0155,1783.6914,-340.97,1311.11,298.13
shot_0155,1783.6994,-327.33,1270.35,322.13
shot_0155,1783.7074,-317.79,1235.13,345.22
shot_0155,1783.7155,-310.4,1208.36,356.15
shot_0155,1783.7235,-305.16,1181.42,365.41
shot_0155,1783.7396,-287.47,1116.88,400.5
shot_0155,1783.7476,-277.34,1080.89,414.99
shot_0155,1783.7557,-269.45,1045.9,432.03
shot_0155,1783.7637,-260.82,1017.85,443.13
shot_0155,1783.7718,-255.03,993.07,448.77
shot_0155,1783.7798,-246.07,958.92,464.54
shot_0155,1783.7878,-236.54,925.23,476.6
shot_0155,1783.7959,-229.98,895.97,484.88
shot_0155,1783.8039,-220.87,860.99,498.09
shot_0155,1783.812,-213.18,825.14,511.66
shot_0155,1783.82,-206.68,796.38,515.38
shot_0155,1783.828,-200.04,766.87,522.02
shot_0155,1783.8361,-191.09,734.46,532.64
shot_0155,1783.8441,-184.25,702.53,537.67
shot_0155,1783.8522,-177.15,672.91,542.65
shot_0155,1783.8602,-169.38,639.43,547.92
shot_0155,1783.8682,-162.7,609.67,549.19
shot_0155,1783.8763,-157.31,580.62,549.72
shot_0155,1783.8843,-149.88,549.07,554.85
shot_0155,1783.8924,-143.93,518.51,554.49
shot_0155,1783.9004,-136.57,488.63,556.26
shot_0155,1783.9084,-130.2,457.96,557.1
shot_0155,1783.9165,-124.41,428.82,556.15
shot_0155,1783.9245,-118.31,398.13,553.28
shot_0155,1783.9326,-111.77,366.28,554.96
shot_0155,1783.9406,-106.14,337.87,547.79
shot_0155,1783.9486,-100.67,307.21,547.97
shot_0155,1783.9567,-95.69,279.02,539.55
shot_0155,1783.9647,-89.22,250.05,535.33
shot_0155,1783.9728,-83.71,220.21,529.86
shot_0155,1783.9808,-79.22,192.85,524.54
shot_0155,1783.9888,-73.49,164.47,514.86
shot_0155,1783.9969,-67.18,134.09,509.7
shot_0155,1784.0049,-63.45,107.13,499.1
shot_0155,1784.013,-58.41,78.63,489.29
shot_0155,1784.021,-54.7,50.77,477.9
shot_0155,1784.029,-49.1,23.51,465.57
shot_0155,1784.0371,-44.98,-5.15,455.94
shot_0155,1784.0451,-40.02,-32.35,442.95
shot_0155,1784.0532,-34.87,-59.93,430.85
shot_0155,1784.0612,-31.21,-87.42,414.64
shot_0155,1784.0692,-25.59,-113.49,405.23
shot_0155,1784.0773,-22.2,-141.28,387.2
shot_0155,1784.0853,-17.01,-169.29,372.65
shot_0155,1784.0934,-13.84,-195.02,353.86
shot_0155,1784.1014,-9.41,-220.87,338.04
shot_0155,1784.1094,-5.05,-249.32,320.32
shot_0155,1784.1175,-1.52,-276.73,297.98
shot_0155,1784.1255,2.31,-300.96,281.16
shot_0155,1784.1336,6.96,-326.53,269.15
shot_0155,1784.1416,10.46,-357.31,234.84
shot_0155,1784.1496,13.37,-380.09,219.79
shot_0155,1784.1577,17.2,-406.89,194.19
shot_0155,1784.1657,21.2,-430.47,178.82
shot_0155,1784.1738,24.04,-456.79,154.26
shot_0155,1784.1818,28.25,-481.42,132.22
shot_0155,1784.1898,31.21,-507.05,104.97
shot_0155,1784.1979,34.36,-530.4,83.88
shot_0155,1784.2059,37.45,-555.52,61.17
shot_0155,1784.214,42.5,-575.35,83.79
shot_0155,1784.222,45.54,-596.87,102.77
shot_0155,1784.23,50.15,-614.19,126.14
shot_0155,1784.2381,55.47,-636.59,142.03
shot_0155,1784.2461,59.46,-653.63,163.1
shot_0155,1784.2542,63.99,-675.81,178.68
shot_0155,1784.2622,67.21,-696.26,197.41
shot_0155,1784.2702,71.24,-712.67,218.36
shot_0155,1784.2783,74.92,-729.55,234.22
shot_0155,1784.2863,78.95,-747.93,255.34
shot_0155,1784.2944,82.71,-768.69,267.16
shot_0155,1784.3024,86.42,-785.16,285.56
shot_0155,1784.3104,90.51,-806.52,296.45
shot_0155,1784.3185,93.58,-821.94,314.25
shot_0155,1784.3265,96.39,-839.07,326.95
shot_0155,1784.3346,100.61,-857.68,338.54
shot_0155,1784.3426,103.84,-877.06,349.76
shot_0155,1784.3506,106.96,-896.51,357.29
shot_0155,1784.3587,110.07,-918.82,364.23
shot_0155,1784.3667,113.6,-933.8,376.31
shot_0155,1784.3748,117.21,-954.25,382.52
shot_0155,1784.3828,120.28,-965.97,399.1
shot_0155,1784.3908,122.46,-987.88,400.92
shot_0155,1784.3989,126.45,-1005.48,407.65
shot_0155,1784.4069,129.04,-1023.67,413.36
shot_0155,1784.415,130.63,-1047.66,412.94
shot_0155,1784.423,134.23,-1059.96,423.06
shot_0155,1784.431,135.78,-1076.08,427.65
shot_0155,1784.4391,139.1,-1091.68,430.15
shot_0155,1784.4471,141.98,-1111.17,431.5
shot_0155,1784.4552,144.82,-1132.51,428.19
shot_0155,1784.4632,145.44,-1148.33,428.88
shot_0155,1784.4712,148.67,-1156.3,437.8
shot_0155,1784.4793,150.9,-1176.09,435.54
shot_0155,1784.4873,154.11,-1199.33,427.86
shot_0156,1784.5114,157.5,-1234.8,423.6
shot_0156,1784.5195,158.26,-1200.57,436.34
shot_0156,1784.5275,159.78,-1165.21,448.19
shot_0156,1784.5356,159.93,-1126.46,460.85
shot_0156,1784.5436,160.86,-1095.25,468.67
shot_0156,1784.5516,160.25,-1050.95,486.51
shot_0156,1784.5597,159.21,-1018.94,493.25
shot_0156,1784.5677,161.15,-987.31,498.08
shot_0156,1784.5758,161.02,-950.01,508.23
shot_0156,1784.5838,161.86,-914.35,515.09
shot_0156,1784.5918,161.37,-877.48,522.87
shot_0156,1784.5999,162.88,-842.99,526.3
shot_0156,1784.6079,162.81,-809.32,530.53
shot_0156,1784.616,162.78,-773.62,536.53
shot_0156,1784.624,164.06,-739.67,539.23
shot_0156,1784.632,165.16,-705.78,540.95
shot_0156,1784.6401,165.17,-673.31,539.7
shot_0156,1784.6481,165.68,-636.4,542.57
shot_0156,1784.6562,167.5,-607.04,537.95
shot_0156,1784.6642,167.06,-571.7,542.66
shot_0156,1784.6722,167.22,-536.7,541.27
shot_0156,1784.6803,167.87,-505.68,539.44
shot_0156,1784.6883,169.24,-473.45,536.01
shot_0156,1784.6964,171.04,-440.8,530.92
shot_0156,1784.7044,170.9,-410.39,524.36
shot_0156,1784.7124,171.84,-377.37,521.0
shot_0156,1784.7205,172.16,-344.08,518.59
shot_0156,1784.7285,173.01,-313.11,511.88
shot_0156,1784.7366,173.66,-281.97,506.99
shot_0156,1784.7446,175.1,-250.72,497.05
shot_0156,1784.7527,175.37,-218.39,491.35
shot_0156,1784.7607,175.86,-189.83,480.12
shot_0156,1784.7687,177.29,-158.6,470.77
shot_0156,1784.7768,178.34,-127.4,461.84
shot_0156,1784.7848,178.97,-97.41,450.42
shot_0156,1784.7929,180.12,-67.47,436.27
shot_0156,1784.8009,180.39,-38.0,426.4
shot_0156,1784.8089,180.7,-8.62,413.87
shot_0156,1784.817,181.71,20.98,400.71
shot_0156,1784.825,183.21,50.38,384.21
shot_0156,1784.8331,183.32,81.22,368.44
shot_0156,1784.8411,184.5,109.72,350.14
shot_0156,1784.8491,186.01,139.27,332.75
shot_0156,1784.8572,187.03,166.25,315.09
shot_0156,1784.8652,186.81,194.65,297.18
shot_0156,1784.8733,187.99,223.15,279.47
shot_0156,1784.8813,187.95,250.53,260.74
shot_0156,1784.8893,188.98,276.88,241.22
shot_0156,1784.8974,189.43,305.87,218.49
shot_0156,1784.9054,190.76,334.26,192.73
shot_0156,1784.9135,190.61,357.22,180.2
shot_0156,1784.9215,192.18,385.27,158.58
shot_0156,1784.9295,192.11,413.31,128.9
shot_0156,1784.9376,191.86,438.53,109.79
shot_0156,1784.9456,191.77,466.33,78.25
shot_0156,1784.9537,193.78,490.83,56.51
shot_0156,1784.9617,194.46,512.42,39.49
shot_0156,1784.9697,196.16,539.5,30.35
shot_0156,1784.9778,200.68,561.01,55.22
shot_0156,1784.9858,204.04,581.6,76.19
shot_0156,1784.9939,208.22,605.06,93.43
shot_0156,1785.0019,212.72,623.27,119.93
shot_0156,1785.0099,216.85,642.83,140.8
shot_0156,1785.018,221.22,668.23,151.22
shot_0156,1785.026,225.28,687.83,172.62
shot_0156,1785.0341,230.16,710.44,188.15
shot_0156,1785.0421,234.74,731.31,201.29
shot_0156,1785.0501,237.44,747.97,223.92
shot_0156,1785.0582,241.68,770.25,236.38
shot_0156,1785.0662,246.32,788.92,255.82
shot_0156,1785.0743,249.44,809.1,266.95
shot_0156,1785.0823,254.74,832.73,273.98
shot_0156,1785.0903,258.89,851.84,285.45
shot_0156,1785.0984,262.18,873.02,299.56
shot_0156,1785.1064,266.26,894.65,308.48
shot_0156,1785.1145,269.76,914.72,314.57
shot_0156,1785.1225,274.48,934.4,325.4
shot_0156,1785.1305,277.14,951.61,334.03
shot_0156,1785.1386,281.28,972.77,341.06
shot_0156,1785.1466,284.03,992.81,346.6
shot_0156,1785.1547,289.74,1010.12,353.7
shot_0156,1785.1627,293.23,1031.88,354.9
shot_0156,1785.1707,296.18,1047.02,362.92
shot_0156,1785.1788,299.41,1066.25,367.36
shot_0156,1785.1868,303.85,1088.05,369.13
shot_0156,1785.1949,305.65,1101.51,374.77
shot_0156,1785.2029,309.91,1122.82,376.04
shot_0156,1785.2109,315.53,1148.36,370.55
shot_0156,1785.219,319.04,1167.5,369.67
shot_0156,1785.227,321.6,1186.76,371.84
shot_0156,1785.2351,325.36,1205.77,372.2
shot_0156,1785.2431,328.59,1220.43,373.5
shot_0156,1785.2511,331.17,1239.14,371.97
shot_0156,1785.2592,336.28,1258.65,368.85
shot_0156,1785.2672,339.79,1276.75,369.74
shot_0156,1785.2753,344.01,1302.08,360.35
shot_0156,1785.2833,345.96,1310.97,366.85
shot_0156,1785.2913,348.85,1326.55,368.49
shot_0156,1785.2994,352.42,1347.0,362.19
shot_0156,1785.3074,356.35,1368.66,354.38
shot_0157,1785.3235,356.54,1370.88,359.71
shot_0157,1785.3315,342.07,1340.3,360.11
shot_0157,1785.3396,328.18,1289.62,373.68
shot_0157,1785.3476,316.31,1251.99,379.66
shot_0157,1785.3557,302.02,1201.59,397.23
shot_0157,1785.3637,289.63,1167.07,399.83
shot_0157,1785.3717,275.84,1114.2,423.48
shot_0157,1785.3798,264.6,1077.68,429.35
shot_0157,1785.3878,251.71,1032.98,442.21
shot_0157,1785.3959,241.07,992.05,453.54
shot_0157,1785.4039,228.02,949.93,462.58
shot_0157,1785.4119,215.94,911.09,472.02
shot_0157,1785.42,204.58,864.13,487.81
shot_0157,1785.428,193.21,821.37,497.97
shot_0157,1785.4361,181.39,780.65,506.03
shot_0157,1785.4441,171.01,744.61,507.58
shot_0157,1785.4521,159.96,700.01,518.96
shot_0157,1785.4602,149.98,660.97,524.45
shot_0157,1785.4682,138.29,623.03,526.87
shot_0157,1785.4763,128.79,584.54,528.27
shot_0157,1785.4843,118.08,543.54,536.56
shot_0157,1785.4923,107.96,502.65,539.81
shot_0157,1785.5004,97.53,464.69,543.11
shot_0157,1785.5084,88.76,426.58,546.05
shot_0157,1785.5165,78.58,387.2,550.34
shot_0157,1785.5245,67.97,348.6,552.28
shot_0157,1785.5325,59.29,309.46,552.82
shot_0157,1785.5406,49.72,272.19,552.05
shot_0157,1785.5486,40.91,235.39,552.25
shot_0157,1785.5567,31.41,196.37,552.73
shot_0157,1785.5647,22.61,160.88,551.83
shot_0157,1785.5727,13.88,123.28,551.05
shot_0157,1785.5808,5.65,88.3,547.59
shot_0157,1785.5888,-2.99,50.36,546.94
shot_0157,1785.5969,-11.03,14.41,540.82
shot_0157,1785.6049,-19.11,-20.77,536.98
shot_0157,1785.6129,-28.46,-58.39,529.92
shot_0157,1785.621,-34.95,-91.75,526.21
shot_0157,1785.629,-43.52,-127.95,515.54
shot_0157,1785.6371,-51.14,-163.29,511.36
shot_0157,1785.6451,-58.64,-200.31,504.07
shot_0157,1785.6531,-65.65,-233.55,497.29
shot_0157,1785.6612,-73.47,-269.65,487.19
shot_0157,1785.6692,-80.72,-304.8,475.77
shot_0157,1785.6773,-87.0,-337.32,469.02
shot_0157,1785.6853,-95.41,-373.57,454.43
shot_0157,1785.6933,-102.11,-408.97,444.0
shot_0157,1785.7014,-109.08,-443.84,430.4
shot_0157,1785.7094,-117.03,-478.12,418.71
shot_0157,1785.7175,-122.77,-514.44,402.83
shot_0157,1785.7255,-129.1,-547.4,391.25
shot_0157,1785.7335,-135.47,-581.07,382.46
shot_0157,1785.7416,-141.64,-614.31,365.43
shot_0157,1785.7496,-148.04,-648.74,352.48
shot_0157,1785.7577,-156.35,-687.96,326.33
shot_0157,1785.7657,-162.05,-718.84,313.9
shot_0157,1785.7737,-165.66,-750.56,304.23
shot_0157,1785.7818,-170.96,-781.87,288.24
shot_0157,1785.7898,-178.46,-819.48,265.62
shot_0157,1785.7979,-184.29,-853.93,245.56
shot_0157,1785.8059,-189.62,-884.59,230.49
shot_0157,1785.8139,-192.85,-916.48,214.27
shot_0157,1785.822,-201.36,-956.35,182.7
shot_0157,1785.83,-204.55,-984.21,167.58
shot_0157,1785.8381,-209.7,-1009.36,153.47
shot_0157,1785.8461,-213.59,-1046.28,131.04
shot_0157,1785.8541,-220.46,-1086.18,100.48
shot_0157,1785.8622,-223.75,-1111.41,85.77
shot_0157,1785.8702,-229.68,-1147.76,57.83
shot_0157,1785.8783,-230.49,-1172.45,72.91
shot_0157,1785.8863,-228.59,-1197.9,97.49
shot_0157,1785.9024,-228.63,-1252.95,132.73
shot_0157,1785.9104,-228.14,-1278.82,151.81
shot_0157,1785.9185,-223.83,-1297.62,176.84
shot_0157,1785.9265,-223.9,-1322.3,190.65
shot_0157,1785.9345,-225.12,-1353.3,201.05
shot_0157,1785.9426,-224.95,-1373.52,216.71
shot_0157,1785.9506,-226.38,-1402.21,224.64
shot_0157,1785.9587,-221.77,-1423.82,243.09
shot_0157,1785.9667,-223.18,-1451.14,257.87
shot_0157,1785.9747,-223.58,-1476.32,266.9
shot_0157,1785.9828,-218.45,-1485.39,288.05
shot_0157,1785.9908,-218.98,-1514.85,296.51
shot_0157,1785.9989,-219.83,-1538.74,309.26
shot_0157,1786.0069,-223.3,-1587.47,299.39
shot_0157,1786.0149,-221.48,-1605.64,312.98
shot_0157,1786.023,-218.1,-1613.16,335.41
shot_0157,1786.031,-217.9,-1637.92,344.75
shot_0157,1786.0391,-219.44,-1671.02,348.95
shot_0157,1786.0471,-217.6,-1686.13,365.73
shot_0158,1792.5917,207.75,-1327.91,321.44
shot_0158,1792.5998,210.02,-1302.14,333.86
shot_0158,1792.6078,213.99,-1259.8,356.29
shot_0158,1792.6158,218.33,-1230.03,368.19
shot_0158,1792.6239,220.97,-1183.12,393.57
shot_0158,1792.6319,224.02,-1145.97,410.24
shot_0158,1792.64,227.52,-1108.53,426.83
shot_0158,1792.648,230.46,-1069.45,444.26
shot_0158,1792.656,233.28,-1030.34,460.73
shot_0158,1792.6641,236.72,-999.17,469.32
shot_0158,1792.6721,239.17,-963.28,481.18
shot_0158,1792.6802,241.64,-921.9,497.16
shot_0158,1792.6882,244.79,-888.65,503.91
shot_0158,1792.6962,246.53,-852.84,514.51
shot_0158,1792.7043,248.92,-814.38,525.31
shot_0158,1792.7123,251.38,-778.85,534.64
shot_0158,1792.7204,252.73,-741.43,543.01
shot_0158,1792.7284,254.97,-707.22,547.19
shot_0158,1792.7364,256.45,-669.65,555.51
shot_0158,1792.7445,257.83,-633.84,562.18
shot_0158,1792.7525,260.25,-600.95,563.87
shot_0158,1792.7606,261.58,-564.59,569.98
shot_0158,1792.7686,263.13,-530.87,572.01
shot_0158,1792.7766,263.85,-494.97,574.74
shot_0158,1792.7847,264.95,-460.68,577.08
shot_0158,1792.7927,266.36,-423.93,579.5
shot_0158,1792.8008,268.47,-391.97,577.92
shot_0158,1792.8088,268.57,-356.42,577.2
shot_0158,1792.8168,268.98,-323.35,575.11
shot_0158,1792.8249,270.14,-291.16,574.32
shot_0158,1792.8329,271.15,-256.12,570.96
shot_0158,1792.841,271.59,-223.36,566.74
shot_0158,1792.849,272.81,-190.51,563.57
shot_0158,1792.857,272.77,-156.27,559.92
shot_0158,1792.8651,273.68,-123.54,556.24
shot_0158,1792.8731,273.85,-92.54,548.66
shot_0158,1792.8812,274.83,-59.73,540.77
shot_0158,1792.8892,274.97,-27.81,532.91
shot_0158,1792.8972,276.27,4.0,520.26
shot_0158,1792.9053,275.46,35.77,515.37
shot_0158,1792.9133,275.92,67.47,503.14
shot_0158,1792.9214,275.05,98.26,494.08
shot_0158,1792.9294,276.22,129.93,480.66
shot_0158,1792.9374,275.87,160.84,467.61
shot_0158,1792.9455,276.84,190.45,457.87
shot_0158,1792.9535,275.79,219.88,445.19
shot_0158,1792.9616,275.99,252.23,426.46
shot_0158,1792.9696,275.74,280.06,414.47
shot_0158,1792.9776,276.39,309.91,397.89
shot_0158,1792.9857,275.95,340.67,379.55
shot_0158,1792.9937,275.02,368.82,366.98
shot_0158,1793.0018,275.17,397.29,348.04
shot_0158,1793.0098,274.68,427.21,327.89
shot_0158,1793.0178,274.28,456.6,306.98
shot_0158,1793.0259,273.64,482.82,296.28
shot_0158,1793.0339,273.19,510.04,273.95
shot_0158,1793.042,272.63,540.06,247.52
shot_0158,1793.05,271.62,564.14,236.76
shot_0158,1793.058,270.71,589.87,215.31
shot_0158,1793.0661,270.22,623.84,181.64
shot_0158,1793.0741,269.58,647.03,163.29
shot_0158,1793.0822,268.62,672.08,144.09
shot_0158,1793.0902,267.83,701.98,114.32
shot_0158,1793.0982,267.11,724.5,92.45
shot_0158,1793.1063,266.33,754.99,60.74
shot_0158,1793.1143,265.53,778.82,35.22
shot_0158,1793.1224,264.88,801.34,14.57
shot_0158,1793.1304,265.87,828.87,23.01
shot_0158,1793.1384,266.84,854.53,49.55
shot_0158,1793.1465,266.4,874.32,74.75
shot_0158,1793.1545,268.07,893.99,100.93
shot_0158,1793.1626,267.65,920.13,119.26
shot_0158,1793.1706,268.36,944.8,138.53
shot_0158,1793.1786,268.97,967.86,156.89
shot_0158,1793.1867,267.87,994.85,171.25
shot_0158,1793.1947,267.18,1013.88,194.59
shot_0158,1793.2028,267.81,1039.3,205.13
shot_0158,1793.2108,267.35,1061.51,222.88
shot_0158,1793.2188,268.15,1084.96,236.39
shot_0158,1793.2269,266.62,1104.08,251.33
shot_0158,1793.2349,264.86,1126.69,265.83
shot_0158,1793.243,266.32,1151.4,274.03
shot_0158,1793.251,265.27,1177.02,282.03
shot_0158,1793.259,265.14,1197.46,295.93
shot_0158,1793.2671,263.97,1218.06,307.3
shot_0158,1793.2751,263.81,1245.64,312.38
shot_0158,1793.2832,262.27,1268.54,320.65
shot_0158,1793.2912,261.83,1289.83,331.41
shot_0158,1793.2992,261.43,1306.34,344.28
shot_0158,1793.3073,261.79,1334.22,349.9
shot_0158,1793.3153,261.51,1351.92,363.41
shot_0158,1793.3234,261.69,1378.25,373.76
shot_0158,1793.3314,259.03,1394.17,390.1
shot_0159,1793.3394,257.33,1408.36,401.2
shot_0159,1793.3475,254.33,1374.75,406.66
shot_0159,1793.3555,247.61,1326.47,409.18
shot_0159,1793.3636,242.26,1282.53,413.06
shot_0159,1793.3716,237.02,1237.97,418.23
shot_0159,1793.3796,232.65,1196.47,422.15
shot_0159,1793.3877,227.08,1149.08,432.38
shot_0159,1793.3957,222.28,1106.79,440.22
shot_0159,1793.4038,217.99,1058.39,449.28
shot_0159,1793.4118,213.39,1013.67,460.26
shot_0159,1793.4198,209.63,962.79,473.68
shot_0159,1793.4279,205.8,924.8,475.55
shot_0159,1793.4359,201.48,883.78,482.77
shot_0159,1793.444,197.92,839.25,488.1
shot_0159,1793.452,195.0,799.85,490.94
shot_0159,1793.46,191.16,755.06,498.11
shot_0159,1793.4681,188.25,711.28,503.67
shot_0159,1793.4761,184.27,669.42,505.9
shot_0159,1793.4842,181.3,627.98,507.51
shot_0159,1793.4922,178.42,587.76,508.5
shot_0159,1793.5002,174.97,546.92,508.79
shot_0159,1793.5083,172.13,505.99,510.99
shot_0159,1793.5163,169.17,463.84,512.34
shot_0159,1793.5244,166.39,427.3,505.17
shot_0159,1793.5324,164.08,385.55,508.51
shot_0159,1793.5404,162.03,344.77,505.84
shot_0159,1793.5485,158.03,302.99,510.17
shot_0159,1793.5565,156.23,266.37,501.21
shot_0159,1793.5646,154.57,224.51,499.73
shot_0159,1793.5726,153.41,188.4,495.5
shot_0159,1793.5806,150.72,147.72,493.35
shot_0159,1793.5887,148.98,110.72,485.95
shot_0159,1793.5967,147.64,72.28,485.01
shot_0159,1793.6048,146.09,33.43,472.38
shot_0159,1793.6128,143.72,-4.59,468.5
shot_0159,1793.6208,143.02,-42.86,458.44
shot_0159,1793.6289,141.04,-80.08,451.34
shot_0159,1793.6369,140.0,-117.63,441.97
shot_0159,1793.645,139.2,-155.28,431.82
shot_0159,1793.653,138.49,-191.97,424.46
shot_0159,1793.661,136.97,-229.71,414.55
shot_0159,1793.6691,136.38,-264.85,400.15
shot_0159,1793.6771,135.44,-303.58,388.88
shot_0159,1793.6852,134.06,-338.48,378.56
shot_0159,1793.6932,133.94,-377.74,358.97
shot_0159,1793.7012,134.09,-411.46,350.35
shot_0159,1793.7093,133.7,-446.05,336.67
shot_0159,1793.7173,133.79,-484.3,320.16
shot_0159,1793.7254,133.72,-519.65,302.77
shot_0159,1793.7334,132.54,-556.47,287.17
shot_0159,1793.7414,133.27,-588.66,276.72
shot_0159,1793.7495,133.2,-626.58,251.85
shot_0159,1793.7575,133.31,-658.98,240.5
shot_0159,1793.7656,133.36,-697.49,217.18
shot_0159,1793.7736,133.6,-728.61,205.14
shot_0159,1793.7816,133.05,-764.83,180.81
shot_0159,1793.7897,134.74,-798.0,163.82
shot_0159,1793.7977,134.73,-835.3,138.91
shot_0159,1793.8058,135.87,-866.13,124.63
shot_0159,1793.8138,137.21,-896.79,106.82
shot_0159,1793.8218,137.42,-929.96,86.23
shot_0159,1793.8299,138.32,-966.16,61.39
shot_0159,1793.8379,140.87,-1000.17,56.48
shot_0159,1793.846,144.17,-1026.04,79.26
shot_0159,1793.854,148.77,-1048.64,106.31
shot_0159,1793.862,153.1,-1075.22,125.69
shot_0159,1793.8701,155.51,-1101.74,141.69
shot_0159,1793.8781,159.3,-1128.4,161.51
shot_0159,1793.8862,162.41,-1153.83,179.38
shot_0159,1793.8942,166.06,-1185.91,188.82
shot_0159,1793.9022,169.03,-1204.5,211.38
shot_0159,1793.9103,173.15,-1228.69,229.29
shot_0159,1793.9183,176.5,-1253.36,243.31
shot_0159,1793.9264,180.2,-1280.27,252.13
shot_0159,1793.9344,183.27,-1295.0,274.53
shot_0159,1793.9424,186.2,-1329.05,275.55
shot_0159,1793.9505,191.29,-1350.03,287.67
shot_0159,1793.9585,193.48,-1367.61,301.11
shot_0159,1793.9666,197.02,-1410.58,302.53
shot_0159,1793.9746,201.55,-1424.68,324.16
shot_0159,1793.9826,205.01,-1446.63,328.01
shot_0159,1793.9907,206.19,-1471.99,334.17
shot_0159,1793.9987,208.37,-1496.08,340.9
shot_0159,1794.0068,213.3,-1514.58,352.93
shot_0159,1794.0148,216.77,-1546.12,352.32
shot_0159,1794.0228,219.67,-1567.07,361.44
shot_0159,1794.0309,224.1,-1587.28,370.48
shot_0159,1794.0389,228.21,-1611.49,379.42
shot_0159,1794.047,232.08,-1643.51,377.42
shot_0159,1794.055,234.74,-1669.69,383.19
shot_0160,1794.1836,258.99,-1661.87,472.11
shot_0160,1794.1917,255.57,-1618.86,469.75
shot_0160,1794.1997,249.59,-1549.57,485.95
shot_0160,1794.2078,247.36,-1519.33,480.65
shot_0160,1794.2158,244.43,-1461.59,494.09
shot_0160,1794.2238,241.13,-1416.67,499.51
shot_0160,1794.2319,237.96,-1372.47,504.75
shot_0160,1794.2399,234.15,-1332.94,508.61
shot_0160,1794.248,230.65,-1291.81,511.87
shot_0160,1794.256,226.9,-1241.18,521.97
shot_0160,1794.264,224.94,-1206.76,524.19
shot_0160,1794.2721,220.05,-1153.46,533.15
shot_0160,1794.2801,217.05,-1112.73,531.58
shot_0160,1794.2882,214.09,-1076.15,532.53
shot_0160,1794.2962,210.36,-1035.97,534.02
shot_0160,1794.3042,207.52,-998.78,532.45
shot_0160,1794.3123,203.28,-955.21,535.46
shot_0160,1794.3203,200.38,-917.58,530.04
shot_0160,1794.3284,196.34,-874.04,532.1
shot_0160,1794.3364,192.35,-835.76,525.39
shot_0160,1794.3444,189.41,-794.82,523.07
shot_0160,1794.3525,185.84,-757.2,516.15
shot_0160,1794.3605,182.4,-719.56,509.33
shot_0160,1794.3686,177.66,-677.84,504.53
shot_0160,1794.3766,175.04,-640.37,494.93
shot_0160,1794.3846,171.95,-600.21,489.88
shot_0160,1794.3927,167.53,-559.02,483.89
shot_0160,1794.4007,164.01,-525.85,470.92
shot_0160,1794.4088,160.35,-488.25,460.97
shot_0160,1794.4168,156.98,-449.66,452.12
shot_0160,1794.4248,153.71,-411.71,442.24
shot_0160,1794.4329,148.45,-377.63,427.19
shot_0160,1794.4409,145.06,-338.51,418.59
shot_0160,1794.449,141.48,-302.17,402.05
shot_0160,1794.457,137.27,-268.12,387.87
shot_0160,1794.465,132.86,-231.45,377.01
shot_0160,1794.4731,128.78,-195.6,358.78
shot_0160,1794.4811,124.86,-159.7,345.49
shot_0160,1794.4892,120.87,-125.44,328.3
shot_0160,1794.4972,116.17,-91.78,309.97
shot_0160,1794.5052,111.76,-56.16,291.38
shot_0160,1794.5133,106.8,-22.64,276.4
shot_0160,1794.5213,102.64,10.33,246.55
shot_0160,1794.5294,98.8,43.63,233.5
shot_0160,1794.5374,94.51,78.63,208.82
shot_0160,1794.5454,89.77,110.42,194.54
shot_0160,1794.5535,86.4,143.27,166.49
shot_0160,1794.5615,80.61,173.91,148.65
shot_0160,1794.5696,77.13,206.89,123.63
shot_0160,1794.5776,71.9,237.5,98.13
shot_0160,1794.5856,67.5,270.45,68.16
shot_0160,1794.5937,63.4,301.17,48.97
shot_0160,1794.6017,61.21,333.92,48.57
shot_0160,1794.6098,61.26,371.62,69.62
shot_0160,1794.6178,62.12,407.94,89.38
shot_0160,1794.6259,61.53,444.11,113.1
shot_0160,1794.6339,60.6,482.66,124.82
shot_0160,1794.6419,60.28,516.47,140.39
shot_0160,1794.65,61.51,552.82,157.47
shot_0160,1794.658,60.55,587.81,169.87
shot_0160,1794.6661,61.05,622.67,183.4
shot_0160,1794.6741,59.68,660.31,192.61
shot_0160,1794.6821,60.87,691.4,209.3
shot_0160,1794.6902,59.77,724.76,225.68
shot_0160,1794.6982,60.54,759.99,233.29
shot_0160,1794.7063,59.63,795.27,242.8
shot_0160,1794.7143,59.97,832.72,246.21
shot_0160,1794.7223,59.9,857.71,264.1
shot_0160,1794.7304,60.22,897.78,266.96
shot_0160,1794.7384,58.92,931.83,273.84
shot_0160,1794.7465,58.69,967.91,273.38
shot_0160,1794.7545,57.82,998.76,283.84
shot_0160,1794.7625,57.11,1037.73,279.27
shot_0160,1794.7706,56.38,1074.36,283.36
shot_0160,1794.7786,55.0,1095.81,295.42
shot_0160,1794.7867,54.21,1130.36,293.47
shot_0160,1794.7947,54.43,1157.07,297.93
shot_0160,1794.8027,53.19,1193.71,294.95
shot_0160,1794.8108,51.9,1225.06,294.82
shot_0160,1794.8188,51.01,1262.76,290.67
shot_0160,1794.8269,50.65,1292.77,292.17
shot_0160,1794.8349,49.77,1320.47,291.06
shot_0160,1794.8429,50.63,1349.06,290.77
shot_0160,1794.851,48.83,1382.37,285.53
shot_0161,1794.859,46.7,1416.63,277.96
shot_0161,1794.8671,37.48,1380.54,295.73
shot_0161,1794.8751,23.5,1344.99,303.15
shot_0161,1794.8831,11.13,1309.72,306.46
shot_0161,1794.8912,-0.7,1270.92,318.63
shot_0161,1794.8992,-12.54,1230.41,330.63
shot_0161,1794.9073,-25.05,1181.4,343.89
shot_0161,1794.9153,-35.24,1141.44,357.96
shot_0161,1794.9233,-48.7,1109.39,358.59
shot_0161,1794.9314,-61.23,1075.56,362.72
shot_0161,1794.9394,-70.39,1034.48,377.28
shot_0161,1794.9475,-81.25,994.47,386.32
shot_0161,1794.9555,-93.96,959.0,386.84
shot_0161,1794.9635,-103.58,919.71,395.18
shot_0161,1794.9716,-114.58,883.78,399.52
shot_0161,1794.9796,-125.32,845.81,404.14
shot_0161,1794.9877,-135.8,807.68,408.3
shot_0161,1794.9957,-147.87,772.15,408.43
shot_0161,1795.0037,-157.91,731.63,414.96
shot_0161,1795.0118,-168.11,696.23,415.78
shot_0161,1795.0198,-179.46,659.77,414.22
shot_0161,1795.0279,-188.44,623.21,416.46
shot_0161,1795.0359,-199.65,586.18,417.14
shot_0161,1795.0439,-210.2,551.05,413.18
shot_0161,1795.052,-220.77,517.74,407.77
shot_0161,1795.06,-228.92,477.13,413.29
shot_0161,1795.0681,-239.07,442.52,408.39
shot_0161,1795.0761,-248.93,406.98,405.95
shot_0161,1795.0841,-257.87,372.07,401.92
shot_0161,1795.1002,-277.21,303.65,389.99
shot_0161,1795.1083,-286.39,266.99,386.49
shot_0161,1795.1163,-296.86,236.36,377.02
shot_0161,1795.1243,-305.04,200.84,369.97
shot_0161,1795.1324,-315.1,166.35,361.36
shot_0161,1795.1404,-321.95,131.11,357.69
shot_0161,1795.1485,-333.44,99.28,342.97
shot_0161,1795.1565,-341.87,64.36,332.96
shot_0161,1795.1645,-349.04,30.39,325.93
shot_0161,1795.1726,-358.73,-2.64,312.81
shot_0161,1795.1806,-368.64,-36.44,300.92
shot_0161,1795.1887,-374.21,-70.75,295.18
shot_0161,1795.1967,-384.51,-102.6,275.27
shot_0161,1795.2047,-393.93,-136.68,257.47
shot_0161,1795.2128,-400.33,-170.29,250.65
shot_0161,1795.2208,-408.27,-203.6,234.88
shot_0161,1795.2289,-414.78,-234.09,221.99
shot_0161,1795.2369,-424.47,-268.71,202.06
shot_0161,1795.2449,-429.42,-298.71,189.99
shot_0161,1795.253,-438.5,-331.56,171.48
shot_0161,1795.261,-448.58,-365.65,146.68
shot_0161,1795.2691,-454.34,-396.46,131.56
shot_0161,1795.2851,-470.72,-462.17,88.1
shot_0161,1795.2932,-478.37,-493.67,67.56
shot_0161,1795.3012,-477.42,-518.47,84.6
shot_0161,1795.3093,-481.3,-544.59,100.28
shot_0161,1795.3173,-481.2,-569.53,122.59
shot_0161,1795.3253,-486.99,-595.13,135.8
shot_0161,1795.3334,-492.1,-623.8,147.11
shot_0161,1795.3414,-494.26,-650.77,161.31
shot_0161,1795.3495,-495.81,-675.02,179.73
shot_0161,1795.3575,-498.85,-699.94,191.12
shot_0161,1795.3655,-497.65,-721.24,212.93
shot_0161,1795.3736,-500.57,-747.23,222.72
shot_0161,1795.3816,-502.66,-770.65,237.41
shot_0161,1795.3897,-510.39,-801.02,238.59
shot_0161,1795.3977,-511.76,-825.35,249.6
shot_0161,1795.4057,-516.48,-849.39,258.18
shot_0161,1795.4138,-518.85,-876.23,263.75
shot_0161,1795.4218,-522.35,-901.79,271.34
shot_0161,1795.4299,-529.07,-931.53,274.77
shot_0161,1795.4379,-527.38,-949.87,288.16
shot_0161,1795.4459,-531.93,-979.4,289.34
shot_0161,1795.454,-533.9,-1000.04,297.1
shot_0161,1795.462,-534.17,-1022.36,304.02
shot_0161,1795.4701,-535.9,-1042.21,312.12
shot_0161,1795.4781,-543.6,-1076.71,304.77
shot_0161,1795.4861,-545.09,-1099.74,308.41
shot_0161,1795.4942,-544.26,-1119.49,317.3
shot_0161,1795.5022,-550.04,-1147.14,314.11
shot_0161,1795.5183,-555.07,-1194.0,313.21
shot_0162,1797.8017,75.37,1403.47,319.77
shot_0162,1797.8097,66.5,1368.89,338.95
shot_0162,1797.8178,56.42,1335.69,351.71
shot_0162,1797.8258,48.32,1287.79,377.45
shot_0162,1797.8338,40.2,1252.91,394.74
shot_0162,1797.8419,31.01,1208.59,417.19
shot_0162,1797.8499,23.37,1176.73,429.94
shot_0162,1797.858,15.71,1143.13,443.29
shot_0162,1797.866,5.63,1101.36,462.9
shot_0162,1797.874,-0.66,1060.89,481.09
shot_0162,1797.8821,-8.37,1032.08,485.83
shot_0162,1797.8901,-16.73,1001.14,497.08
shot_0162,1797.8982,-24.16,959.73,516.16
shot_0162,1797.9062,-31.14,926.07,527.63
shot_0162,1797.9142,-38.64,893.5,536.16
shot_0162,1797.9223,-45.51,858.8,547.63
shot_0162,1797.9303,-53.34,822.45,557.23
shot_0162,1797.9384,-60.41,790.13,566.63
shot_0162,1797.9464,-67.01,756.44,573.34
shot_0162,1797.9544,-73.86,721.56,581.53
shot_0162,1797.9625,-80.16,685.12,591.71
shot_0162,1797.9705,-88.49,653.13,594.5
shot_0162,1797.9786,-93.83,620.16,598.89
shot_0162,1797.9866,-99.87,584.32,606.93
shot_0162,1797.9946,-106.84,552.53,611.01
shot_0162,1798.0027,-112.81,518.55,615.5
shot_0162,1798.0107,-116.86,484.7,620.27
shot_0162,1798.0188,-124.71,452.6,620.27
shot_0162,1798.0268,-129.53,418.74,624.02
shot_0162,1798.0348,-135.72,388.06,624.02
shot_0162,1798.0429,-141.31,355.07,623.87
shot_0162,1798.0509,-145.48,321.82,627.25
shot_0162,1798.059,-154.16,290.32,620.22
shot_0162,1798.067,-159.47,260.85,617.13
shot_0162,1798.075,-163.02,227.68,619.38
shot_0162,1798.0831,-169.16,194.67,614.91
shot_0162,1798.0911,-173.35,164.19,610.84
shot_0162,1798.0992,-179.73,133.39,606.88
shot_0162,1798.1072,-185.87,101.94,598.66
shot_0162,1798.1152,-190.42,70.25,592.17
shot_0162,1798.1233,-194.43,39.39,588.61
shot_0162,1798.1313,-200.38,8.67,578.41
shot_0162,1798.1394,-203.68,-22.06,572.45
shot_0162,1798.1474,-209.14,-53.22,562.53
shot_0162,1798.1554,-215.13,-83.4,550.75
shot_0162,1798.1635,-218.2,-113.47,543.03
shot_0162,1798.1715,-222.8,-142.74,532.07
shot_0162,1798.1796,-226.89,-173.59,522.73
shot_0162,1798.1876,-232.31,-205.14,507.69
shot_0162,1798.1956,-235.24,-233.61,497.23
shot_0162,1798.2037,-238.51,-264.07,486.93
shot_0162,1798.2117,-243.79,-294.61,467.83
shot_0162,1798.2198,-246.67,-321.4,457.79
shot_0162,1798.2278,-252.61,-352.72,435.4
shot_0162,1798.2358,-255.78,-379.85,422.75
shot_0162,1798.2439,-260.63,-411.1,404.84
shot_0162,1798.2519,-265.41,-442.17,382.05
shot_0162,1798.26,-266.94,-469.14,371.1
shot_0162,1798.268,-269.4,-494.62,355.53
shot_0162,1798.276,-275.26,-527.03,330.97
shot_0162,1798.2841,-277.28,-553.64,313.47
shot_0162,1798.2921,-281.36,-582.64,290.54
shot_0162,1798.3002,-285.32,-611.48,270.94
shot_0162,1798.3082,-289.75,-641.35,246.04
shot_0162,1798.3162,-292.03,-667.68,226.62
shot_0162,1798.3243,-293.66,-694.43,206.89
shot_0162,1798.3323,-298.8,-723.61,178.31
shot_0162,1798.3404,-301.39,-748.91,160.26
shot_0162,1798.3484,-302.72,-776.41,136.94
shot_0162,1798.3564,-308.14,-807.0,105.91
shot_0162,1798.3645,-310.08,-831.63,82.0
shot_0162,1798.3725,-312.94,-858.11,66.07
shot_0162,1798.3806,-306.89,-873.59,101.18
shot_0162,1798.3886,-303.1,-892.98,126.27
shot_0162,1798.3966,-303.09,-919.92,142.39
shot_0162,1798.4047,-298.31,-936.63,167.64
shot_0162,1798.4127,-298.0,-959.96,185.41
shot_0162,1798.4208,-293.81,-981.86,204.7
shot_0162,1798.4288,-293.03,-1000.98,223.96
shot_0162,1798.4368,-289.85,-1023.24,238.41
shot_0162,1798.4449,-285.73,-1040.54,261.17
shot_0162,1798.4529,-283.64,-1060.5,275.23
shot_0162,1798.461,-279.44,-1080.62,295.2
shot_0162,1798.469,-279.07,-1103.66,306.27
shot_0162,1798.477,-276.54,-1128.53,317.93
shot_0162,1798.4851,-273.19,-1145.93,334.04
shot_0162,1798.4931,-270.31,-1157.69,353.65
shot_0162,1798.5012,-266.65,-1179.2,364.53
shot_0162,1798.5092,-265.43,-1204.38,370.92
shot_0162,1798.5172,-261.59,-1214.64,387.26
shot_0162,1798.5253,-258.13,-1235.3,398.04
shot_0162,1798.5333,-255.33,-1255.7,404.91
shot_0162,1798.5414,-252.8,-1278.01,413.39
shot_0162,1798.5494,-251.23,-1302.96,417.54
shot_0162,1798.5574,-246.12,-1312.03,434.84
shot_0162,1798.5655,-243.45,-1328.74,443.78
shot_0162,1798.5735,-240.95,-1345.44,451.6
shot_0162,1798.5816,-237.95,-1363.13,459.57
shot_0162,1798.5896,-236.48,-1386.67,463.27
shot_0162,1798.5976,-233.83,-1402.81,467.73
shot_0162,1798.6057,-233.67,-1427.88,469.83
shot_0162,1798.6137,-232.35,-1448.37,472.44
shot_0162,1798.6298,-226.43,-1481.15,485.98
shot_0162,1798.6378,-222.95,-1489.65,497.78
shot_0162,1798.6459,-218.63,-1505.14,500.47
shot_0162,1798.6539,-217.25,-1526.1,504.35
shot_0162,1798.662,-215.11,-1543.31,511.66
shot_0162,1798.67,-214.21,-1562.79,511.16
shot_0162,1798.678,-212.15,-1578.06,517.2
shot_0162,1798.6861,-210.17,-1590.21,526.4
shot_0162,1798.6941,-207.05,-1612.0,526.55
shot_0162,1798.7022,-206.78,-1640.16,524.04
shot_0162,1798.7102,-204.18,-1648.73,531.08
shot_0162,1798.7182,-201.41,-1672.06,532.51
shot_0162,1798.7263,-201.7,-1699.51,531.03
shot_0163,1808.5834,160.52,-1322.6,281.98
shot_0163,1808.5914,165.23,-1309.03,296.18
shot_0163,1808.5995,174.26,-1276.05,329.46
shot_0163,1808.6075,179.67,-1256.34,346.34
shot_0163,1808.6156,185.79,-1230.33,368.84
shot_0163,1808.6236,192.04,-1203.11,393.22
shot_0163,1808.6316,199.36,-1178.57,413.35
shot_0163,1808.6397,205.64,-1148.41,439.09
shot_0163,1808.6477,212.7,-1123.67,458.3
shot_0163,1808.6558,217.03,-1095.29,480.15
shot_0163,1808.6638,222.74,-1074.31,495.32
shot_0163,1808.6718,229.58,-1050.72,511.49
shot_0163,1808.6799,234.2,-1025.22,531.91
shot_0163,1808.6879,238.72,-993.96,553.27
shot_0163,1808.696,244.67,-970.17,566.84
shot_0163,1808.704,250.73,-954.33,574.54
shot_0163,1808.712,255.56,-924.69,592.67
shot_0163,1808.7201,259.86,-900.79,605.11
shot_0163,1808.7281,265.35,-876.25,619.27
shot_0163,1808.7362,270.3,-853.25,629.76
shot_0163,1808.7442,275.21,-828.21,641.11
shot_0163,1808.7522,279.41,-803.35,652.24
shot_0163,1808.7603,284.24,-779.2,662.49
shot_0163,1808.7683,288.71,-758.35,668.29
shot_0163,1808.7764,293.22,-732.14,679.49
shot_0163,1808.7844,297.09,-709.76,685.4
shot_0163,1808.7924,300.37,-683.63,695.42
shot_0163,1808.8005,305.53,-662.51,697.2
shot_0163,1808.8085,308.96,-639.36,703.81
shot_0163,1808.8166,312.45,-616.44,707.85
shot_0163,1808.8246,315.98,-592.58,712.99
shot_0163,1808.8326,319.64,-568.92,716.76
shot_0163,1808.8407,323.08,-545.91,719.29
shot_0163,1808.8487,326.49,-521.95,721.4
shot_0163,1808.8568,329.43,-500.05,722.47
shot_0163,1808.8648,333.33,-477.75,721.22
shot_0163,1808.8728,336.6,-454.36,723.46
shot_0163,1808.8809,339.5,-432.39,721.39
shot_0163,1808.8889,342.86,-409.92,719.09
shot_0163,1808.897,345.97,-387.41,715.81
shot_0163,1808.905,349.15,-364.82,713.77
shot_0163,1808.913,351.49,-342.94,710.06
shot_0163,1808.9211,354.09,-320.19,707.43
shot_0163,1808.9291,357.14,-298.76,700.43
shot_0163,1808.9372,360.03,-277.02,693.6
shot_0163,1808.9452,362.81,-254.6,688.29
shot_0163,1808.9532,365.62,-232.75,679.16
shot_0163,1808.9613,367.44,-210.63,673.86
shot_0163,1808.9693,370.09,-189.4,664.84
shot_0163,1808.9774,372.98,-168.12,654.75
shot_0163,1808.9854,375.02,-147.02,646.4
shot_0163,1808.9934,377.01,-125.57,636.52
shot_0163,1809.0015,379.17,-104.55,625.29
shot_0163,1809.0095,381.15,-84.28,614.15
shot_0163,1809.0176,383.5,-63.14,601.87
shot_0163,1809.0256,385.67,-42.98,587.9
shot_0163,1809.0336,387.1,-22.83,577.66
shot_0163,1809.0417,390.09,-2.18,558.48
shot_0163,1809.0497,391.69,17.7,548.64
shot_0163,1809.0578,393.12,37.27,531.04
shot_0163,1809.0658,395.25,57.01,516.64
shot_0163,1809.0738,397.33,76.13,499.9
shot_0163,1809.0819,398.96,96.06,482.07
shot_0163,1809.0899,401.11,115.09,464.45
shot_0163,1809.098,403.04,133.34,448.72
shot_0163,1809.106,405.24,152.36,427.74
shot_0163,1809.1221,408.44,189.06,389.41
shot_0163,1809.1301,410.67,207.57,368.04
shot_0163,1809.1382,412.44,226.22,347.15
shot_0163,1809.1462,414.33,244.5,324.96
shot_0163,1809.1542,415.64,260.93,303.93
shot_0163,1809.1623,418.21,280.13,277.32
shot_0163,1809.1703,419.39,296.34,256.26
shot_0163,1809.1784,420.23,312.0,239.11
shot_0163,1809.1864,422.53,330.16,209.87
shot_0163,1809.1944,424.65,347.75,183.16
shot_0163,1809.2025,426.64,364.9,154.66
shot_0163,1809.2105,427.49,380.95,132.48
shot_0163,1809.2186,429.7,397.94,102.49
shot_0163,1809.2266,431.49,413.33,80.79
shot_0163,1809.2346,434.07,431.09,43.33
shot_0163,1809.2427,433.61,442.21,28.61
shot_0163,1809.2507,435.67,461.66,25.92
shot_0163,1809.2588,436.2,478.66,53.46
shot_0163,1809.2668,437.55,499.97,68.64
shot_0163,1809.2748,435.36,516.71,95.39
shot_0163,1809.2909,435.7,548.76,149.92
shot_0163,1809.299,437.64,571.43,162.8
shot_0163,1809.307,438.38,591.14,177.72
shot_0163,1809.315,436.12,604.33,206.66
shot_0163,1809.3231,436.91,623.01,222.39
shot_0163,1809.3311,434.08,637.72,246.75
shot_0163,1809.3392,433.85,656.2,261.6
shot_0163,1809.3472,434.14,675.59,274.42
shot_0163,1809.3552,432.79,691.1,295.21
shot_0163,1809.3633,432.11,708.69,310.67
shot_0163,1809.3713,430.95,725.05,327.22
shot_0163,1809.3794,429.52,742.67,339.2
shot_0163,1809.3874,428.82,760.81,350.45
shot_0163,1809.3954,428.06,776.08,364.22
shot_0163,1809.4035,427.28,794.28,375.69
shot_0163,1809.4115,423.73,809.39,390.33
shot_0163,1809.4196,423.57,827.62,398.04
shot_0163,1809.4276,423.72,847.7,402.89
shot_0163,1809.4357,421.11,861.25,415.53
shot_0163,1809.4437,418.77,875.84,425.44
shot_0163,1809.4517,418.45,896.38,427.57
shot_0163,1809.4598,416.62,911.11,435.85
shot_0163,1809.4678,415.04,929.74,440.18
shot_0163,1809.4759,412.1,944.74,447.08
shot_0163,1809.4839,410.8,961.25,452.03
shot_0163,1809.4919,408.07,972.9,458.26
shot_0163,1809.5,407.56,991.94,459.53
shot_0163,1809.508,405.12,1007.84,464.51
shot_0163,1809.5161,403.89,1024.99,463.55
shot_0163,1809.5241,400.99,1041.18,466.36
shot_0163,1809.5321,398.43,1055.21,471.19
shot_0163,1809.5402,397.07,1072.03,471.85
shot_0163,1809.5482,394.56,1083.79,474.98
shot_0163,1809.5563,392.61,1099.9,473.61
shot_0163,1809.5723,387.3,1128.86,474.2
shot_0163,1809.5804,387.29,1149.37,466.98
shot_0163,1809.5884,384.01,1160.95,470.28
shot_0163,1809.5965,380.51,1175.31,467.3
shot_0163,1809.6045,378.98,1196.44,461.53
shot_0164,1809.6206,373.85,1216.58,456.96
shot_0164,1809.6286,378.93,1178.59,453.8
shot_0164,1809.6367,385.19,1135.1,448.71
shot_0164,1809.6447,391.14,1089.46,446.99
shot_0164,1809.6527,398.26,1042.11,446.7
shot_0164,1809.6608,405.56,1001.86,443.61
shot_0164,1809.6688,412.21,954.85,443.11
shot_0164,1809.6769,420.07,910.47,441.37
shot_0164,1809.6849,425.16,864.87,441.46
shot_0164,1809.6929,432.37,822.07,436.36
shot_0164,1809.701,437.19,775.54,437.58
shot_0164,1809.709,442.39,729.66,434.88
shot_0164,1809.7171,448.16,685.39,429.4
shot_0164,1809.7251,453.41,644.62,422.0
shot_0164,1809.7412,465.03,560.34,404.11
shot_0164,1809.7492,470.33,519.8,395.47
shot_0164,1809.7573,472.63,475.64,389.33
shot_0164,1809.7653,477.56,435.08,380.37
shot_0164,1809.7733,482.56,394.92,366.04
shot_0164,1809.7814,487.04,354.77,353.12
shot_0164,1809.7894,489.35,313.41,345.13
shot_0164,1809.7975,493.67,274.01,328.17
shot_0164,1809.8055,499.14,235.1,309.7
shot_0164,1809.8135,500.91,194.71,303.13
shot_0164,1809.8216,505.81,156.71,281.63
shot_0164,1809.8296,508.68,116.93,265.62
shot_0164,1809.8377,511.73,78.16,252.32
shot_0164,1809.8457,514.55,38.17,235.47
shot_0164,1809.8537,519.16,-0.08,207.88
shot_0164,1809.8618,519.02,-38.66,196.69
shot_0164,1809.8698,522.52,-75.28,177.44
shot_0164,1809.8779,525.16,-113.09,153.79
shot_0164,1809.8859,526.95,-149.63,137.92
shot_0164,1809.8939,528.0,-186.58,117.64
shot_0164,1809.902,529.13,-221.87,99.85
shot_0164,1809.91,531.99,-257.57,74.02
shot_0164,1809.9181,534.67,-294.39,45.82
shot_0164,1809.9261,533.82,-328.06,35.04
shot_0164,1809.9341,538.58,-360.17,41.22
shot_0164,1809.9422,541.59,-388.97,66.51
shot_0164,1809.9502,545.2,-418.85,87.37
shot_0164,1809.9583,547.71,-448.16,109.64
shot_0164,1809.9663,551.43,-477.26,128.34
shot_0164,1809.9743,552.51,-502.83,154.99
shot_0164,1809.9824,557.08,-533.59,168.36
shot_0164,1809.9904,559.43,-562.03,188.43
shot_0164,1809.9985,562.32,-590.81,203.72
shot_0164,1810.0065,563.48,-617.59,225.57
shot_0164,1810.0145,565.74,-644.92,241.49
shot_0164,1810.0226,568.9,-676.68,250.93
shot_0164,1810.0306,568.88,-700.25,275.63
shot_0164,1810.0387,571.3,-726.74,290.37
shot_0164,1810.0467,569.95,-750.35,310.38
shot_0164,1810.0547,574.9,-784.54,311.53
shot_0164,1810.0628,575.97,-809.32,325.8
shot_0164,1810.0708,578.8,-837.92,334.19
shot_0164,1810.0789,578.31,-861.08,349.76
shot_0164,1810.0869,580.52,-890.02,357.89
shot_0164,1810.0949,580.29,-915.12,367.03
shot_0164,1810.103,582.61,-940.94,374.27
shot_0164,1810.111,582.42,-965.27,384.87
shot_0164,1810.1191,586.0,-1000.77,380.46
shot_0164,1810.1271,585.3,-1021.06,391.08
shot_0164,1810.1351,587.0,-1050.99,393.05
shot_0164,1810.1432,587.9,-1075.79,395.75
shot_0164,1810.1512,588.18,-1099.81,400.35
shot_0164,1810.1593,588.61,-1127.64,399.73
shot_0164,1810.1673,588.8,-1151.68,404.2
shot_0164,1810.1753,590.19,-1175.19,405.26
shot_0164,1810.1834,588.37,-1200.86,407.31
shot_0164,1810.1995,589.46,-1247.66,408.41
shot_0164,1810.2075,592.22,-1272.95,406.65
shot_0164,1810.2155,593.55,-1305.76,397.29
shot_0164,1810.2236,589.65,-1324.04,403.09
shot_0164,1810.2316,591.83,-1346.93,399.44
shot_0164,1810.2397,591.9,-1374.97,391.56
shot_0164,1810.2557,587.37,-1410.83,393.08
shot_0164,1810.2638,589.21,-1444.11,382.8
shot_0164,1810.2718,586.09,-1456.28,387.63
shot_0164,1810.2799,584.74,-1479.49,380.7
shot_0164,1810.2879,589.0,-1521.35,360.72
shot_0165,1821.3028,-398.88,1341.24,328.57
shot_0165,1821.3108,-395.88,1319.38,328.43
shot_0165,1821.3189,-387.42,1281.65,344.98
shot_0165,1821.3349,-371.22,1195.26,374.52
shot_0165,1821.343,-365.26,1161.74,381.6
shot_0165,1821.351,-355.67,1121.53,398.8
shot_0165,1821.3591,-348.64,1089.76,404.56
shot_0165,1821.3671,-340.85,1049.7,417.21
shot_0165,1821.3751,-333.38,1013.53,427.76
shot_0165,1821.3832,-325.58,973.77,438.77
shot_0165,1821.3912,-319.44,939.03,441.08
shot_0165,1821.3993,-311.04,896.81,453.81
shot_0165,1821.4073,-303.95,860.0,460.26
shot_0165,1821.4153,-297.39,823.75,466.29
shot_0165,1821.4234,-290.5,783.18,474.5
shot_0165,1821.4314,-281.03,744.36,483.76
shot_0165,1821.4395,-276.27,705.52,486.89
shot_0165,1821.4475,-269.84,671.29,488.27
shot_0165,1821.4555,-264.03,634.03,491.34
shot_0165,1821.4636,-255.83,593.13,498.07
shot_0165,1821.4716,-251.92,563.0,493.41
shot_0165,1821.4797,-243.44,521.55,500.08
shot_0165,1821.4877,-239.65,489.48,493.0
shot_0165,1821.4957,-231.81,451.83,496.0
shot_0165,1821.5038,-227.39,416.7,491.81
shot_0165,1821.5118,-221.49,381.0,491.43
shot_0165,1821.5199,-215.93,344.31,486.64
shot_0165,1821.5279,-212.48,312.25,478.5
shot_0165,1821.5359,-206.81,277.77,475.54
shot_0165,1821.544,-199.96,242.95,473.58
shot_0165,1821.552,-196.49,207.95,464.11
shot_0165,1821.5601,-191.92,175.21,454.86
shot_0165,1821.5681,-186.36,139.63,449.54
shot_0165,1821.5761,-182.85,107.38,438.04
shot_0165,1821.5842,-177.4,70.49,429.99
shot_0165,1821.5922,-173.67,38.81,415.92
shot_0165,1821.6003,-169.44,5.87,404.52
shot_0165,1821.6083,-164.86,-27.69,393.42
shot_0165,1821.6163,-161.34,-59.57,382.92
shot_0165,1821.6244,-155.34,-92.44,373.82
shot_0165,1821.6324,-152.72,-126.34,353.48
shot_0165,1821.6405,-148.43,-157.56,341.46
shot_0165,1821.6485,-144.59,-190.12,325.56
shot_0165,1821.6565,-141.11,-220.78,308.21
shot_0165,1821.6646,-137.24,-253.34,292.11
shot_0165,1821.6726,-133.98,-283.85,278.9
shot_0165,1821.6807,-131.34,-315.18,257.89
shot_0165,1821.6887,-127.73,-347.91,235.68
shot_0165,1821.6967,-124.6,-377.77,217.73
shot_0165,1821.7048,-122.08,-407.83,194.76
shot_0165,1821.7128,-118.99,-437.73,176.02
shot_0165,1821.7209,-116.38,-467.32,151.44
shot_0165,1821.7289,-113.65,-500.2,129.24
shot_0165,1821.7369,-111.24,-527.18,106.95
shot_0165,1821.745,-108.59,-559.98,78.32
shot_0165,1821.753,-104.77,-583.79,66.99
shot_0165,1821.7611,-100.1,-613.13,80.96
shot_0165,1821.7691,-92.68,-634.27,115.25
shot_0165,1821.7772,-90.38,-666.23,120.26
shot_0165,1821.7852,-82.81,-686.45,153.58
shot_0165,1821.7932,-79.51,-716.46,165.6
shot_0165,1821.8013,-73.94,-740.14,183.91
shot_0165,1821.8093,-68.07,-764.51,201.25
shot_0165,1821.8174,-64.92,-788.15,222.44
shot_0165,1821.8254,-59.68,-810.2,240.16
shot_0165,1821.8334,-55.37,-838.94,253.55
shot_0165,1821.8415,-50.51,-862.0,270.21
shot_0165,1821.8495,-46.24,-889.78,278.05
shot_0165,1821.8576,-42.44,-912.47,294.16
shot_0165,1821.8656,-37.45,-934.79,309.23
shot_0165,1821.8736,-33.2,-961.94,317.0
shot_0165,1821.8817,-29.75,-990.2,323.73
shot_0165,1821.8897,-25.14,-1010.66,339.07
shot_0165,1821.8978,-21.3,-1037.72,344.32
shot_0165,1821.9058,-17.54,-1060.66,354.05
shot_0165,1821.9138,-13.52,-1083.07,364.96
shot_0165,1821.9219,-10.09,-1099.7,378.17
shot_0165,1821.9299,-5.47,-1123.9,383.63
shot_0165,1821.938,-2.97,-1147.48,389.37
shot_0165,1821.946,0.39,-1175.89,386.16
shot_0165,1821.954,4.88,-1194.45,395.85
shot_0165,1821.9621,6.62,-1222.07,393.84
shot_0165,1821.9701,11.0,-1245.39,396.34
shot_0165,1821.9782,13.46,-1270.53,398.12
shot_0165,1821.9862,16.93,-1289.99,399.82
shot_0165,1821.9942,20.13,-1318.56,397.16
shot_0165,1822.0023,22.98,-1338.53,398.75
shot_0165,1822.0103,27.8,-1357.96,401.18
shot_0165,1822.0184,29.0,-1386.01,395.91
shot_0165,1822.0264,31.08,-1410.11,393.39
shot_0165,1822.0344,33.53,-1423.05,394.78
shot_0165,1822.0425,36.31,-1448.74,393.48
shot_0165,1822.0505,38.44,-1476.91,383.44
shot_0165,1822.0586,41.94,-1496.71,378.84
shot_0166,1823.3048,-234.92,1661.14,131.31
shot_0166,1823.3128,-234.61,1634.93,133.92
shot_0166,1823.3208,-228.0,1587.32,149.95
shot_0166,1823.3289,-222.67,1547.77,165.55
shot_0166,1823.3369,-218.6,1498.93,180.67
shot_0166,1823.345,-214.55,1459.39,194.77
shot_0166,1823.353,-206.46,1412.14,214.78
shot_0166,1823.3691,-198.14,1322.72,233.08
shot_0166,1823.3771,-189.85,1277.35,248.76
shot_0166,1823.3852,-187.52,1236.56,257.35
shot_0166,1823.3932,-182.88,1199.93,265.21
shot_0166,1823.4012,-175.69,1155.72,279.24
shot_0166,1823.4093,-170.44,1110.22,293.17
shot_0166,1823.4173,-165.6,1066.75,299.5
shot_0166,1823.4254,-159.13,1023.05,309.99
shot_0166,1823.4334,-155.15,983.62,311.93
shot_0166,1823.4414,-149.41,939.79,322.85
shot_0166,1823.4495,-143.25,894.05,329.68
shot_0166,1823.4575,-139.23,851.55,333.25
shot_0166,1823.4656,-132.76,809.53,341.99
shot_0166,1823.4736,-128.1,764.14,350.0
shot_0166,1823.4816,-124.51,729.87,341.24
shot_0166,1823.4897,-119.58,685.96,345.67
shot_0166,1823.4977,-114.17,644.09,351.91
shot_0166,1823.5058,-107.95,600.82,353.62
shot_0166,1823.5138,-104.08,563.72,350.99
shot_0166,1823.5218,-99.38,522.75,351.51
shot_0166,1823.5299,-94.57,483.14,351.36
shot_0166,1823.5379,-90.7,448.92,343.03
shot_0166,1823.546,-86.5,407.92,338.01
shot_0166,1823.554,-82.66,369.62,336.2
shot_0166,1823.562,-77.98,327.98,330.76
shot_0166,1823.5701,-73.63,292.15,323.48
shot_0166,1823.5781,-68.47,253.1,321.05
shot_0166,1823.5862,-62.67,213.85,313.22
shot_0166,1823.5942,-58.77,175.62,314.16
shot_0166,1823.6022,-55.11,141.41,296.73
shot_0166,1823.6103,-52.55,103.29,283.94
shot_0166,1823.6183,-48.03,65.41,276.45
shot_0166,1823.6264,-43.19,29.22,268.83
shot_0166,1823.6344,-39.05,-7.61,254.56
shot_0166,1823.6424,-35.11,-43.41,236.72
shot_0166,1823.6505,-30.43,-78.98,233.42
shot_0166,1823.6585,-26.88,-113.66,214.58
shot_0166,1823.6666,-22.87,-150.92,195.85
shot_0166,1823.6746,-18.22,-184.95,186.96
shot_0166,1823.6826,-14.5,-219.8,172.87
shot_0166,1823.6907,-11.14,-254.59,154.8
shot_0166,1823.6987,-6.65,-287.89,142.48
shot_0166,1823.7068,-3.75,-322.53,119.52
shot_0166,1823.7148,0.24,-356.33,105.95
shot_0166,1823.7228,4.69,-392.8,82.34
shot_0166,1823.7309,8.95,-424.88,63.01
shot_0166,1823.7389,15.02,-456.55,69.99
shot_0166,1823.747,22.4,-489.3,86.32
shot_0166,1823.755,31.26,-520.38,105.9
shot_0166,1823.763,37.65,-551.48,119.97
shot_0166,1823.7711,45.75,-583.94,134.48
shot_0166,1823.7791,52.4,-615.23,149.03
shot_0166,1823.7872,60.15,-648.31,158.04
shot_0166,1823.7952,68.13,-679.61,173.53
shot_0166,1823.8032,76.0,-709.14,189.45
shot_0166,1823.8113,84.11,-739.85,195.98
shot_0166,1823.8193,91.9,-769.4,211.42
shot_0166,1823.8274,99.83,-800.96,217.18
shot_0166,1823.8354,106.83,-834.53,219.01
shot_0166,1823.8434,114.3,-860.01,235.48
shot_0166,1823.8515,121.32,-891.74,239.65
shot_0166,1823.8595,129.36,-922.22,248.43
shot_0166,1823.8676,135.46,-952.42,252.89
shot_0166,1823.8756,143.53,-984.14,255.01
shot_0166,1823.8836,150.55,-1010.77,261.54
shot_0166,1823.8917,158.67,-1042.73,262.56
shot_0166,1823.8997,164.91,-1069.91,267.49
shot_0166,1823.9078,171.58,-1093.63,273.36
shot_0166,1823.9158,178.2,-1126.33,271.28
shot_0166,1823.9238,185.4,-1151.26,276.73
shot_0166,1823.9319,192.22,-1177.63,277.64
shot_0166,1823.9399,199.27,-1215.52,268.68
shot_0166,1823.948,204.91,-1228.15,279.13
shot_0166,1823.956,212.46,-1259.73,273.67
shot_0166,1823.964,220.44,-1295.83,261.76
shot_0166,1823.9721,225.65,-1317.0,262.16
shot_0166,1823.9801,233.02,-1348.46,253.0
shot_0166,1823.9882,238.92,-1373.85,248.97
shot_0166,1823.9962,244.84,-1403.93,240.17
shot_0166,1824.0042,250.92,-1418.43,245.37
shot_0166,1824.0123,256.92,-1451.95,231.02
shot_0166,1824.0203,262.08,-1470.09,232.05
shot_0166,1824.0284,268.8,-1496.08,223.79
shot_0166,1824.0364,276.6,-1525.57,213.2
shot_0166,1824.0444,281.92,-1559.71,199.4
shot_0166,1824.0525,287.23,-1588.62,182.15
shot_0166,1824.0605,292.93,-1593.74,191.2
shot_0166,1824.0686,298.73,-1624.97,170.55
shot_0166,1824.0766,304.09,-1648.78,157.85
shot_0166,1824.0846,310.0,-1683.14,139.27
shot_0166,1824.0927,315.1,-1695.02,136.87
